,vm_pu,name,vn_kv,type
0,0.9514777597612893,cubicle44692,11.0,b
1,0.9992718614434921,node23009517,11.0,b
2,0.9677038251596318,cubicle34905,11.0,b
3,0.9514777737012875,cn-cable3338924-t2,11.0,b
4,0.9544772821671624,cn-cable3336386-t2,11.0,b
5,0.9819234932105376,cubicle77077,11.0,b
6,0.9514778380299104,node70366883,11.0,b
7,0.9677038304683084,cubicle46270,11.0,b
8,0.9514778348126375,node84625589,11.0,b
9,0.9995536727028506,cn-busbar87065-t2,11.0,b
10,0.9514777970823457,cn-cable3338140-t2,11.0,b
11,0.954477249257399,cn-cable3336350-t2,11.0,b
12,0.9672543720060659,cn-cable3338488-t2,11.0,b
13,0.9514777310985327,node71578342,11.0,b
14,0.9672543872576477,node67194728,11.0,b
15,0.998446283552517,cn-busbar85065-t2,11.0,b
16,0.951477764287202,cubicle40258,11.0,b
17,0.9885589299574438,node67831068,11.0,b
18,0.9980275926366866,node84338613,11.0,b
19,0.9672544168081924,node57577398,11.0,b
20,0.9514778026248112,node23032596,11.0,b
21,0.9677038403677449,node101118603,11.0,b
22,0.9514777589382799,node71579154,11.0,b
23,0.9544772839454602,node69935686,11.0,b
24,0.9544772044899532,node69936064,11.0,b
25,0.9885589534260394,node71243238,11.0,b
26,0.9514777596320168,cn-cable3338903-t2,11.0,b
27,0.9979883857372587,node23166608,11.0,b
28,0.9514777104623454,cubicle33471,11.0,b
29,0.9544772316764234,cn-cable3336711-t2,11.0,b
30,0.9672544361352656,node57577382,11.0,b
31,0.9677038450670976,node23319268,11.0,b
32,,node29539535,11.0,b
33,0.967254387999225,cn-cable3338686-t2,11.0,b
34,0.9993467023384571,cn-busbar87095-t2,11.0,b
35,0.967254374679793,node101117404,11.0,b
36,0.9544772925479881,node69935711,11.0,b
37,0.9819235006614931,node153774208,11.0,b
38,0.9885589070795857,cn-cable3341625-t2,11.0,b
39,0.9544771947762648,cubicle68128,11.0,b
40,0.9514777121833035,cubicle39128,11.0,b
41,0.9672543909466832,cubicle44233,11.0,b
42,0.9544772947114507,node69935742,11.0,b
43,0.9544772111932059,node69936246,11.0,b
44,0.9514777704660738,node67193396,11.0,b
45,0.954477203122085,cn-cable3336381-t2,11.0,b
46,0.9544772499392373,cubicle43784,11.0,b
47,0.9672544232505502,node57577381,11.0,b
48,0.9819235137346972,cn-cable3256246-t2,11.0,b
49,0.9544772989888087,cn-geo_schematic_cable22427-t1,11.0,b
50,0.9514777802310166,cn-cable3339094-t2,11.0,b
51,0.9544772123030112,cn-cable3336359-t2,11.0,b
52,0.981923527768709,cn-geo_schematic_cable23100-t1,11.0,b
53,0.9544772942692133,cubicle38103,11.0,b
54,,node29539599,11.0,b
55,0.9672543768200477,node67195826,11.0,b
56,0.9819235066473911,cubicle77073,11.0,b
57,0.954477195757092,node22958791,11.0,b
58,0.9514777993823963,node71578497,11.0,b
59,0.9819234937737721,cubicle97112,11.0,b
60,0.9978799589033366,node23427399,11.0,b
61,0.9677038491672041,node69877101,11.0,b
62,0.9514777561304387,cubicle42428,11.0,b
63,0.954477204264829,cubicle44837,11.0,b
64,0.9672543816668778,node67194544,11.0,b
65,0.967254401140804,cn-cable3338665-t2,11.0,b
66,0.9819235136093905,node245104988,11.0,b
67,0.9981453393780869,node24502843,11.0,b
68,0.954477232951094,cn-cable3336714-t2,11.0,b
69,,node29539546,11.0,b
70,0.9514777764355484,cubicle35620,11.0,b
71,0.997726222124228,node24039692,11.0,b
72,0.967703866664975,node74598367,11.0,b
73,0.9514777838247596,node23019771,11.0,b
74,0.9544772346759747,cn-cable3336716-t2,11.0,b
75,0.9990955938792857,node29539823,11.0,b
76,0.9514777841581876,cn-cable3338201-t2,11.0,b
77,0.9672543912152666,cn-cable3338740-t2,11.0,b
78,0.9514777535276436,node67193282,11.0,b
79,0.9514777936705945,node67193200,11.0,b
80,0.9514777689017172,cubicle35614,11.0,b
81,0.951477798672718,cn-simulated23032596_100931-t2,11.0,b
82,0.9544772132086442,cubicle49345,11.0,b
83,0.9819235067568073,node36726543,11.0,b
84,0.9544772887314306,node22985154,11.0,b
85,0.9677038277402286,node65782830,11.0,b
86,0.9677038535951723,cubicle45120,11.0,b
87,0.9514777852839833,cn-cable3338204-t2,11.0,b
88,0.9672544078362731,cn-cable3338474-t2,11.0,b
89,0.9992718614435656,cn-cable1201724-t2,11.0,b
90,0.9677038391735476,cn-cable3338859-t2,11.0,b
91,0.9995039643016539,cn-geo_schematic_cable25611-t1,11.0,b
92,0.9885589234294406,node67831042,11.0,b
93,0.9677038322470272,node65782798,11.0,b
94,0.9677038617799392,node59740707,11.0,b
95,0.9672543814447272,cubicle36297,11.0,b
96,0.9514777936942489,cubicle37892,11.0,b
97,0.9514777845736119,cubicle33467,11.0,b
98,0.9885589097227836,cubicle41037,11.0,b
99,0.9885589292382968,cubicle46713,11.0,b
100,0.9514777510230626,cn-cable3338148-t2,11.0,b
101,0.967703829039087,cubicle102861,11.0,b
102,0.9514777811081676,node67193624,11.0,b
103,0.9514777856947397,cn-geo_schematic_cable27524-t2,11.0,b
104,0.9672543697812638,cubicle69503,11.0,b
105,0.9995039643016538,cn-geo_schematic_cable380329-t1,11.0,b
106,0.9514777532997946,cn-cable3338181-t2,11.0,b
107,0.951477747522102,node102021130,11.0,b
108,0.9672543746797925,cubicle69500,11.0,b
109,0.9544772333070368,node69935372,11.0,b
110,0.9514778207033523,cn-geo_schematic_cable1841-t2,11.0,b
111,0.9514777550417979,cn-cable3338172-t2,11.0,b
112,0.9544772039683289,cubicle45981,11.0,b
113,0.9991452684195821,node29539706,11.0,b
114,0.954477210831675,cn-cable3336363-t2,11.0,b
115,0.9819234984295225,node79636605,11.0,b
116,0.9514777303672293,cn-cable3338913-t2,11.0,b
117,0.9514777601459621,node71578449,11.0,b
118,0.9980275926366866,node84338515,11.0,b
119,0.9672544101436866,node57577378,11.0,b
120,0.967254370503465,cn-cable3338487-t2,11.0,b
121,0.9672543881297228,cubicle46861,11.0,b
122,0.9514777687888002,cn-cable3338932-t2,11.0,b
123,0.9885589094774766,cubicle38771,11.0,b
124,0.9544772581815807,node69935532,11.0,b
125,0.9514777974852805,node71579238,11.0,b
126,0.9514777905854557,node71578696,11.0,b
127,0.954477216680336,node69936152,11.0,b
128,0.9677038389963114,cubicle47400,11.0,b
129,0.9514777142080372,cn-cable3338864-t2,11.0,b
130,0.9514777955639856,cn-cable3339037-t2,11.0,b
131,0.9514777803439336,cubicle41398,11.0,b
132,0.9984841314950184,node161553390,11.0,b
133,0.9819235097225557,node101116406,11.0,b
134,0.9514777680996295,cn-cable3338930-t2,11.0,b
135,0.9979893778399828,node23506966,11.0,b
136,0.9514777647388694,node67193326,11.0,b
137,0.9993467152494387,cn-simulated23058287_112903-t2,11.0,b
138,0.9672543797555886,node22373296,11.0,b
139,0.9885589294097964,cubicle47839,11.0,b
140,0.9819235195625214,node59312998,11.0,b
141,0.9514777143209541,cubicle50467,11.0,b
142,0.9984841314950184,cn-busbar355175-t2,11.0,b
143,0.9544772122423985,cubicle33447,11.0,b
144,0.9514778382579966,node70361087,11.0,b
145,0.9672543982439233,cn-cable3338662-t2,11.0,b
146,0.9672543706316181,cubicle69502,11.0,b
147,0.9514777990465609,cubicle49322,11.0,b
148,0.951477798672718,cn-cable1236568-t1,11.0,b
149,0.9514777479588276,cn-cable3338151-t2,11.0,b
150,0.9987528439985979,node23065974,11.0,b
151,0.9514777851301539,node57578106,11.0,b
152,0.9672543695510049,cubicle69504,11.0,b
153,0.9544772497892688,node69935902,11.0,b
154,0.9514777681113,node71578957,11.0,b
155,0.951477747522102,node67193541,11.0,b
156,0.9544772505983286,node69935554,11.0,b
157,0.9544772124544724,cubicle34591,11.0,b
158,0.9544772571319461,cubicle46068,11.0,b
159,0.9544772931355805,node58449876,11.0,b
160,0.9514777841799104,cn-cable3338200-t2,11.0,b
161,0.9885589126571827,node60264081,11.0,b
162,0.9885589296313998,cubicle33092,11.0,b
163,0.951477799972175,node71578611,11.0,b
164,0.9672543772643486,node67195828,11.0,b
165,0.9514777151967228,cn-cable3338868-t2,11.0,b
166,0.9544772269560952,cubicle48221,11.0,b
167,0.9544772881828494,cn-geo_schematic_cable22431-t1,11.0,b
168,0.9514777480840548,cubicle36854,11.0,b
169,0.9514777942886662,node23220059,11.0,b
170,0.9819235004293582,cn-cable3338285-t2,11.0,b
171,0.9514777691275511,node71578941,11.0,b
172,0.9514777469575174,cubicle35717,11.0,b
173,0.9544772107609003,cubicle41419,11.0,b
174,0.9672544064782075,node74192384,11.0,b
175,0.9819234901395771,cubicle110989,11.0,b
176,0.998752843998698,cn-cable2122107-t2,11.0,b
177,0.9989276280143657,node84230727,11.0,b
178,0.9819235150764661,node61343056,11.0,b
179,0.9514777308486174,cubicle34606,11.0,b
180,0.9514777854037795,cubicle42552,11.0,b
181,0.951477751153414,cubicle35723,11.0,b
182,0.9995039643016542,node59607016,11.0,b
183,0.951477794959992,node100121487,11.0,b
184,0.9544772329282847,cn-cable3336353-t2,11.0,b
185,0.9514777879530777,node59739651,11.0,b
186,0.9672543846763444,node67195367,11.0,b
187,0.9995536727132079,cn-busbar87061-t2,11.0,b
188,0.9514777573374045,cubicle44807,11.0,b
189,0.9672543911688337,node67195581,11.0,b
190,0.9979883857372744,cn-cable1142178-t2,11.0,b
191,0.9885589570587863,node23015020,11.0,b
192,0.9544772823404536,cubicle39162,11.0,b
193,0.9677038449063718,cn-cable3338852-t2,11.0,b
194,0.9544772461104889,cubicle41535,11.0,b
195,0.9544772334415849,node69935927,11.0,b
196,0.999297001529284,cn-busbar251728-t2,11.0,b
197,0.9672543912071483,cn-cable3338741-t2,11.0,b
198,0.9819235010481814,node101116139,11.0,b
199,0.9514777568596854,cn-cable3338996-t2,11.0,b
200,0.9514778373505506,cn-cable3295683-t1,11.0,b
201,0.9995039643016538,cn-geo_schematic_cable380327-t2,11.0,b
202,0.954477223128985,node69936141,11.0,b
203,0.9544772575999959,cn-cable3269444-t2,11.0,b
204,0.9514777930343392,node57578117,11.0,b
205,0.954477190894346,node23030576,11.0,b
206,0.9885589219154346,cn-cable3341620-t2,11.0,b
207,0.9544772577271028,cubicle49434,11.0,b
208,0.9514777680728189,cubicle40150,11.0,b
209,0.9980275926318013,cn-cable4304011-t1,11.0,b
210,0.9514777809238903,cn-cable3338936-t2,11.0,b
211,0.9885589146134479,node60264070,11.0,b
212,0.951477757482047,cn-cable3338952-t2,11.0,b
213,0.9672543911688338,node74191979,11.0,b
214,0.9981406594350043,node84142962,11.0,b
215,0.9989144827531244,cn-cable2937658-t1,11.0,b
216,0.9514777617572772,cn-cable3338997-t2,11.0,b
217,0.9672544084775597,node59740028,11.0,b
218,0.9990955938792861,node29539829,11.0,b
219,0.9514777992694794,cubicle42443,11.0,b
220,0.9672543721320879,cubicle69501,11.0,b
221,0.9514777103368337,cn-cable3338860-t2,11.0,b
222,,node29539518,11.0,b
223,,node29539569,11.0,b
224,0.9544772577291123,cubicle39241,11.0,b
225,0.9514777889110049,node67193139,11.0,b
226,0.9514777868035181,node35591462,11.0,b
227,0.9885589071882671,cubicle39895,11.0,b
228,0.9977262130032373,cn-busbar83733-t2,11.0,b
229,0.9672543821265596,node67195290,11.0,b
230,0.9544772109680818,cubicle40276,11.0,b
231,0.9819235131069791,node59283145,11.0,b
232,0.98192349344503,cn-cable3338289-t2,11.0,b
233,0.9672544079748813,cubicle40841,11.0,b
234,0.9514777858062687,node67193101,11.0,b
235,0.9544772459743891,cn-cable3269443-t2,11.0,b
236,0.9544772190540286,cubicle34619,11.0,b
237,0.951477710802456,node69936339,11.0,b
238,0.9819235136093905,node24153826,11.0,b
239,0.9677038410282252,node69877027,11.0,b
240,0.9514777574382957,cn-cable3338142-t2,11.0,b
241,0.9514777794843062,node57578105,11.0,b
242,0.9514777882824543,node67193147,11.0,b
243,0.951477755786518,cubicle44801,11.0,b
244,0.9983057476766211,node74092492,11.0,b
245,0.9544772837203359,cubicle48240,11.0,b
246,0.9819235016350957,cn-cable3304342-t1,11.0,b
247,0.9984987017760872,node23107373,11.0,b
248,,node29539460,11.0,b
249,0.9514777482839492,cubicle34603,11.0,b
250,0.967254381904409,cubicle43221,11.0,b
251,0.951477768325729,cubicle39022,11.0,b
252,0.9677038866492207,cn-geo_schematic_cable27949-t1,11.0,b
253,0.9514778234198183,node101119362,11.0,b
254,0.9514777905854557,node102518697,11.0,b
255,0.9514777572037647,cn-cable3338141-t2,11.0,b
256,0.9677038393450357,node23529726,11.0,b
257,0.9514777836594842,cn-cable3339030-t2,11.0,b
258,0.9514777435704619,cubicle43565,11.0,b
259,0.9984710116554972,node67195950,11.0,b
260,0.9514777434258256,cn-cable3338905-t2,11.0,b
261,0.951477712051729,cn-cable3338863-t2,11.0,b
262,0.9672544425776235,cn-geo_schematic_cable1690-t1,11.0,b
263,0.9514777270601981,node71578394,11.0,b
264,0.9672543913318095,cubicle50237,11.0,b
265,,node29539497,11.0,b
266,0.9998123761537521,node23148406,11.0,b
267,0.9672543783230169,cubicle37764,11.0,b
268,,node29539621,11.0,b
269,0.9672543932786919,cubicle47655,11.0,b
270,0.9514777679599018,cn-cable3338927-t2,11.0,b
271,0.9819234922927709,cubicle111148,11.0,b
272,0.9514777926906746,node100121528,11.0,b
273,0.9544772468444238,node69935461,11.0,b
274,0.9677038534480769,cn-cable3339126-t2,11.0,b
275,0.9544772318026782,cubicle50506,11.0,b
276,0.9514777576544761,cubicle45831,11.0,b
277,0.9998604019429103,cn-cable2122108-t2,11.0,b
278,0.967254380163056,cn-cable3338466-t2,11.0,b
279,0.9980275926366866,cn-busbar254942-t2,11.0,b
280,0.9984462968209178,node24046336,11.0,b
281,0.981923497593033,node36726535,11.0,b
282,0.967703855599016,node65782890,11.0,b
283,0.9819234895181653,cn-cable3713957-t2,11.0,b
284,0.9514777877082827,node67193128,11.0,b
285,0.951477730872699,cubicle33464,11.0,b
286,0.9989276280143659,node84230737,11.0,b
287,0.9980275926318001,node23378215,11.0,b
288,0.9677038402154413,cn-cable3338856-t2,11.0,b
289,0.98855891982518,node67830826,11.0,b
290,0.9514778518527576,cn-simulated84625474_202755-t1,11.0,b
291,0.9677038301352373,cn-cable3338220-t2,11.0,b
292,0.9677038701067081,node59740730,11.0,b
293,0.9514777684500505,cubicle37885,11.0,b
294,0.9514777662261387,cn-cable3339044-t2,11.0,b
295,0.9984841049270462,node161553353,11.0,b
296,0.9514777558258423,cn-cable3338957-t2,11.0,b
297,0.9672543781952517,cn-cable3338748-t2,11.0,b
298,0.9514777742046512,node71578873,11.0,b
299,0.9672544054785328,node57577377,11.0,b
300,0.9672543983697273,cubicle37426,11.0,b
301,0.9514777818555665,node151251899,11.0,b
302,0.9672543812766639,cubicle35158,11.0,b
303,0.9514777976189855,node71578846,11.0,b
304,0.9995537610230466,node23398575,11.0,b
305,0.9514777956930011,node23220058,11.0,b
306,0.9981406397932274,cn-busbar88081-t1,11.0,b
307,0.967703825381679,node69876850,11.0,b
308,0.9672543795334376,cubicle48772,11.0,b
309,0.9514777513023818,cubicle33460,11.0,b
310,0.9677038297377152,node65782807,11.0,b
311,0.954477261316749,cn-cable3336351-t2,11.0,b
312,0.9514777265164358,cn-cable3338908-t2,11.0,b
313,0.9544772502532772,node69935634,11.0,b
314,0.9514777557331902,cn-cable3338145-t2,11.0,b
315,0.9514777122990802,cubicle45948,11.0,b
316,0.9672544078514445,cn-cable3338475-t2,11.0,b
317,0.9984841182058587,node161553407,11.0,b
318,0.9978799591186689,cn-simulated23427399_210792-t1,11.0,b
319,0.9514777540918321,cubicle41409,11.0,b
320,0.9819235009141895,cn-cable3338283-t2,11.0,b
321,0.9514778228434426,cn-cable1115303-t1,11.0,b
322,0.9514777921964316,node73296175,11.0,b
323,0.9984841381395979,node161553384,11.0,b
324,0.967254395989641,node67195527,11.0,b
325,0.9514777600330451,cubicle39028,11.0,b
326,0.9514777572157826,node71579187,11.0,b
327,0.999346715249472,node84142412,11.0,b
328,0.9819235006338165,node23381694,11.0,b
329,0.9514778007274184,cn-cable1144520-t2,11.0,b
330,0.9672543749019422,node101117387,11.0,b
331,0.9514777541402677,cn-cable3338179-t2,11.0,b
332,0.9677038485439454,cubicle49635,11.0,b
333,0.9514777883953716,cubicle49329,11.0,b
334,0.9993467152494387,node23058287,11.0,b
335,0.9995537610126902,cn-cable1188760-t1,11.0,b
336,0.998794323027989,cn-cable1236610-t1,11.0,b
337,0.9544772322082803,node69935403,11.0,b
338,0.9990955938792815,node29539805,11.0,b
339,0.9514777702402399,cubicle41403,11.0,b
340,0.9677038667760036,node74598356,11.0,b
341,0.951477788124072,node67193148,11.0,b
342,0.9514777598961396,cn-cable3338919-t2,11.0,b
343,0.9677038362850541,cubicle40584,11.0,b
344,0.9677038616221606,cubicle46265,11.0,b
345,0.9819235066473911,cubicle77072,11.0,b
346,0.951477768212812,cn-cable3338926-t2,11.0,b
347,0.9983182238116627,cn-busbar84114-t2,11.0,b
348,0.9677038553769689,cubicle40579,11.0,b
349,0.9514777439451069,node71578408,11.0,b
350,0.9544772941322298,cn-cable3336327-t2,11.0,b
351,0.951477753303403,cn-cable3338180-t2,11.0,b
352,0.9677038532494006,cn-cable3338216-t2,11.0,b
353,0.9544772457266534,cn-cable3336708-t2,11.0,b
354,0.9819235095785773,cn-cable3338340-t2,11.0,b
355,0.9672543916065108,cubicle49109,11.0,b
356,0.981923500661494,node84625716,11.0,b
357,0.9672544146977633,cn-geo_schematic_cable14365-t2,11.0,b
358,0.9514777268343643,cubicle47097,11.0,b
359,0.9544772037769126,cn-cable3336380-t2,11.0,b
360,0.9514777766613822,node71579091,11.0,b
361,0.9514777155913149,cubicle44805,11.0,b
362,0.9885589198251803,cn-geo_schematic_cable36510-t2,11.0,b
363,0.9514778112726053,node57578109,11.0,b
364,0.9885589220241161,cubicle43298,11.0,b
365,0.9677038488049275,cn-cable3338259-t2,11.0,b
366,0.9544772164090587,cn-cable3336368-t2,11.0,b
367,0.9514777988610492,cn-cable3338902-t2,11.0,b
368,0.9514778013462757,cn-cable3339592-t2,11.0,b
369,0.9544772827851765,node60063915,11.0,b
370,0.967703844602007,node23319269,11.0,b
371,0.9514777763226314,cn-cable3338950-t2,11.0,b
372,0.9544771951406603,node22943850,11.0,b
373,0.967254376431019,cn-geo_schematic_cable1861-t2,11.0,b
374,0.9677038534169761,cubicle50763,11.0,b
375,0.9677038538172199,node69876678,11.0,b
376,0.9514777804410995,cn-cable3338921-t2,11.0,b
377,0.9672543980586111,cubicle39696,11.0,b
378,0.9514777806800978,cubicle45838,11.0,b
379,0.9677038313708847,node69876797,11.0,b
380,0.981923496231742,node79493030,11.0,b
381,0.9819234891785715,cubicle111147,11.0,b
382,0.9514777915568581,node71578708,11.0,b
383,0.9677038408061777,cubicle43985,11.0,b
384,0.9514777125249145,node69936372,11.0,b
385,0.9544772921906847,cn-cable3336729-t2,11.0,b
386,0.951477839888464,node84625509,11.0,b
387,0.981923496427452,cubicle77078,11.0,b
388,0.9514777908138686,node101119328,11.0,b
389,0.967254401490108,node67195503,11.0,b
390,0.9984841115405854,node161553431,11.0,b
391,0.9514777847994461,node67193045,11.0,b
392,0.9514777922795719,cn-cable3339049-t2,11.0,b
393,0.9514777764406954,cubicle36749,11.0,b
394,0.981923496427452,node36726527,11.0,b
395,0.9677038550390614,cubicle39443,11.0,b
396,0.9677038364315601,cubicle38311,11.0,b
397,0.9819235005520771,cubicle37985,11.0,b
398,0.9514777806079311,cubicle49220,11.0,b
399,0.9677038299542597,cn-cable3338222-t2,11.0,b
400,0.9672543787286514,node67195771,11.0,b
401,0.9978799587956704,cn-cable3338483-t2,11.0,b
402,0.9989847736827523,cn-cable1218152-t1,11.0,b
403,0.9672544124762634,node57577389,11.0,b
404,0.9514777581287263,node67193367,11.0,b
405,0.9885589227781909,cn-cable3341619-t2,11.0,b
406,0.9819234934293698,node36726501,11.0,b
407,0.9677038250081249,cubicle33777,11.0,b
408,0.9983821354472785,cn-cable1133130-t1,11.0,b
409,0.9514777585220641,cubicle33355,11.0,b
410,0.9514777854296322,cn-cable3338188-t2,11.0,b
411,0.9544772048122329,node69936009,11.0,b
412,0.9993470874747357,node141207713,11.0,b
413,0.951477790678872,cn-cable3339035-t2,11.0,b
414,0.9514777640613683,cubicle37996,11.0,b
415,0.9993467023177446,cn-busbar87086-t2,11.0,b
416,0.9990955938792841,node150179237,11.0,b
417,0.9993467152494712,node84142353,11.0,b
418,0.9819235195625214,node59312972,11.0,b
419,0.9672543817695534,cn-cable3338470-t2,11.0,b
420,0.9819234935549395,cubicle97111,11.0,b
421,0.951477756238186,node67193435,11.0,b
422,0.9983182303256651,node24069238,11.0,b
423,0.9514777866511102,cn-cable3339031-t2,11.0,b
424,0.9992970015292844,cn-busbar251728-t1,11.0,b
425,0.9514777563562726,node71579002,11.0,b
426,,node29539449,11.0,b
427,0.951477785581824,node57578118,11.0,b
428,0.9544772123419103,cn-cable3336362-t2,11.0,b
429,0.9514777558633448,cubicle43670,11.0,b
430,0.9980527240026049,cn-cable3397178-t1,11.0,b
431,0.9544772348066505,cubicle39191,11.0,b
432,0.9980275926366866,node84145216,11.0,b
433,0.9819235132139039,cn-cable3806606-t2,11.0,b
434,0.9672543819824383,cn-cable3338742-t2,11.0,b
435,0.9672543819792181,cn-cable3338744-t2,11.0,b
436,0.9514777541594531,cn-cable3338178-t2,11.0,b
437,0.954477216234718,cubicle38012,11.0,b
438,0.9544772130362704,node69936185,11.0,b
439,0.9819235170459528,node59312978,11.0,b
440,0.9677038274894005,cn-cable3339099-t2,11.0,b
441,0.9544772575881357,cubicle50571,11.0,b
442,0.9885589198251803,node60264186,11.0,b
443,0.9544772835427661,cn-cable3336402-t2,11.0,b
444,0.9514777669955313,node237087015,11.0,b
445,0.9514778012186306,cn-geo_schematic_cable69622-t1,11.0,b
446,0.9672543720033062,cn-cable3338489-t2,11.0,b
447,0.9672543979226401,cn-cable3338477-t2,11.0,b
448,0.9885589230582869,cn-cable3341611-t2,11.0,b
449,0.9544772827851765,cubicle38030,11.0,b
450,0.9819235006338156,node23226227,11.0,b
451,0.9993467152371116,cn-simulated23232416_101377-t2,11.0,b
452,0.9984210981724255,node23107372,11.0,b
453,0.9819235133233197,node153774263,11.0,b
454,0.9514777575669059,cubicle45950,11.0,b
455,0.9672543723542383,node67194656,11.0,b
456,0.9980275926366856,node84338536,11.0,b
457,0.9984841248504387,cn-busbar355174-t2,11.0,b
458,0.9975416687318761,cn-simulated103968671_324538-t1,11.0,b
459,0.9992970015292838,cn-busbar251726-t1,11.0,b
460,0.9885589465791154,cn-geo_schematic_cable233372-t1,11.0,b
461,0.9819235190154397,cn-geo_schematic_cable23106-t2,11.0,b
462,0.9514777141904723,cn-cable3338866-t2,11.0,b
463,0.954477249379816,cubicle49429,11.0,b
464,0.9993474037485953,node124410738,11.0,b
465,0.9992970015292838,node83235361,11.0,b
466,0.9819235005105107,cubicle35711,11.0,b
467,0.9544771926157204,cn-cable3338328-t2,11.0,b
468,0.9514777151060674,cn-cable3338869-t2,11.0,b
469,0.9514777556218339,cn-cable3338956-t2,11.0,b
470,0.9514778379169935,cn-simulated70366883_652558-t2,11.0,b
471,0.999346715249472,node84142413,11.0,b
472,0.9514777266775893,cubicle48208,11.0,b
473,0.9514778232729405,cn-cable3339038-t2,11.0,b
474,0.9995039643016538,cn-geo_schematic_cable380326-t2,11.0,b
475,0.9514777574352297,cn-cable3338143-t2,11.0,b
476,0.9672544012679573,cubicle45373,11.0,b
477,0.9514777540452013,node67193296,11.0,b
478,0.9514777664973503,cn-cable3338931-t2,11.0,b
479,0.954477297525502,node58449856,11.0,b
480,0.9677038248812535,cn-cable3338250-t2,11.0,b
481,0.9514777641567967,cn-cable3338173-t2,11.0,b
482,0.9544771955190393,cn-cable3255754-t2,11.0,b
483,0.9978799584251168,node23196578,11.0,b
484,0.9995039643016537,node59607026,11.0,b
485,0.9990955938792841,node29539787,11.0,b
486,0.999346715249472,cn-busbar254548-t2,11.0,b
487,0.9672543822970071,cubicle33239,11.0,b
488,0.9544772035503942,cn-cable3336385-t2,11.0,b
489,0.9514777615356163,cn-cable3338990-t2,11.0,b
490,0.9672543797555895,node67195151,11.0,b
491,0.9819234936643553,node52761090,11.0,b
492,0.9544771910455024,cn-cable2727649-t2,11.0,b
493,0.9514777701094213,cn-cable3338146-t2,11.0,b
494,0.9544772921907336,cn-cable3336728-t2,11.0,b
495,0.9819234900268327,cn-cable3713955-t2,11.0,b
496,0.9544772923228636,cubicle48307,11.0,b
497,0.9677038248933175,cn-cable3338229-t2,11.0,b
498,0.9514777618866428,cubicle41305,11.0,b
499,0.9677038267240204,cn-cable3338228-t2,11.0,b
500,0.9514777567065548,cn-cable3338945-t2,11.0,b
501,0.9514777480935932,node67193582,11.0,b
502,0.9995536727442799,node23398576,11.0,b
503,0.9544772502532775,cubicle44917,11.0,b
504,0.9819235019633439,node22959534,11.0,b
505,0.9514777309856159,cubicle35727,11.0,b
506,0.9885589116790495,cn-geo_schematic_cable36468-t1,11.0,b
507,0.981923500661494,cn-geo_schematic_cable235949-t2,11.0,b
508,0.9514778012186306,cn-geo_schematic_cable14331-t2,11.0,b
509,0.9514777471833514,cubicle33452,11.0,b
510,0.9544772352816843,node60063851,11.0,b
511,0.951477756711218,cn-cable3338944-t2,11.0,b
512,0.9819234934293698,node36726511,11.0,b
513,0.999297001529284,cn-busbar251727-t1,11.0,b
514,0.9677038422549958,node35592335,11.0,b
515,0.9544772329466463,cn-cable3336713-t2,11.0,b
516,0.997989370932407,cn-busbar87858-t2,11.0,b
517,0.9544773180117996,cn-geo_schematic_cable22429-t1,11.0,b
518,0.9514777305471362,cn-cable3338911-t2,11.0,b
519,0.9992970015292838,node83235362,11.0,b
520,0.9819234939926035,node52761082,11.0,b
521,0.998002400016077,cn-cable1219300-t1,11.0,b
522,0.9984462901867175,node24046337,11.0,b
523,0.9885589570587863,node84281688,11.0,b
524,0.9993467152474671,node23232416,11.0,b
525,0.967254391717586,node67195658,11.0,b
526,0.9819234889597399,cubicle111105,11.0,b
527,,node23198147,11.0,b
528,0.9975416686241736,node103968671,11.0,b
529,0.9514777836255205,cn-cable3338999-t2,11.0,b
530,0.9672543805087503,node67195325,11.0,b
531,0.981923489750651,cubicle111009,11.0,b
532,0.9544772860441683,node149685038,11.0,b
533,0.9514777581182076,node71579058,11.0,b
534,0.9984463100893185,node24046367,11.0,b
535,0.9544772496767067,cubicle50566,11.0,b
536,0.9672543843111064,cn-cable3338469-t2,11.0,b
537,0.9672543763199439,cn-cable3338749-t2,11.0,b
538,0.967703861052001,cn-cable3338214-t2,11.0,b
539,0.9544772111932059,node69936226,11.0,b
540,0.9993467152494718,cn-busbar254549-t2,11.0,b
541,0.9672543868587217,node67195412,11.0,b
542,0.9677038302462612,cubicle39448,11.0,b
543,0.9672543935008426,node67194754,11.0,b
544,0.9885589198251803,node60264191,11.0,b
545,0.9885589198251802,node60264190,11.0,b
546,0.9514778424263775,cn-cable3295685-t1,11.0,b
547,0.9885589290528318,cn-cable3341615-t2,11.0,b
548,0.9977262403662087,cn-busbar83732-t2,11.0,b
549,0.9979893743861947,node24071491,11.0,b
550,0.9819234888503239,cn-cable3771699-t2,11.0,b
551,0.9993467023384571,node24056448,11.0,b
552,0.9672544031459557,node74192361,11.0,b
553,0.9544771968827122,cn-simulated22958791_144043-t1,11.0,b
554,0.9672543812978985,cn-cable3338646-t2,11.0,b
555,0.954477203236364,cn-cable3336383-t2,11.0,b
556,0.9677038611710617,cubicle45116,11.0,b
557,0.9819234948959309,node36726519,11.0,b
558,0.951477790221375,cn-cable3338877-t2,11.0,b
559,0.9677038276292048,cubicle37179,11.0,b
560,0.9544771913035881,node35592659,11.0,b
561,0.9672543955780609,cubicle41966,11.0,b
562,0.9977262130032373,cn-busbar83739-t1,11.0,b
563,0.9514778005954029,node57578127,11.0,b
564,0.9514777913310243,cubicle49332,11.0,b
565,0.9985817546555635,cn-cable1169914-t1,11.0,b
566,0.9984841115612791,node161553414,11.0,b
567,0.9677038341084594,node65782801,11.0,b
568,0.9677038450424964,node69876702,11.0,b
569,0.9677038715500135,cn-geo_schematic_cable27950-t1,11.0,b
570,0.9885589198251802,node67830839,11.0,b
571,0.9514777435746482,cn-cable3338916-t2,11.0,b
572,0.9984462901867175,node24046352,11.0,b
573,0.9995039643016538,cn-geo_schematic_cable380328-t1,11.0,b
574,0.9984841447841774,node69876550,11.0,b
575,0.9819235006614931,node22951175,11.0,b
576,0.9514777972594466,cubicle43678,11.0,b
577,0.9544772614533765,cubicle40374,11.0,b
578,0.9984462901867175,cn-busbar85063-t2,11.0,b
579,0.9885589071474303,cubicle34229,11.0,b
580,0.9672543868676954,cubicle46514,11.0,b
581,0.998484098292813,cn-busbar355169-t1,11.0,b
582,0.9677038308013794,node69876775,11.0,b
583,0.9677038545733255,cubicle41722,11.0,b
584,0.9885589116790495,cn-geo_schematic_cable36502-t2,11.0,b
585,0.951477754503527,node67193235,11.0,b
586,,node23214017,11.0,b
587,0.9514777811081677,node67193623,11.0,b
588,0.9819234936577952,cn-cable3338286-t2,11.0,b
589,0.9514777847994461,node102517050,11.0,b
590,0.9672543869128863,cn-cable3338649-t2,11.0,b
591,0.9544772827851766,cn-geo_schematic_cable34386-t2,11.0,b
592,0.9990955938792712,node29539793,11.0,b
593,0.9677038420849717,cn-cable3338853-t2,11.0,b
594,0.9677038622193158,node65782916,11.0,b
595,0.9514777678420854,cubicle41292,11.0,b
596,0.9672543911688338,cn-geo_schematic_cable137654-t2,11.0,b
597,0.9544773004521157,node58449861,11.0,b
598,0.9514777585827725,cn-cable3338994-t2,11.0,b
599,0.9981406299723389,cn-busbar88081-t2,11.0,b
600,0.9885589290597762,cn-cable3341614-t2,11.0,b
601,0.9677038391563568,cubicle48514,11.0,b
602,0.9984841115509322,cn-busbar355177-t2,11.0,b
603,0.9993467152494703,node33409252,11.0,b
604,0.9514777562433555,cubicle43556,11.0,b
605,0.9514777687855038,cn-cable3338933-t2,11.0,b
606,0.9672543868049597,cn-cable3338647-t2,11.0,b
607,0.9672543914759655,cn-cable3338687-t2,11.0,b
608,0.951477748160613,cn-cable3338156-t2,11.0,b
609,0.95147778230723,cn-geo_schematic_cable14468-t1,11.0,b
610,0.9514777481538227,cn-cable3338155-t2,11.0,b
611,0.951477788011155,cubicle48205,11.0,b
612,0.9514777701100777,cn-cable3338144-t2,11.0,b
613,0.9544772352816843,node60063841,11.0,b
614,0.9978799571072285,node23212106,11.0,b
615,0.954477294145529,cn-cable3336328-t2,11.0,b
616,0.9677038361371995,cn-cable3338219-t2,11.0,b
617,0.9983057475690009,cn-cable3341083-t2,11.0,b
618,0.9514777595862349,cn-cable3338906-t2,11.0,b
619,0.9514777536421539,node67193267,11.0,b
620,0.951477785240298,node67193066,11.0,b
621,0.999860353511753,node34701112,11.0,b
622,0.9514777578923733,cubicle44684,11.0,b
623,0.967254376431019,cubicle45191,11.0,b
624,0.9984462901867175,cn-busbar85064-t1,11.0,b
625,0.9544771928821492,node61288125,11.0,b
626,0.9514777270601981,node71578372,11.0,b
627,0.9514777465913066,cn-cable3338153-t2,11.0,b
628,0.9544772352816843,node69935313,11.0,b
629,0.9514777842928275,cubicle34608,11.0,b
630,,cn-cable3342606-t2,11.0,b
631,0.9514777580158094,cubicle39130,11.0,b
632,0.9514777740917343,cubicle34488,11.0,b
633,0.9544772330458611,cubicle48302,11.0,b
634,0.9981453295626548,cn-simulated24502843_202755-t2,11.0,b
635,0.9514777264949752,cn-cable3338909-t2,11.0,b
636,0.967254410476905,node74192331,11.0,b
637,0.9514778067382209,cn-cable3339041-t2,11.0,b
638,0.9885589093687952,cn-cable3341628-t2,11.0,b
639,0.9672543708537686,node67194635,11.0,b
640,0.998027592636686,cn-busbar254957-t2,11.0,b
641,0.9984710116554919,node67195949,11.0,b
642,0.9998104178504725,cn-cable1219505-t2,11.0,b
643,0.9514777973931513,cubicle34596,11.0,b
644,0.9885589570587863,node84281775,11.0,b
645,0.9514777834364017,node57578136,11.0,b
646,0.954477233202029,cn-cable3336743-t2,11.0,b
647,0.9819234952469992,cn-geo_schematic_cable196969-t1,11.0,b
648,0.9544772881828494,cn-geo_schematic_cable22433-t2,11.0,b
649,0.9982101099756946,node23378216,11.0,b
650,0.9514777998592578,cubicle41298,11.0,b
651,0.9514778424263775,node84625474,11.0,b
652,0.9514777804759348,cn-cable3339093-t2,11.0,b
653,0.9989276280134848,node22997808,11.0,b
654,0.9995039643016531,cn-geo_schematic_cable25607-t1,11.0,b
655,0.951477780101451,cn-cable3338922-t2,11.0,b
656,0.951477755560684,cubicle45944,11.0,b
657,0.9993467152494718,cn-busbar254547-t1,11.0,b
658,0.9514777740917342,cubicle46978,11.0,b
659,0.9514777568418129,cubicle47088,11.0,b
660,0.9993467152494703,node84142381,11.0,b
661,0.9544772160968622,cn-cable3336356-t2,11.0,b
662,0.9819235017283013,cn-cable3255752-t2,11.0,b
663,0.9991452684092293,cn-simulated29539706_245936-t2,11.0,b
664,0.9672543765518161,node67196314,11.0,b
665,0.954477261462668,cn-cable3336740-t2,11.0,b
666,0.9544772570050979,cn-cable3336323-t2,11.0,b
667,0.9514777678854666,cubicle36743,11.0,b
668,0.9677038444208161,cn-cable3338850-t2,11.0,b
669,0.9885589074056297,node67830893,11.0,b
670,0.9989276280143659,node84230717,11.0,b
671,0.9514777561304386,cn-cable3338954-t2,11.0,b
672,0.9514777572157826,node71579209,11.0,b
673,0.9672543880233606,cn-cable3338743-t2,11.0,b
674,0.9990955938792835,node29539811,11.0,b
675,0.954477208341655,cubicle50485,11.0,b
676,0.9514777764554206,cubicle46985,11.0,b
677,0.9514777554296926,cn-cable3338170-t2,11.0,b
678,0.9677038590043495,node74598346,11.0,b
679,0.9979930387751513,node23176244,11.0,b
680,0.9677038568712513,node65782938,11.0,b
681,0.9819235209849264,node59313009,11.0,b
682,0.9677038534589973,cn-cable3339124-t2,11.0,b
683,0.9672543984808021,node67194808,11.0,b
684,0.9514777685629674,node71578952,11.0,b
685,0.9514777811780637,node156687033,11.0,b
686,0.9514777623383105,node69622925,11.0,b
687,0.9514777702436061,cubicle39124,11.0,b
688,0.9819235137074509,cn-cable3256247-t2,11.0,b
689,0.9819235004010948,cn-cable1194928-t2,11.0,b
690,0.9819234920702777,cubicle111007,11.0,b
691,0.9544772136343248,node69935978,11.0,b
692,0.9514777153096396,cubicle49326,11.0,b
693,0.9819235058588212,cn-cable3338345-t2,11.0,b
694,0.9514777470704342,cn-cable3338154-t2,11.0,b
695,0.9677038387138408,cn-cable3339122-t2,11.0,b
696,1.0,cn-hv_feeder13550-source-t1,11.0,b
697,0.997726222124228,node24039676,11.0,b
698,0.9989276280143654,node35224015,11.0,b
699,0.9980527240026049,cn-cable3517570-t2,11.0,b
700,0.9514777972802342,cn-cable3338943-t2,11.0,b
701,0.9990955938792846,node29539817,11.0,b
702,0.9544772189242088,cn-cable3336354-t2,11.0,b
703,0.9672543844541941,cubicle44239,11.0,b
704,0.9514777437192732,cubicle42435,11.0,b
705,0.9514777561304385,cubicle50353,11.0,b
706,0.9514778069761637,node22951202,11.0,b
707,0.9544772319831558,cubicle49365,11.0,b
708,0.9677038268704826,cubicle36039,11.0,b
709,0.9514777515282159,node67193477,11.0,b
710,0.9672543825191576,node67195730,11.0,b
711,0.9885589070380242,cn-cable3341624-t2,11.0,b
712,0.9677038678862384,node59740704,11.0,b
713,0.9672543821158035,cubicle34374,11.0,b
714,0.9677038610439065,cn-cable3338213-t2,11.0,b
715,0.998794323027989,cn-cable2937658-t2,11.0,b
716,0.9677038435923045,node69877043,11.0,b
717,0.9984462901867175,node24234571,11.0,b
718,0.998434455888381,node57577957,11.0,b
719,0.9514778015721095,node22943741,11.0,b
720,0.9986895978782382,cn-cable1236611-t2,11.0,b
721,0.9983410195304343,cn-cable1134809-t1,11.0,b
722,0.9885589069478672,cn-cable3341626-t2,11.0,b
723,0.9672543745536607,cn-cable3338645-t2,11.0,b
724,0.9514777955415763,cn-cable3339036-t2,11.0,b
725,0.99848409165858,node161553366,11.0,b
726,0.9514777882718125,cn-cable3338203-t2,11.0,b
727,0.9677038366536075,node69876732,11.0,b
728,0.967703839035875,cn-cable3338251-t2,11.0,b
729,0.9672543745495723,cn-cable3338640-t2,11.0,b
730,0.9819235095870392,cn-cable3338343-t2,11.0,b
731,0.967703839378404,node69876993,11.0,b
732,0.951477714433871,cubicle42550,11.0,b
733,0.967254369551005,node31975399,11.0,b
734,0.9677038691074942,node59740701,11.0,b
735,0.9885589093372791,cn-cable3341622-t2,11.0,b
736,0.9672544064782075,node101117485,11.0,b
737,0.9819235181401161,cn-geo_schematic_cable23101-t1,11.0,b
738,0.9544772352816843,cn-geo_schematic_cable34381-t2,11.0,b
739,0.9514778424263775,node73296155,11.0,b
740,0.9544772618543358,node69935872,11.0,b
741,0.9819234947865151,cubicle77076,11.0,b
742,0.9995039643016531,cn-geo_schematic_cable25609-t2,11.0,b
743,0.9514777810651467,cubicle48092,11.0,b
744,0.9514777542776927,cubicle40264,11.0,b
745,0.954477257444818,cn-cable3336324-t2,11.0,b
746,0.9993467444854734,node23167833,11.0,b
747,0.9984840783901143,node69876538,11.0,b
748,0.9514777903596214,cubicle50472,11.0,b
749,0.9677038448204491,cubicle43981,11.0,b
750,0.9514778013707411,cn-cable3255759-t2,11.0,b
751,0.9514777587124459,cubicle34495,11.0,b
752,0.9544772830757452,cn-cable3336389-t2,11.0,b
753,,node29539471,11.0,b
754,0.954477216092634,cn-cable3336357-t2,11.0,b
755,0.9544771968827122,cn-cable2797799-t2,11.0,b
756,0.9677038311488372,cubicle41727,11.0,b
757,0.9819235138729003,node22932783,11.0,b
758,0.9514777568721252,cn-cable3338998-t2,11.0,b
759,0.9980868710277324,node103968618,11.0,b
760,0.9544772347796804,cubicle49393,11.0,b
761,0.9672544078111097,cn-geo_schematic_cable1684-t2,11.0,b
762,0.9885589511437314,cn-geo_schematic_cable233327-t1,11.0,b
763,0.9514777855804345,cubicle35729,11.0,b
764,0.9672543698923389,node67194604,11.0,b
765,0.997726249487199,node24039686,11.0,b
766,0.967703843060556,cubicle50767,11.0,b
767,0.9544772835287061,cubicle41441,11.0,b
768,0.9672543802865995,cubicle49885,11.0,b
769,0.9819235004938746,cubicle36841,11.0,b
770,0.9984841314950184,node161553383,11.0,b
771,0.9514778014591926,cubicle50462,11.0,b
772,0.9885589232120773,cubicle48965,11.0,b
773,0.9514777581182076,node102516890,11.0,b
774,0.9819234952469992,cn-geo_schematic_cable196966-t2,11.0,b
775,0.9514777701134598,cn-cable3338147-t2,11.0,b
776,0.9885589197164987,cubicle50477,11.0,b
777,0.9677038432592336,cubicle42859,11.0,b
778,0.9979461085467293,cn-cable1230482-t1,11.0,b
779,0.9993191032241401,node141770964,11.0,b
780,,node29539610,11.0,b
781,0.9514777885389201,cn-cable3338187-t2,11.0,b
782,0.9672543801220951,node67195187,11.0,b
783,0.9819235065088994,cn-cable3338322-t2,11.0,b
784,0.9514777468446004,cn-cable3731921-t2,11.0,b
785,0.9514777972649653,cn-cable3338942-t2,11.0,b
786,0.9544772827851766,node60063905,11.0,b
787,0.9514777990046038,cubicle40156,11.0,b
788,0.9672544008133788,node67196002,11.0,b
789,0.9672543782010458,cn-cable3338745-t2,11.0,b
790,0.9672543721320879,node31975379,11.0,b
791,0.9544772333290223,cubicle42569,11.0,b
792,0.9995536727132079,cn-busbar87065-t1,11.0,b
793,0.9514777936705945,node102516800,11.0,b
794,0.9819235060164813,node22955028,11.0,b
795,0.9672543843009325,cn-cable3338471-t2,11.0,b
796,0.9819234932775136,node79493025,11.0,b
797,0.967703849975492,node35592773,11.0,b
798,0.9672543953058216,cn-cable3338473-t2,11.0,b
799,0.9992970015292838,cn-busbar251729-t2,11.0,b
800,0.9514777739460321,cn-cable3338934-t2,11.0,b
801,0.988558923071288,cn-cable3341612-t2,11.0,b
802,0.9993467023591691,node151101321,11.0,b
803,0.9993467152494708,node83235274,11.0,b
804,0.9677038739925328,node59740741,11.0,b
805,0.9677038615023349,cn-cable3338212-t2,11.0,b
806,0.9672543696484883,cn-cable3338485-t2,11.0,b
807,0.9819235004426613,cn-cable1151657-t2,11.0,b
808,0.9677038361433907,cn-cable3338218-t2,11.0,b
809,0.9514777552911545,cn-cable3338171-t2,11.0,b
810,0.9980275926366851,node84144930,11.0,b
811,0.9819234888503239,cn-cable3338324-t2,11.0,b
812,0.9989144827531244,cn-cable2937656-t2,11.0,b
813,0.9672544079954197,cn-cable3338664-t2,11.0,b
814,0.9677038645555288,cn-geo_schematic_cable27942-t2,11.0,b
815,0.9977262586081898,node160200990,11.0,b
816,0.954477257601996,cn-cable3269446-t2,11.0,b
817,,node29539432,11.0,b
818,0.9677038549056156,cn-cable3338210-t2,11.0,b
819,0.967254388351873,node67195678,11.0,b
820,0.9672544031562367,node67195498,11.0,b
821,,node29539482,11.0,b
822,0.9544772616292118,cubicle34708,11.0,b
823,0.9544772329209125,cn-cable3336329-t2,11.0,b
824,0.9544772346380285,cn-cable3336718-t2,11.0,b
825,0.9514777582889422,cn-cable3338946-t2,11.0,b
826,0.9984841115302386,cn-busbar355183-t2,11.0,b
827,0.9672544081443254,cubicle38562,11.0,b
828,0.9983821354472785,cn-cable2865574-t2,11.0,b
829,0.9672544083664758,node67195431,11.0,b
830,0.9672543767089727,cubicle44051,11.0,b
831,0.954477249805833,cn-cable2879802-t2,11.0,b
832,0.9672543958785659,cubicle43093,11.0,b
833,0.9514777485097832,node67193520,11.0,b
834,0.9544772502532772,node60063771,11.0,b
835,0.9995039643016539,cn-geo_schematic_cable25610-t2,11.0,b
836,0.9977262312452182,node24039677,11.0,b
837,0.9514777510191496,cn-cable3338150-t2,11.0,b
838,0.9977262403662087,cn-busbar83731-t1,11.0,b
839,0.9544772041522667,cn-cable3336369-t2,11.0,b
840,,node29539588,11.0,b
841,0.967254401142769,cn-cable3338667-t2,11.0,b
842,0.9819235003684207,cn-cable1191398-t2,11.0,b
843,0.9677038448985903,cn-cable3338851-t2,11.0,b
844,0.9514777611426675,cn-cable3338992-t2,11.0,b
845,0.9992970015292838,node83235357,11.0,b
846,0.9885589126571827,cn-geo_schematic_cable36501-t2,11.0,b
847,0.9989276280143659,cn-busbar255620-t2,11.0,b
848,0.967703844266715,cn-cable3338855-t2,11.0,b
849,0.954477203236364,cubicle35740,11.0,b
850,0.9514777902404897,cn-cable3338878-t2,11.0,b
851,0.9514777988750288,cn-cable3338901-t2,11.0,b
852,0.9514777806564995,cubicle40252,11.0,b
853,0.9998603535125533,cn-cable2122109-t2,11.0,b
854,0.9677038552066946,cn-cable3338281-t2,11.0,b
855,0.9984463034551181,cn-busbar85068-t2,11.0,b
856,0.9544771909805053,cn-cable3338327-t2,11.0,b
857,0.9514777435771331,cn-cable3338920-t2,11.0,b
858,,node23179827,11.0,b
859,0.9514777635026606,cn-cable3338176-t2,11.0,b
860,0.9544772832165445,cubicle47128,11.0,b
861,0.9544772318705935,cn-cable3336710-t2,11.0,b
862,0.9514777511731413,cn-cable3338157-t2,11.0,b
863,0.9819234946554106,cn-cable3338320-t2,11.0,b
864,0.9819235152953056,cn-simulated22932783_101448-t1,11.0,b
865,0.981923493101122,cn-cable4191430-t2,11.0,b
866,0.9995039643016528,cn-geo_schematic_cable25609-t1,11.0,b
867,0.951477753298206,cn-cable3338183-t2,11.0,b
868,0.9514778024762505,cn-cable3255757-t2,11.0,b
869,0.9672543794223623,cn-cable3977132-t2,11.0,b
870,0.9514777539387441,cn-cable3338182-t2,11.0,b
871,0.9677038429287046,cn-cable3338257-t2,11.0,b
872,0.967254388007704,cn-cable3338685-t2,11.0,b
873,0.998484098292813,cn-busbar355167-t2,11.0,b
874,0.9514777935576775,cubicle47094,11.0,b
875,0.9544772502532772,node69935613,11.0,b
876,0.9819234896275812,cubicle111008,11.0,b
877,0.9677038390180293,cn-cable3338252-t2,11.0,b
878,0.9514777968330368,cn-cable3338207-t2,11.0,b
879,0.9544772038445605,cn-cable3336384-t2,11.0,b
880,0.954477190894346,cn-simulated23030576_100934-t2,11.0,b
881,0.9514777934949632,cn-cable3338879-t2,11.0,b
882,0.9982101001548883,cn-simulated23378216_40739-t2,11.0,b
883,0.9983410260444221,node23121435,11.0,b
884,0.9672543955001942,node67194756,11.0,b
885,0.9672543762834536,cn-cable3338681-t2,11.0,b
886,0.9993467152371116,cn-cable1155376-t1,11.0,b
887,0.9819235016350957,cn-simulated22959534_100929-t2,11.0,b
888,0.9677038287827886,cn-cable3338226-t2,11.0,b
889,0.9544772613210702,cn-cable3336326-t2,11.0,b
890,0.9885589291191352,cn-cable3341618-t2,11.0,b
891,0.9995537610126902,cn-simulated23398575_99463-t2,11.0,b
892,0.9672543705053372,cn-cable3338486-t2,11.0,b
893,0.9514778018418586,node57578126,11.0,b
894,0.9677038447140539,cn-cable3338217-t2,11.0,b
895,0.9672543696620801,node67194574,11.0,b
896,0.9514777534147265,cubicle36860,11.0,b
897,0.9885589070387488,cn-cable3341623-t2,11.0,b
898,0.9514777105766221,cubicle42556,11.0,b
899,0.9544772346496925,cn-cable3336717-t2,11.0,b
900,0.9995536727339227,node173091586,11.0,b
901,0.9514777934447605,cn-cable3338185-t2,11.0,b
902,0.9819235065198388,cn-cable3713958-t2,11.0,b
903,0.95147775341632,cubicle38002,11.0,b
904,0.9672543784762057,cn-cable3338747-t2,11.0,b
905,0.9975416680151746,node23253360,11.0,b
906,0.9514777437192729,cubicle50360,11.0,b
907,0.9677038483472102,cn-cable3339121-t2,11.0,b
908,0.954477210627991,cn-cable3336360-t2,11.0,b
909,0.9544772081907507,cn-cable3338329-t2,11.0,b
910,0.967703842926163,node69877060,11.0,b
911,0.9819235066473911,node101116426,11.0,b
912,0.9514777804075343,cn-cable3338923-t2,11.0,b
913,0.9672543769265214,node67194685,11.0,b
914,0.9514777969634204,cubicle42546,11.0,b
915,0.9677038618042585,node23086949,11.0,b
916,0.9514777556572447,cn-cable3338159-t2,11.0,b
917,0.9672543794121785,cn-cable3338465-t2,11.0,b
918,0.9979461176674792,node23052190,11.0,b
919,0.9677038431409422,cn-cable3338255-t2,11.0,b
920,0.951477792305227,node67193212,11.0,b
921,0.9677038483320061,cn-cable3339120-t2,11.0,b
922,0.9514777802310166,cn-cable3339095-t2,11.0,b
923,0.9514777738305453,cubicle33349,11.0,b
924,0.9885589291887698,cubicle34222,11.0,b
925,0.9677038489451567,cubicle37174,11.0,b
926,0.9993467152494706,cn-busbar251718-t1,11.0,b
927,0.9672543867288144,cn-cable3338480-t2,11.0,b
928,0.9514777865328461,cn-cable3339092-t2,11.0,b
929,0.9544771946106791,cn-cable3336387-t2,11.0,b
930,0.9885589198251803,cn-geo_schematic_cable36513-t2,11.0,b
931,0.9677038250275888,cn-cable3339097-t2,11.0,b
932,0.9544772130362704,cubicle47083,11.0,b
933,0.9672543821615518,cn-cable3338683-t2,11.0,b
934,0.9885589292410529,cn-cable3341616-t2,11.0,b
935,0.9677038673311185,node59740715,11.0,b
936,0.9672543931485984,cn-cable3338660-t2,11.0,b
937,0.9995039643016542,node74891570,11.0,b
938,0.999346715249472,node84142372,11.0,b
939,0.9544771955866268,cn-cable3255753-t2,11.0,b
940,0.9672543765747182,cn-cable3338746-t2,11.0,b
941,0.9885589155915806,node74192759,11.0,b
942,0.9672543869244223,cubicle32899,11.0,b
943,0.95147778230723,cn-geo_schematic_cable1840-t2,11.0,b
944,0.9672543870354975,cubicle34140,11.0,b
945,0.9544772121216258,cn-cable3336358-t2,11.0,b
946,0.9983057475457624,cn-cable4185370-t2,11.0,b
947,0.9544772108304459,cn-cable3336364-t2,11.0,b
948,0.9982101001548883,cn-cable1237990-t1,11.0,b
949,0.9677038552151767,cn-cable3338280-t2,11.0,b
950,0.9544772135217625,cubicle47109,11.0,b
951,0.9672543811359378,cn-cable3338481-t2,11.0,b
952,0.9514777739452722,cn-cable3338935-t2,11.0,b
953,0.9677038532653471,cn-cable3338215-t2,11.0,b
954,0.9544772959290221,cn-cable3719711-t2,11.0,b
955,0.9677038645555288,cn-geo_schematic_cable27944-t1,11.0,b
956,0.9544772907717767,cn-geo_schematic_cable22430-t1,11.0,b
957,0.9544772830858149,node69935824,11.0,b
958,0.9514777511719207,cn-cable3338158-t2,11.0,b
959,0.9983182368396677,node69876900,11.0,b
960,0.9980275926366866,cn-busbar254971-t2,11.0,b
961,0.9544772033489262,cubicle33478,11.0,b
962,0.9677038310183589,cn-cable3338224-t2,11.0,b
963,0.9993467023281009,cn-busbar87085-t2,11.0,b
964,0.951477757511404,cn-cable3338953-t2,11.0,b
965,0.9885589488614234,cn-geo_schematic_cable233372-t2,11.0,b
966,0.9993467765895075,node23167832,11.0,b
967,0.9819235195625214,cn-geo_schematic_cable23105-t2,11.0,b
968,0.9981406496141157,node24068798,11.0,b
969,0.981923500661494,node84625697,11.0,b
970,0.9672544146977633,cn-geo_schematic_cable14579-t1,11.0,b
971,0.9544773092319575,node58449867,11.0,b
972,0.9544772194399824,node69936106,11.0,b
973,0.9672543797555895,node67195160,11.0,b
974,0.9514778007274184,cn-simulated22943741_144044-t2,11.0,b
975,0.9995039643016538,node173091623,11.0,b
976,0.967254374679793,node31975369,11.0,b
977,0.9979930353213647,cn-simulated23176244_40735-t2,11.0,b
978,0.9995039643016538,node173091624,11.0,b
979,0.9677038446811326,cn-cable3339127-t2,11.0,b
980,0.9984841115405854,node161553438,11.0,b
981,0.9544771927283451,cn-cable2727648-t2,11.0,b
982,0.967254376431019,node57578180,11.0,b
983,0.9984463167235188,node67195932,11.0,b
984,0.9977262038822464,cn-busbar83739-t2,11.0,b
985,0.9514777905854557,node71578689,11.0,b
986,0.9819235243768176,cn-geo_schematic_cable23100-t2,11.0,b
987,0.9819234942622564,node79493008,11.0,b
988,0.9514777583979694,cn-cable3338947-t2,11.0,b
989,0.951477767428492,cn-cable3339042-t2,11.0,b
990,0.9514777886851712,cubicle50469,11.0,b
991,0.9979461085467293,cn-simulated23052190_40598-t2,11.0,b
992,0.9514777611385333,cn-cable3338993-t2,11.0,b
993,0.9514777893080814,cn-geo_schematic_cable14329-t2,11.0,b
994,0.9544772370555521,node69935305,11.0,b
995,0.9995536727235657,node24056328,11.0,b
996,0.9993467152495012,node37903059,11.0,b
997,0.9990955938792769,node29539799,11.0,b
998,0.9672543881541249,cubicle47979,11.0,b
999,0.9677038391213435,cn-cable3342932-t2,11.0,b
1000,0.9514777854618351,cn-cable3338189-t2,11.0,b
1001,0.967254395989641,node67195508,11.0,b
1002,0.951477710802456,node69936363,11.0,b
1003,0.9514777265633072,cn-cable3338907-t2,11.0,b
1004,0.9544772318705935,cn-cable3336712-t2,11.0,b
1005,0.9677038406646553,cn-cable3338254-t2,11.0,b
1006,0.9544772832301182,node58449850,11.0,b
1007,0.9514777577607543,cn-cable3338991-t2,11.0,b
1008,0.9677038803208766,cn-geo_schematic_cable27945-t1,11.0,b
1009,0.9819235181401161,cn-geo_schematic_cable23102-t2,11.0,b
1010,0.9514777569899489,cubicle48199,11.0,b
1011,0.9514777989336439,cn-cable3338941-t2,11.0,b
1012,0.9514777432452215,cn-cable3338917-t2,11.0,b
1013,0.9514777308726987,cn-cable3338915-t2,11.0,b
1014,0.998434455888381,cn-geo_schematic_cable1790-t1,11.0,b
1015,0.9677038715500135,cn-geo_schematic_cable27947-t2,11.0,b
1016,0.9672544080243886,cn-cable3338663-t2,11.0,b
1017,0.9672544296929079,cn-geo_schematic_cable14366-t1,11.0,b
1018,0.954477278277387,node149684990,11.0,b
1019,0.954477203123802,cn-cable3336365-t2,11.0,b
1020,0.9993467152494387,cn-cable2098867-t1,11.0,b
1021,0.9514777852740609,cn-cable3338202-t2,11.0,b
1022,0.99848409165858,cn-busbar355168-t2,11.0,b
1023,0.954477235281684,node69935273,11.0,b
1024,0.9672543784253448,cn-cable3338682-t2,11.0,b
1025,0.9677038689964733,cn-geo_schematic_cable27951-t2,11.0,b
1026,0.9980275926318013,cn-simulated23378215_187645-t2,11.0,b
1027,0.9984841248504387,cn-busbar355176-t1,11.0,b
1028,0.9514777143209541,cn-cable3338865-t2,11.0,b
1029,1.0,cn-cable2122108-t1,11.0,b
1030,0.981923493101122,cn-cable3338288-t2,11.0,b
1031,0.9514777893080814,cn-geo_schematic_cable14586-t1,11.0,b
1032,0.9819234974836172,cubicle77075,11.0,b
1033,0.9995039643016542,node74891588,11.0,b
1034,0.9514777104482032,cn-cable3338874-t2,11.0,b
1035,0.9672543911688338,node57578187,11.0,b
1036,0.9514777479053168,cn-cable3338152-t2,11.0,b
1037,0.9672543786175758,cubicle36626,11.0,b
1038,0.9985817546555635,cn-cable3368615-t2,11.0,b
1039,0.9544772330819122,cubicle43736,11.0,b
1040,0.9544772133377468,cn-cable3336744-t2,11.0,b
1041,0.9989276280143659,cn-busbar255626-t2,11.0,b
1042,0.954477257594355,cn-cable3269445-t2,11.0,b
1043,0.9672543954003804,cn-cable3338472-t2,11.0,b
1044,0.9672543797555896,cubicle45380,11.0,b
1045,0.967254374679793,node65782500,11.0,b
1046,0.9514777533141806,node71578447,11.0,b
1047,0.9677038448567105,cubicle42854,11.0,b
1048,0.9677038362717212,cn-cable3339129-t2,11.0,b
1049,0.9885589195041709,cn-cable3341610-t2,11.0,b
1050,0.9514777431951109,cn-cable3338918-t2,11.0,b
1051,0.9997546614463483,cn-cable1235105-t2,11.0,b
1052,0.998927628014289,node33911479,11.0,b
1053,0.9544772165677737,cubicle36872,11.0,b
1054,0.9544772459979268,cn-cable3977142-t2,11.0,b
1055,0.9677038388717525,cn-cable3339096-t2,11.0,b
1056,0.9885589095054207,cubicle45569,11.0,b
1057,0.9677038621082924,cubicle38307,11.0,b
1058,0.9885589107009165,node60264076,11.0,b
1059,0.9514777121674012,cn-cable3338871-t2,11.0,b
1060,0.951477799729996,cn-cable3338939-t2,11.0,b
1061,0.9980275926366862,node84338465,11.0,b
1062,0.9514777275118652,node71578321,11.0,b
1063,0.9514778232779705,cn-cable3339040-t2,11.0,b
1064,0.9672543956017823,node74192374,11.0,b
1065,0.9672543957071136,cn-cable3338666-t2,11.0,b
1066,0.9514777911882509,cn-cable3338875-t2,11.0,b
1067,0.9544772835649422,cn-cable3336401-t2,11.0,b
1068,0.9672543762421111,cn-cable3338680-t2,11.0,b
1069,0.9677038431307361,cn-cable3338256-t2,11.0,b
1070,0.9514777143209541,cubicle43676,11.0,b
1071,0.9544772502532772,cn-geo_schematic_cable34375-t2,11.0,b
1072,0.9514777882618479,cn-cable3338205-t2,11.0,b
1073,0.9677038362860063,cn-cable3339128-t2,11.0,b
1074,0.9980275926366866,cn-busbar254954-t1,11.0,b
1075,0.9672543801163686,node67195764,11.0,b
1076,0.99848409165858,node161553359,11.0,b
1077,0.9677038491672041,node102516458,11.0,b
1078,0.9885589136353152,node60264071,11.0,b
1079,0.951477710448398,cn-cable3338872-t2,11.0,b
1080,0.9983057478918617,cn-simulated74092492_199824-t1,11.0,b
1081,0.9993467152494706,cn-busbar254543-t2,11.0,b
1082,0.9514777267214473,cn-cable3338910-t2,11.0,b
1083,0.9514777303981307,cn-cable3338914-t2,11.0,b
1084,0.9885589293011152,cn-cable3341617-t2,11.0,b
1085,0.9544772833969551,cn-cable3336727-t2,11.0,b
1086,0.9672543693198116,cn-cable3338484-t2,11.0,b
1087,0.9983410195304343,cn-simulated23121435_58681-t2,11.0,b
1088,0.9993467152494703,cn-busbar251716-t2,11.0,b
1089,0.9672543785369223,cubicle35495,11.0,b
1090,0.9514777763277784,cn-cable3338951-t2,11.0,b
1091,0.9986895978782382,cn-cable3368615-t1,11.0,b
1092,0.9819234972164849,node79493065,11.0,b
1093,0.9514777557316071,cn-cable3338149-t2,11.0,b
1094,0.9984841115405854,cn-busbar355180-t2,11.0,b
1095,0.9514778207033523,cn-geo_schematic_cable14330-t1,11.0,b
1096,0.997541667656854,cn-cable1159589-t2,11.0,b
1097,0.9677038250192842,cn-cable3339098-t2,11.0,b
1098,0.954477257594264,cn-cable3269442-t2,11.0,b
1099,0.9677038299707023,cn-cable3338221-t2,11.0,b
1100,0.9514777120589133,cn-cable3338861-t2,11.0,b
1101,0.9514777103274598,cn-cable3338862-t2,11.0,b
1102,0.9544772989888087,cn-geo_schematic_cable22425-t2,11.0,b
1103,0.997726222124228,cn-busbar83735-t2,11.0,b
1104,0.9992970015292838,cn-busbar251730-t2,11.0,b
1105,0.9544772316901159,cn-cable3336709-t2,11.0,b
1106,0.9993467152494703,node83235270,11.0,b
1107,0.998446283552517,cn-busbar85071-t1,11.0,b
1108,0.9514777976189855,node71578836,11.0,b
1109,0.9514777954160928,node71578742,11.0,b
1110,0.9885589219151221,cn-cable3341621-t2,11.0,b
1111,0.9885589488614234,cn-geo_schematic_cable233327-t2,11.0,b
1112,0.9993466767246301,cn-cable1224849-t2,11.0,b
1113,0.9672543979277619,cn-cable3338476-t2,11.0,b
1114,0.9544771907501556,cn-cable2729610-t2,11.0,b
1115,0.9672543908356077,cn-cable3338669-t2,11.0,b
1116,0.9819235167177108,node59312975,11.0,b
1117,0.9885589533173579,cn-simulated71243238_1841189-t2,11.0,b
1118,0.9885589094459608,cubicle44426,11.0,b
1119,0.9992970015292838,cn-busbar251725-t1,11.0,b
1120,0.9514777578540861,cn-cable3338177-t2,11.0,b
1121,0.9514777434283223,cn-cable3338904-t2,11.0,b
1122,0.9978799569571138,cn-cable3338482-t2,11.0,b
1123,0.9514777142080372,cn-cable3338867-t2,11.0,b
1124,0.9993467152494715,node84142367,11.0,b
1125,0.9514777539112649,cn-cable3338184-t2,11.0,b
1126,0.9544772041008277,cn-cable3336382-t2,11.0,b
1127,0.981923489641235,cn-cable3771840-t2,11.0,b
1128,0.9514777639303343,cn-cable3338174-t2,11.0,b
1129,0.9979930353213647,cn-cable1210504-t1,11.0,b
1130,0.9672543811574187,cn-cable3338479-t2,11.0,b
1131,0.9993467023281009,cn-busbar87086-t1,11.0,b
1132,0.9672544125873342,node57577399,11.0,b
1133,0.9544772827048893,cn-cable3336400-t2,11.0,b
1134,0.9993467023488133,node24056503,11.0,b
1135,0.9544772130960818,cn-cable3336367-t2,11.0,b
1136,0.9544772346696181,cn-cable3336715-t2,11.0,b
1137,0.9885589511437314,cn-geo_schematic_cable233371-t1,11.0,b
1138,0.9544772130731338,cn-cable3336366-t2,11.0,b
1139,0.9677038406830846,cn-cable3338253-t2,11.0,b
1140,,cn-cable3246211-t1,11.0,b
1141,0.9514778373505506,cn-cable3261193-t2,11.0,b
1142,0.9672543764305042,cubicle42924,11.0,b
1143,0.9885589594497755,cn-simulated23015020_203086-t1,11.0,b
1144,0.9885589093189129,cn-cable3341627-t2,11.0,b
1145,0.9997546614463483,cn-cable1228539-t1,11.0,b
1146,0.9819235195625214,cn-geo_schematic_cable23103-t1,11.0,b
1147,0.9514777991375719,cn-cable3338940-t2,11.0,b
1148,0.99909559387927,cn-cable1508102-t1,11.0,b
1149,0.9672544104769116,cn-geo_schematic_cable14578-t1,11.0,b
1150,0.9984462769183168,cn-busbar85071-t2,11.0,b
1151,0.9819235136093905,cn-simulated24153826_100933-t2,11.0,b
1152,0.998027592636686,cn-busbar254943-t1,11.0,b
1153,0.9514777763226314,cn-cable3338949-t2,11.0,b
1154,0.9514777856947397,cn-geo_schematic_cable14585-t1,11.0,b
1155,0.9672543915509607,node67195609,11.0,b
1156,0.9544772833601818,cn-cable3336726-t2,11.0,b
1157,0.9989847736827523,cn-cable3517710-t2,11.0,b
1158,0.9885589093958365,cn-cable3341640-t2,11.0,b
1159,0.9980868709096384,cn-simulated103968618_324538-t2,11.0,b
1160,0.9885589228868723,cubicle42166,11.0,b
1161,0.9819234895181653,cn-cable3713956-t2,11.0,b
1162,0.9885589092653264,cn-cable3341629-t2,11.0,b
1163,0.9819234973654543,cn-cable3338321-t2,11.0,b
1164,0.9672543696620801,node67194584,11.0,b
1165,0.9980275926366853,node84338546,11.0,b
1166,0.9672543817769975,cn-cable3338467-t2,11.0,b
1167,0.9514777671769081,cn-cable3339043-t2,11.0,b
1168,0.9514777577566476,cn-cable3338959-t2,11.0,b
1169,0.9514777805304907,cn-cable3338938-t2,11.0,b
1170,0.9514777906668279,cn-cable3339033-t2,11.0,b
1171,0.9885589570587863,cn-cable3246217-t2,11.0,b
1172,0.9544772960621952,cubicle47193,11.0,b
1173,0.9677038401956171,cn-cable3338858-t2,11.0,b
1174,0.981923492165081,cn-cable3589940-t2,11.0,b
1175,0.9514778228434426,cn-geo_schematic_cable235928-t2,11.0,b
1176,0.9979461176676485,cn-cable1152508-t2,11.0,b
1177,0.9984840850243472,node161553372,11.0,b
1178,0.9514777736994475,cn-cable3338925-t2,11.0,b
1179,0.9819234919608619,cn-cable3339677-t2,11.0,b
1180,0.9544772458763789,cubicle40392,11.0,b
1181,0.9514777803314117,cn-cable3339671-t2,11.0,b
1182,0.967703861970276,cn-cable3339123-t2,11.0,b
1183,0.9677038689964733,cn-geo_schematic_cable27941-t1,11.0,b
1184,0.9672543931480764,cn-cable3338661-t2,11.0,b
1185,0.9544772044899532,node102516409,11.0,b
1186,0.9514777637479471,cn-cable3338175-t2,11.0,b
1187,0.9544772569974607,cn-cable3336325-t2,11.0,b
1188,0.9677038289280634,cn-cable3338225-t2,11.0,b
1189,0.9514778024928452,cn-cable3255756-t2,11.0,b
1190,0.9514777677291683,cn-cable3338929-t2,11.0,b
1191,0.954477249546028,cn-cable3336742-t2,11.0,b
1192,0.9672544104769116,cn-geo_schematic_cable14367-t2,11.0,b
1193,0.9672543908184513,cn-cable3338668-t2,11.0,b
1194,0.9514777971033013,cn-cable3338089-t2,11.0,b
1195,0.95447724924245,cn-cable3336352-t2,11.0,b
1196,0.9819234932562443,cn-cable3338287-t2,11.0,b
1197,0.9514777563562726,node71579033,11.0,b
1198,0.9885589294999011,cn-cable3341613-t2,11.0,b
1199,0.9514777307357005,cn-cable3338912-t2,11.0,b
1200,0.9514777560175218,cn-cable3338958-t2,11.0,b
1201,0.9672544296929079,cn-geo_schematic_cable1685-t2,11.0,b
1202,0.9672543821052214,cn-cable3338684-t2,11.0,b
1203,0.9677038544488319,cn-cable3338211-t2,11.0,b
1204,0.9514777616608091,cubicle39034,11.0,b
1205,0.9544772821777299,cn-cable3336388-t2,11.0,b
1206,0.9544772884079725,node58449853,11.0,b
1207,0.9819235243768176,cn-geo_schematic_cable23107-t1,11.0,b
1208,0.9514777885436166,cn-cable3338186-t2,11.0,b
1209,0.9677038310207368,cn-cable3338223-t2,11.0,b
1210,0.9672543867368736,cn-cable3338478-t2,11.0,b
1211,0.9677038488072616,cn-cable3338258-t2,11.0,b
1212,0.9514777805425498,cn-cable3338937-t2,11.0,b
1213,0.9514777968293834,cn-cable3338208-t2,11.0,b
1214,0.9514777919828749,cn-cable3339048-t2,11.0,b
1215,0.9819235058695259,cn-cable3338344-t2,11.0,b
1216,0.9677038803208766,cn-geo_schematic_cable27949-t2,11.0,b
1217,0.9514777924316076,cn-cable3339091-t2,11.0,b
1218,0.9981406397932274,cn-busbar354650-t2,11.0,b
1219,0.9995039643016538,node173091617,11.0,b
1220,0.9998604019429103,cn-simulated34701112_113872-t1,11.0,b
1221,0.9544772189268036,cn-cable3336355-t2,11.0,b
1222,0.9514777560175216,cn-cable3338955-t2,11.0,b
1223,0.9514777121751076,cn-cable3338873-t2,11.0,b
1224,0.95147782882804,cn-geo_schematic_cable235928-t1,11.0,b
1225,0.9672543813235407,cn-cable3338648-t2,11.0,b
1226,0.998002400016077,cn-cable1200969-t2,11.0,b
1227,0.9514778301340988,node57578110,11.0,b
1228,0.9672543706316181,node31975389,11.0,b
1229,0.9885589465791154,cn-cable3246212-t1,11.0,b
1230,0.9514777154783979,cn-cable3338870-t2,11.0,b
1231,0.9980275926366866,cn-busbar254955-t2,11.0,b
1232,0.9984841115509322,cn-busbar355182-t1,11.0,b
1233,0.9677038267505442,cn-cable3338227-t2,11.0,b
1234,0.9544772907717767,cn-geo_schematic_cable22428-t2,11.0,b
1235,0.9544772614852296,cn-cable3336741-t2,11.0,b
1236,0.9672544078111097,cn-geo_schematic_cable14368-t1,11.0,b
1237,0.9989212892497957,cn-cable1108327-t2,11.0,b
1238,0.9514777766613822,node102515290,11.0,b
1239,0.9984463034551181,cn-busbar85067-t1,11.0,b
1240,0.9514777878932872,cn-cable3338206-t2,11.0,b
1241,0.9514778381450798,cn-simulated70361087_648891-t2,11.0,b
1242,0.9819235152953056,cn-geo_schematic_cable65503-t2,11.0,b
1243,0.967703854402784,cn-cable3338209-t2,11.0,b
1244,0.9514778395648458,cn-geo_schematic_cable1846-t1,11.0,b
1245,0.951477793581332,cn-cable3338900-t2,11.0,b
1246,0.9544771927108618,cn-cable2727646-t2,11.0,b
1247,0.9885589570587863,cn-cable3246213-t2,11.0,b
1248,0.9514777866535871,cn-cable3339032-t2,11.0,b
1249,0.95147782882804,cn-geo_schematic_cable235942-t2,11.0,b
1250,0.9514777763425037,cn-cable3338948-t2,11.0,b
1251,0.9514777911879254,cn-cable3338876-t2,11.0,b
1252,0.9677038446917737,cn-cable3339125-t2,11.0,b
1253,0.9819234896085692,cn-cable3338323-t2,11.0,b
1254,0.9672543801618507,cn-cable3338468-t2,11.0,b
1255,0.954477210631199,cn-cable3336361-t2,11.0,b
1256,0.9819235190154397,cn-geo_schematic_cable22959-t1,11.0,b
1257,0.9677038421112161,cn-cable3338854-t2,11.0,b
1258,0.9544771956312833,cn-cable2727645-t2,11.0,b
1259,0.9995536727235657,cn-busbar87058-t2,11.0,b
1260,0.9984210981741524,cn-cable1132583-t2,11.0,b
1261,0.9514777585816362,cn-cable3338995-t2,11.0,b
