name,std_type,from_bus,to_bus,length_km,r_ohm_per_km,x_ohm_per_km,c_nf_per_km,g_us_per_km,max_i_ka,df,parallel,type,in_service
cable1508103,,1122,412,0.01,0.001,0.001,0.001,0.0,1000.0,1.0,1,,True
simulated22959534_100929,,69,342,0.01,0.001,0.001,0.001,0.0,1000.0,1.0,1,,True
cable2727646,,341,527,0.01,0.001,0.001,0.001,0.0,1000.0,1.0,1,,True
cable3338478,,428,842,0.01,0.001,0.001,0.001,0.0,1000.0,1.0,1,,True
cable1132121,,83,775,0.01,0.001,0.001,0.001,0.0,1000.0,1.0,1,,True
cable3338913,,517,173,0.01,0.001,0.001,0.001,0.0,1000.0,1.0,1,,True
cable3338748,,640,857,0.01,0.001,0.001,0.001,0.0,1000.0,1.0,1,,True
cable2879802,,19,803,0.01,0.001,0.001,0.001,0.0,1000.0,1.0,1,,True
geo_schematic_cable235943,,108,134,0.01,0.001,0.001,0.001,0.0,1000.0,1.0,1,,True
cable3338288,,854,1069,0.01,0.001,0.001,0.001,0.0,1000.0,1.0,1,,True
geo_schematic_cable34381,,225,869,0.01,0.001,0.001,0.001,0.0,1000.0,1.0,1,,True
cable1215066,,323,621,0.01,0.001,0.001,0.001,0.0,1000.0,1.0,1,,True
cable3339671,,335,126,0.01,0.001,0.001,0.001,0.0,1000.0,1.0,1,,True
busbar255622,,479,423,0.01,0.001,0.001,0.001,0.0,1000.0,1.0,1,,True
cable3338486,,58,644,0.01,0.001,0.001,0.001,0.0,1000.0,1.0,1,,True
cable3339048,,1119,450,0.01,0.001,0.001,0.001,0.0,1000.0,1.0,1,,True
cable3338644,,350,60,0.01,0.001,0.001,0.001,0.0,1000.0,1.0,1,,True
cable1508108,,545,223,0.01,0.001,0.001,0.001,0.0,1000.0,1.0,1,,True
geo_schematic_cable119592,,307,571,0.01,0.001,0.001,0.001,0.0,1000.0,1.0,1,,True
cable1150448,,154,640,0.01,0.001,0.001,0.001,0.0,1000.0,1.0,1,,True
cable1158124,,229,336,0.01,0.001,0.001,0.001,0.0,1000.0,1.0,1,,True
cable3338171,,122,945,0.01,0.001,0.001,0.001,0.0,1000.0,1.0,1,,True
cable3336359,,833,562,0.01,0.001,0.001,0.001,0.0,1000.0,1.0,1,,True
cable2781901,,478,441,0.01,0.001,0.001,0.001,0.0,1000.0,1.0,1,,True
cable1221269,,519,805,0.01,0.001,0.001,0.001,0.0,1000.0,1.0,1,,True
cable3338225,,651,930,0.01,0.001,0.001,0.001,0.0,1000.0,1.0,1,,True
cable1111921,,148,73,0.01,0.001,0.001,0.001,0.0,1000.0,1.0,1,,True
simulated23398575_99463,,396,1142,0.01,0.001,0.001,0.001,0.0,1000.0,1.0,1,,True
cable3338180,,39,333,0.01,0.001,0.001,0.001,0.0,1000.0,1.0,1,,True
cable1112314,,78,95,0.01,0.001,0.001,0.001,0.0,1000.0,1.0,1,,True
cable1219825,,83,88,0.01,0.001,0.001,0.001,0.0,1000.0,1.0,1,,True
cable1245870,,388,335,0.01,0.001,0.001,0.001,0.0,1000.0,1.0,1,,True
cable3338745,,640,1138,0.01,0.001,0.001,0.001,0.0,1000.0,1.0,1,,True
cable1221165,,176,171,0.01,0.001,0.001,0.001,0.0,1000.0,1.0,1,,True
cable2769156,,151,371,0.01,0.001,0.001,0.001,0.0,1000.0,1.0,1,,True
cable1136312,,728,430,0.01,0.001,0.001,0.001,0.0,1000.0,1.0,1,,True
cable1185372,,167,1101,0.01,0.001,0.001,0.001,0.0,1000.0,1.0,1,,True
cable3338749,,307,402,0.01,0.001,0.001,0.001,0.0,1000.0,1.0,1,,True
cable1133413,,687,367,0.01,0.001,0.001,0.001,0.0,1000.0,1.0,1,,True
cable3338200,,77,1213,0.01,0.001,0.001,0.001,0.0,1000.0,1.0,1,,True
busbar254972,,532,720,0.01,0.001,0.001,0.001,0.0,1000.0,1.0,1,,True
cable1171090,,549,437,0.01,0.001,0.001,0.001,0.0,1000.0,1.0,1,,True
cable2187621,,347,50,0.01,0.001,0.001,0.001,0.0,1000.0,1.0,1,,True
cable1115303,,1100,89,0.01,0.001,0.001,0.001,0.0,1000.0,1.0,1,,True
simulated70361087_648891,,134,813,0.01,0.001,0.001,0.001,0.0,1000.0,1.0,1,,True
cable3338256,,91,272,0.01,0.001,0.001,0.001,0.0,1000.0,1.0,1,,True
cable3713956,,264,146,0.01,0.001,0.001,0.001,0.0,1000.0,1.0,1,,True
cable3339041,,162,734,0.01,0.001,0.001,0.001,0.0,1000.0,1.0,1,,True
cable1133494,,577,14,0.01,0.001,0.001,0.001,0.0,1000.0,1.0,1,,True
cable3368615,,149,725,0.01,0.001,0.001,0.001,0.0,1000.0,1.0,1,,True
cable1106907,,260,849,0.01,0.001,0.001,0.001,0.0,1000.0,1.0,1,,True
cable3339096,,28,853,0.01,0.001,0.001,0.001,0.0,1000.0,1.0,1,,True
cable3338918,,603,730,0.01,0.001,0.001,0.001,0.0,1000.0,1.0,1,,True
cable1198773,,118,122,0.01,0.001,0.001,0.001,0.0,1000.0,1.0,1,,True
cable3339124,,254,1031,0.01,0.001,0.001,0.001,0.0,1000.0,1.0,1,,True
cable3338859,,673,1220,0.01,0.001,0.001,0.001,0.0,1000.0,1.0,1,,True
cable3338345,,213,1146,0.01,0.001,0.001,0.001,0.0,1000.0,1.0,1,,True
geo_schematic_cable1684,,281,555,0.01,0.001,0.001,0.001,0.0,1000.0,1.0,1,,True
cable1508104,,115,1122,0.01,0.001,0.001,0.001,0.0,1000.0,1.0,1,,True
cable1184842,,336,675,0.01,0.001,0.001,0.001,0.0,1000.0,1.0,1,,True
cable1155085,,319,123,0.01,0.001,0.001,0.001,0.0,1000.0,1.0,1,,True
cable1161714,,48,273,0.01,0.001,0.001,0.001,0.0,1000.0,1.0,1,,True
geo_schematic_cable27524,,363,1227,0.01,0.001,0.001,0.001,0.0,1000.0,1.0,1,,True
cable3397178,,27,453,0.01,0.001,0.001,0.001,0.0,1000.0,1.0,1,,True
cable3338208,,21,1012,0.01,0.001,0.001,0.001,0.0,1000.0,1.0,1,,True
geo_schematic_cable14112,,301,448,0.01,0.001,0.001,0.001,0.0,1000.0,1.0,1,,True
cable3336383,,127,605,0.01,0.001,0.001,0.001,0.0,1000.0,1.0,1,,True
cable3338220,,604,597,0.01,0.001,0.001,0.001,0.0,1000.0,1.0,1,,True
cable1134162,,367,157,0.01,0.001,0.001,0.001,0.0,1000.0,1.0,1,,True
cable2122109,,414,1176,0.01,0.001,0.001,0.001,0.0,1000.0,1.0,1,,True
cable3338177,,491,986,0.01,0.001,0.001,0.001,0.0,1000.0,1.0,1,,True
cable3338857,,137,673,0.01,0.001,0.001,0.001,0.0,1000.0,1.0,1,,True
cable3336357,,2,1105,0.01,0.001,0.001,0.001,0.0,1000.0,1.0,1,,True
cable1194928,,844,925,0.01,0.001,0.001,0.001,0.0,1000.0,1.0,1,,True
cable1159589,,255,1009,0.01,0.001,0.001,0.001,0.0,1000.0,1.0,1,,True
busbar355179,,524,292,0.01,0.001,0.001,0.001,0.0,1000.0,1.0,1,,True
geo_schematic_cable65502,,927,59,0.01,0.001,0.001,0.001,0.0,1000.0,1.0,1,,True
geo_schematic_cable36468,,993,715,0.01,0.001,0.001,0.001,0.0,1000.0,1.0,1,,True
cable3338680,,805,851,0.01,0.001,0.001,0.001,0.0,1000.0,1.0,1,,True
cable3339034,,93,541,0.01,0.001,0.001,0.001,0.0,1000.0,1.0,1,,True
cable1185634,,380,163,0.01,0.001,0.001,0.001,0.0,1000.0,1.0,1,,True
cable3338938,,430,1055,0.01,0.001,0.001,0.001,0.0,1000.0,1.0,1,,True
cable1144535,,294,138,0.01,0.001,0.001,0.001,0.0,1000.0,1.0,1,,True
cable1112282,,336,787,0.01,0.001,0.001,0.001,0.0,1000.0,1.0,1,,True
cable3834167,,45,466,0.01,0.001,0.001,0.001,0.0,1000.0,1.0,1,,True
cable1189013,,51,507,0.01,0.001,0.001,0.001,0.0,1000.0,1.0,1,,True
cable3341620,,877,786,0.01,0.001,0.001,0.001,0.0,1000.0,1.0,1,,True
cable1142423,,5,393,0.01,0.001,0.001,0.001,0.0,1000.0,1.0,1,,True
cable1153450,,10,81,0.01,0.001,0.001,0.001,0.0,1000.0,1.0,1,,True
cable1108427,,322,54,0.01,0.001,0.001,0.001,0.0,1000.0,1.0,1,,True
busbar255620,,423,920,0.01,0.001,0.001,0.001,0.0,1000.0,1.0,1,,True
cable1219920,,378,529,0.01,0.001,0.001,0.001,0.0,1000.0,1.0,1,,True
cable3338948,,56,1024,0.01,0.001,0.001,0.001,0.0,1000.0,1.0,1,,True
cable2554554,,424,330,0.01,0.001,0.001,0.001,0.0,1000.0,1.0,1,,True
cable2767008,,90,79,0.01,0.001,0.001,0.001,0.0,1000.0,1.0,1,,True
cable2241414,,629,582,0.01,0.001,0.001,0.001,0.0,1000.0,1.0,1,,True
cable3341626,,487,275,0.01,0.001,0.001,0.001,0.0,1000.0,1.0,1,,True
cable3338480,,428,959,0.01,0.001,0.001,0.001,0.0,1000.0,1.0,1,,True
cable1182985,,36,525,0.01,0.001,0.001,0.001,0.0,1000.0,1.0,1,,True
cable2768859,,909,300,0.01,0.001,0.001,0.001,0.0,1000.0,1.0,1,,True
cable3261193,,108,815,0.01,0.001,0.001,0.001,0.0,1000.0,1.0,1,,True
cable3336365,,973,1171,0.01,0.001,0.001,0.001,0.0,1000.0,1.0,1,,True
cable3255757,,89,772,0.01,0.001,0.001,0.001,0.0,1000.0,1.0,1,,True
cable3338874,,374,721,0.01,0.001,0.001,0.001,0.0,1000.0,1.0,1,,True
cable2098867,,953,733,0.01,0.001,0.001,0.001,0.0,1000.0,1.0,1,,True
cable3338156,,675,763,0.01,0.001,0.001,0.001,0.0,1000.0,1.0,1,,True
cable3338474,,685,440,0.01,0.001,0.001,0.001,0.0,1000.0,1.0,1,,True
cable2798312,,59,554,0.01,0.001,0.001,0.001,0.0,1000.0,1.0,1,,True
cable3338872,,374,754,0.01,0.001,0.001,0.001,0.0,1000.0,1.0,1,,True
cable1216725,,421,704,0.01,0.001,0.001,0.001,0.0,1000.0,1.0,1,,True
cable3338285,,167,825,0.01,0.001,0.001,0.001,0.0,1000.0,1.0,1,,True
cable1134809,,557,101,0.01,0.001,0.001,0.001,0.0,1000.0,1.0,1,,True
cable2767002,,276,386,0.01,0.001,0.001,0.001,0.0,1000.0,1.0,1,,True
cable3338919,,498,614,0.01,0.001,0.001,0.001,0.0,1000.0,1.0,1,,True
cable1111335,,988,420,0.01,0.001,0.001,0.001,0.0,1000.0,1.0,1,,True
cable3338926,,92,647,0.01,0.001,0.001,0.001,0.0,1000.0,1.0,1,,True
cable1112530,,502,648,0.01,0.001,0.001,0.001,0.0,1000.0,1.0,1,,True
cable3246217,,1092,601,0.01,0.001,0.001,0.001,0.0,1000.0,1.0,1,,True
cable2187595,,57,854,0.01,0.001,0.001,0.001,0.0,1000.0,1.0,1,,True
cable3338642,,60,381,0.01,0.001,0.001,0.001,0.0,1000.0,1.0,1,,True
cable3338089,,655,26,0.01,0.001,0.001,0.001,0.0,1000.0,1.0,1,,True
busbar87095,,343,881,0.01,0.001,0.001,0.001,0.0,1000.0,1.0,1,,True
cable2554556,,424,570,0.01,0.001,0.001,0.001,0.0,1000.0,1.0,1,,True
cable2122108,,645,546,0.01,0.001,0.001,0.001,0.0,1000.0,1.0,1,,True
cable3336384,,25,922,0.01,0.001,0.001,0.001,0.0,1000.0,1.0,1,,True
cable3338935,,607,540,0.01,0.001,0.001,0.001,0.0,1000.0,1.0,1,,True
cable1136753,,681,53,0.01,0.001,0.001,0.001,0.0,1000.0,1.0,1,,True
cable3338922,,847,1217,0.01,0.001,0.001,0.001,0.0,1000.0,1.0,1,,True
cable1508058,,230,887,0.01,0.001,0.001,0.001,0.0,1000.0,1.0,1,,True
simulated69876550_161553384,,811,313,0.01,0.001,0.001,0.001,0.0,1000.0,1.0,1,,True
cable1114293,,602,1204,0.01,0.001,0.001,0.001,0.0,1000.0,1.0,1,,True
cable3338154,,958,234,0.01,0.001,0.001,0.001,0.0,1000.0,1.0,1,,True
cable1132929,,195,339,0.01,0.001,0.001,0.001,0.0,1000.0,1.0,1,,True
cable3338649,,197,1098,0.01,0.001,0.001,0.001,0.0,1000.0,1.0,1,,True
cable1198357,,432,51,0.01,0.001,0.001,0.001,0.0,1000.0,1.0,1,,True
cable3338667,,686,1133,0.01,0.001,0.001,0.001,0.0,1000.0,1.0,1,,True
cable1115430,,795,19,0.01,0.001,0.001,0.001,0.0,1000.0,1.0,1,,True
busbar85066,,496,309,0.01,0.001,0.001,0.001,0.0,1000.0,1.0,1,,True
cable3339099,,88,399,0.01,0.001,0.001,0.001,0.0,1000.0,1.0,1,,True
cable3341617,,404,989,0.01,0.001,0.001,0.001,0.0,1000.0,1.0,1,,True
cable2970008,,217,201,0.01,0.001,0.001,0.001,0.0,1000.0,1.0,1,,True
cable1137268,,548,165,0.01,0.001,0.001,0.001,0.0,1000.0,1.0,1,,True
cable1153933,,602,64,0.01,0.001,0.001,0.001,0.0,1000.0,1.0,1,,True
busbar83730,,690,435,0.01,0.001,0.001,0.001,0.0,1000.0,1.0,1,,True
cable3338742,,107,257,0.01,0.001,0.001,0.001,0.0,1000.0,1.0,1,,True
cable1210504,,638,858,0.01,0.001,0.001,0.001,0.0,1000.0,1.0,1,,True
busbar88081,,972,1169,0.01,0.001,0.001,0.001,0.0,1000.0,1.0,1,,True
cable3269443,,48,863,0.01,0.001,0.001,0.001,0.0,1000.0,1.0,1,,True
simulated33409252_83235270,,733,419,0.01,0.001,0.001,0.001,0.0,1000.0,1.0,1,,True
cable1218440,,339,467,0.01,0.001,0.001,0.001,0.0,1000.0,1.0,1,,True
cable1183177,,82,200,0.01,0.001,0.001,0.001,0.0,1000.0,1.0,1,,True
cable3336387,,411,296,0.01,0.001,0.001,0.001,0.0,1000.0,1.0,1,,True
cable1131420,,549,187,0.01,0.001,0.001,0.001,0.0,1000.0,1.0,1,,True
cable2727648,,341,894,0.01,0.001,0.001,0.001,0.0,1000.0,1.0,1,,True
busbar355175,,106,1086,0.01,0.001,0.001,0.001,0.0,1000.0,1.0,1,,True
cable3341627,,233,828,0.01,0.001,0.001,0.001,0.0,1000.0,1.0,1,,True
cable1174796,,83,518,0.01,0.001,0.001,0.001,0.0,1000.0,1.0,1,,True
cable1130311,,664,174,0.01,0.001,0.001,0.001,0.0,1000.0,1.0,1,,True
cable3338213,,165,1147,0.01,0.001,0.001,0.001,0.0,1000.0,1.0,1,,True
busbar83739,,599,906,0.01,0.001,0.001,0.001,0.0,1000.0,1.0,1,,True
cable1209432,,785,864,0.01,0.001,0.001,0.001,0.0,1000.0,1.0,1,,True
cable1508109,,188,139,0.01,0.001,0.001,0.001,0.0,1000.0,1.0,1,,True
cable3338348,,594,844,0.01,0.001,0.001,0.001,0.0,1000.0,1.0,1,,True
cable3338140,,655,463,0.01,0.001,0.001,0.001,0.0,1000.0,1.0,1,,True
cable1162366,,795,956,0.01,0.001,0.001,0.001,0.0,1000.0,1.0,1,,True
cable3338932,,497,674,0.01,0.001,0.001,0.001,0.0,1000.0,1.0,1,,True
cable1114516,,57,481,0.01,0.001,0.001,0.001,0.0,1000.0,1.0,1,,True
cable1178131,,736,288,0.01,0.001,0.001,0.001,0.0,1000.0,1.0,1,,True
cable2085235,,761,774,0.01,0.001,0.001,0.001,0.0,1000.0,1.0,1,,True
cable3338259,,731,474,0.01,0.001,0.001,0.001,0.0,1000.0,1.0,1,,True
cable3336729,,600,178,0.01,0.001,0.001,0.001,0.0,1000.0,1.0,1,,True
cable3336744,,822,538,0.01,0.001,0.001,0.001,0.0,1000.0,1.0,1,,True
cable2698392,,378,823,0.01,0.001,0.001,0.001,0.0,1000.0,1.0,1,,True
simulated71243238_1841189,,112,870,0.01,0.001,0.001,0.001,0.0,1000.0,1.0,1,,True
cable1508110,,210,188,0.01,0.001,0.001,0.001,0.0,1000.0,1.0,1,,True
cable3338211,,855,8,0.01,0.001,0.001,0.001,0.0,1000.0,1.0,1,,True
cable3338683,,54,189,0.01,0.001,0.001,0.001,0.0,1000.0,1.0,1,,True
cable1147089,,1083,286,0.01,0.001,0.001,0.001,0.0,1000.0,1.0,1,,True
cable3269444,,672,1196,0.01,0.001,0.001,0.001,0.0,1000.0,1.0,1,,True
busbar355183,,94,80,0.01,0.001,0.001,0.001,0.0,1000.0,1.0,1,,True
geo_schematic_cable23106,,247,1040,0.01,0.001,0.001,0.001,0.0,1000.0,1.0,1,,True
cable3338920,,603,961,0.01,0.001,0.001,0.001,0.0,1000.0,1.0,1,,True
cable3339091,,23,1077,0.01,0.001,0.001,0.001,0.0,1000.0,1.0,1,,True
cable3604370,,396,232,0.01,0.001,0.001,0.001,0.0,1000.0,1.0,1,,True
geo_schematic_cable1690,,563,180,0.01,0.001,0.001,0.001,0.0,1000.0,1.0,1,,True
cable1245338,,73,833,0.01,0.001,0.001,0.001,0.0,1000.0,1.0,1,,True
cable3336389,,466,709,0.01,0.001,0.001,0.001,0.0,1000.0,1.0,1,,True
cable3336360,,123,1079,0.01,0.001,0.001,0.001,0.0,1000.0,1.0,1,,True
cable1173102,,29,470,0.01,0.001,0.001,0.001,0.0,1000.0,1.0,1,,True
cable1198418,,375,248,0.01,0.001,0.001,0.001,0.0,1000.0,1.0,1,,True
geo_schematic_cable1773,,654,718,0.01,0.001,0.001,0.001,0.0,1000.0,1.0,1,,True
cable1151685,,749,1158,0.01,0.001,0.001,0.001,0.0,1000.0,1.0,1,,True
geo_schematic_cable34380,,583,1177,0.01,0.001,0.001,0.001,0.0,1000.0,1.0,1,,True
cable3338344,,213,585,0.01,0.001,0.001,0.001,0.0,1000.0,1.0,1,,True
cable1175921,,554,97,0.01,0.001,0.001,0.001,0.0,1000.0,1.0,1,,True
cable1209083,,13,141,0.01,0.001,0.001,0.001,0.0,1000.0,1.0,1,,True
cable1143314,,735,168,0.01,0.001,0.001,0.001,0.0,1000.0,1.0,1,,True
cable3341624,,95,812,0.01,0.001,0.001,0.001,0.0,1000.0,1.0,1,,True
cable3338473,,43,861,0.01,0.001,0.001,0.001,0.0,1000.0,1.0,1,,True
cable3338281,,470,547,0.01,0.001,0.001,0.001,0.0,1000.0,1.0,1,,True
cable3154112,,691,724,0.01,0.001,0.001,0.001,0.0,1000.0,1.0,1,,True
cable1208340,,554,498,0.01,0.001,0.001,0.001,0.0,1000.0,1.0,1,,True
cable3338666,,1102,1014,0.01,0.001,0.001,0.001,0.0,1000.0,1.0,1,,True
cable3339049,,23,1184,0.01,0.001,0.001,0.001,0.0,1000.0,1.0,1,,True
cable3338175,,227,1070,0.01,0.001,0.001,0.001,0.0,1000.0,1.0,1,,True
cable1123105,,193,604,0.01,0.001,0.001,0.001,0.0,1000.0,1.0,1,,True
cable2788248,,85,421,0.01,0.001,0.001,0.001,0.0,1000.0,1.0,1,,True
cable3338908,,14,810,0.01,0.001,0.001,0.001,0.0,1000.0,1.0,1,,True
cable2767495,,197,768,0.01,0.001,0.001,0.001,0.0,1000.0,1.0,1,,True
cable1181546,,138,789,0.01,0.001,0.001,0.001,0.0,1000.0,1.0,1,,True
simulated23121435_58681,,762,1109,0.01,0.001,0.001,0.001,0.0,1000.0,1.0,1,,True
cable1184799,,356,743,0.01,0.001,0.001,0.001,0.0,1000.0,1.0,1,,True
cable3338221,,604,425,0.01,0.001,0.001,0.001,0.0,1000.0,1.0,1,,True
cable3604374,,232,629,0.01,0.001,0.001,0.001,0.0,1000.0,1.0,1,,True
cable2937658,,1166,1131,0.01,0.001,0.001,0.001,0.0,1000.0,1.0,1,,True
cable1212240,,455,119,0.01,0.001,0.001,0.001,0.0,1000.0,1.0,1,,True
cable2797792,,45,452,0.01,0.001,0.001,0.001,0.0,1000.0,1.0,1,,True
cable1213861,,437,608,0.01,0.001,0.001,0.001,0.0,1000.0,1.0,1,,True
cable3977065,,112,35,0.01,0.001,0.001,0.001,0.0,1000.0,1.0,1,,True
cable3339045,,592,114,0.01,0.001,0.001,0.001,0.0,1000.0,1.0,1,,True
geo_schematic_cable36510,,1027,589,0.01,0.001,0.001,0.001,0.0,1000.0,1.0,1,,True
cable1113832,,494,656,0.01,0.001,0.001,0.001,0.0,1000.0,1.0,1,,True
cable2125685,,541,462,0.01,0.001,0.001,0.001,0.0,1000.0,1.0,1,,True
cable3338957,,606,902,0.01,0.001,0.001,0.001,0.0,1000.0,1.0,1,,True
cable3336362,,833,1202,0.01,0.001,0.001,0.001,0.0,1000.0,1.0,1,,True
geo_schematic_cable233372,,528,767,0.01,0.001,0.001,0.001,0.0,1000.0,1.0,1,,True
cable1176211,,577,153,0.01,0.001,0.001,0.001,0.0,1000.0,1.0,1,,True
geo_schematic_cable27947,,719,726,0.01,0.001,0.001,0.001,0.0,1000.0,1.0,1,,True
cable1191856,,49,39,0.01,0.001,0.001,0.001,0.0,1000.0,1.0,1,,True
cable1191398,,669,1173,0.01,0.001,0.001,0.001,0.0,1000.0,1.0,1,,True
cable3338343,,729,808,0.01,0.001,0.001,0.001,0.0,1000.0,1.0,1,,True
cable2798311,,634,455,0.01,0.001,0.001,0.001,0.0,1000.0,1.0,1,,True
cable1176111,,53,13,0.01,0.001,0.001,0.001,0.0,1000.0,1.0,1,,True
geo_schematic_cable1840,,1084,665,0.01,0.001,0.001,0.001,0.0,1000.0,1.0,1,,True
busbar251715,,419,1,0.01,0.001,0.001,0.001,0.0,1000.0,1.0,1,,True
cable3338862,,270,464,0.01,0.001,0.001,0.001,0.0,1000.0,1.0,1,,True
cable3338681,,805,251,0.01,0.001,0.001,0.001,0.0,1000.0,1.0,1,,True
cable1508084,,164,84,0.01,0.001,0.001,0.001,0.0,1000.0,1.0,1,,True
cable3713957,,264,116,0.01,0.001,0.001,0.001,0.0,1000.0,1.0,1,,True
cable1198540,,73,892,0.01,0.001,0.001,0.001,0.0,1000.0,1.0,1,,True
cable1184230,,168,68,0.01,0.001,0.001,0.001,0.0,1000.0,1.0,1,,True
cable2727645,,246,304,0.01,0.001,0.001,0.001,0.0,1000.0,1.0,1,,True
cable3336367,,226,776,0.01,0.001,0.001,0.001,0.0,1000.0,1.0,1,,True
cable3338470,,198,261,0.01,0.001,0.001,0.001,0.0,1000.0,1.0,1,,True
cable3338685,,771,438,0.01,0.001,0.001,0.001,0.0,1000.0,1.0,1,,True
cable1122795,,591,795,0.01,0.001,0.001,0.001,0.0,1000.0,1.0,1,,True
cable3341083,,221,955,0.01,0.001,0.001,0.001,0.0,1000.0,1.0,1,,True
cable3338142,,117,1197,0.01,0.001,0.001,0.001,0.0,1000.0,1.0,1,,True
cable1191230,,420,148,0.01,0.001,0.001,0.001,0.0,1000.0,1.0,1,,True
cable3338958,,606,429,0.01,0.001,0.001,0.001,0.0,1000.0,1.0,1,,True
cable3338952,,348,1189,0.01,0.001,0.001,0.001,0.0,1000.0,1.0,1,,True
busbar85065,,309,567,0.01,0.001,0.001,0.001,0.0,1000.0,1.0,1,,True
cable3338465,,155,1006,0.01,0.001,0.001,0.001,0.0,1000.0,1.0,1,,True
cable1130475,,960,855,0.01,0.001,0.001,0.001,0.0,1000.0,1.0,1,,True
geo_schematic_cable61754,,185,668,0.01,0.001,0.001,0.001,0.0,1000.0,1.0,1,,True
cable3338944,,365,923,0.01,0.001,0.001,0.001,0.0,1000.0,1.0,1,,True
cable1134196,,736,192,0.01,0.001,0.001,0.001,0.0,1000.0,1.0,1,,True
cable2187620,,347,969,0.01,0.001,0.001,0.001,0.0,1000.0,1.0,1,,True
simulated24502843_202755,,724,74,0.01,0.001,0.001,0.001,0.0,1000.0,1.0,1,,True
cable3338488,,30,900,0.01,0.001,0.001,0.001,0.0,1000.0,1.0,1,,True
cable3338868,,741,384,0.01,0.001,0.001,0.001,0.0,1000.0,1.0,1,,True
cable3269446,,303,1203,0.01,0.001,0.001,0.001,0.0,1000.0,1.0,1,,True
cable3338901,,119,1022,0.01,0.001,0.001,0.001,0.0,1000.0,1.0,1,,True
cable3338997,,373,827,0.01,0.001,0.001,0.001,0.0,1000.0,1.0,1,,True
cable3261195,,594,451,0.01,0.001,0.001,0.001,0.0,1000.0,1.0,1,,True
cable3338283,,144,981,0.01,0.001,0.001,0.001,0.0,1000.0,1.0,1,,True
cable3339040,,120,891,0.01,0.001,0.001,0.001,0.0,1000.0,1.0,1,,True
cable1153989,,154,1125,0.01,0.001,0.001,0.001,0.0,1000.0,1.0,1,,True
cable3338174,,564,745,0.01,0.001,0.001,0.001,0.0,1000.0,1.0,1,,True
cable1226201,,118,229,0.01,0.001,0.001,0.001,0.0,1000.0,1.0,1,,True
cable3338207,,21,697,0.01,0.001,0.001,0.001,0.0,1000.0,1.0,1,,True
cable3338875,,187,366,0.01,0.001,0.001,0.001,0.0,1000.0,1.0,1,,True
cable3338915,,415,908,0.01,0.001,0.001,0.001,0.0,1000.0,1.0,1,,True
cable1128596,,71,736,0.01,0.001,0.001,0.001,0.0,1000.0,1.0,1,,True
busbar254971,,720,240,0.01,0.001,0.001,0.001,0.0,1000.0,1.0,1,,True
cable1137359,,704,22,0.01,0.001,0.001,0.001,0.0,1000.0,1.0,1,,True
cable2768851,,441,1104,0.01,0.001,0.001,0.001,0.0,1000.0,1.0,1,,True
cable1179228,,53,741,0.01,0.001,0.001,0.001,0.0,1000.0,1.0,1,,True
cable3336366,,226,406,0.01,0.001,0.001,0.001,0.0,1000.0,1.0,1,,True
geo_schematic_cable60888,,105,912,0.01,0.001,0.001,0.001,0.0,1000.0,1.0,1,,True
cable3338181,,39,1114,0.01,0.001,0.001,0.001,0.0,1000.0,1.0,1,,True
cable2798317,,67,71,0.01,0.001,0.001,0.001,0.0,1000.0,1.0,1,,True
cable3269442,,672,873,0.01,0.001,0.001,0.001,0.0,1000.0,1.0,1,,True
cable1199340,,962,265,0.01,0.001,0.001,0.001,0.0,1000.0,1.0,1,,True
cable3338904,,467,552,0.01,0.001,0.001,0.001,0.0,1000.0,1.0,1,,True
cable1199177,,760,667,0.01,0.001,0.001,0.001,0.0,1000.0,1.0,1,,True
cable2085237,,791,128,0.01,0.001,0.001,0.001,0.0,1000.0,1.0,1,,True
geo_schematic_cable27945,,1013,719,0.01,0.001,0.001,0.001,0.0,1000.0,1.0,1,,True
cable1171182,,456,685,0.01,0.001,0.001,0.001,0.0,1000.0,1.0,1,,True
busbar254542,,244,1205,0.01,0.001,0.001,0.001,0.0,1000.0,1.0,1,,True
cable2797795,,204,226,0.01,0.001,0.001,0.001,0.0,1000.0,1.0,1,,True
cable1165522,,157,186,0.01,0.001,0.001,0.001,0.0,1000.0,1.0,1,,True
cable3339031,,462,289,0.01,0.001,0.001,0.001,0.0,1000.0,1.0,1,,True
cable3341612,,352,819,0.01,0.001,0.001,0.001,0.0,1000.0,1.0,1,,True
cable3338648,,383,1141,0.01,0.001,0.001,0.001,0.0,1000.0,1.0,1,,True
cable1216504,,98,497,0.01,0.001,0.001,0.001,0.0,1000.0,1.0,1,,True
cable1192592,,46,390,0.01,0.001,0.001,0.001,0.0,1000.0,1.0,1,,True
geo_schematic_cable23107,,318,247,0.01,0.001,0.001,0.001,0.0,1000.0,1.0,1,,True
cable3589940,,217,678,0.01,0.001,0.001,0.001,0.0,1000.0,1.0,1,,True
busbar355172,,313,447,0.01,0.001,0.001,0.001,0.0,1000.0,1.0,1,,True
cable1245871,,227,564,0.01,0.001,0.001,0.001,0.0,1000.0,1.0,1,,True
cable3338911,,203,209,0.01,0.001,0.001,0.001,0.0,1000.0,1.0,1,,True
busbar251718,,580,130,0.01,0.001,0.001,0.001,0.0,1000.0,1.0,1,,True
cable3338864,,535,1149,0.01,0.001,0.001,0.001,0.0,1000.0,1.0,1,,True
cable2863422,,387,456,0.01,0.001,0.001,0.001,0.0,1000.0,1.0,1,,True
cable1180079,,991,70,0.01,0.001,0.001,0.001,0.0,1000.0,1.0,1,,True
simulated23398576_173091586,,1074,856,0.01,0.001,0.001,0.001,0.0,1000.0,1.0,1,,True
cable1219209,,394,542,0.01,0.001,0.001,0.001,0.0,1000.0,1.0,1,,True
cable1177883,,70,596,0.01,0.001,0.001,0.001,0.0,1000.0,1.0,1,,True
cable2187592,,18,666,0.01,0.001,0.001,0.001,0.0,1000.0,1.0,1,,True
geo_schematic_cable14578,,299,722,0.01,0.001,0.001,0.001,0.0,1000.0,1.0,1,,True
cable3336386,,743,699,0.01,0.001,0.001,0.001,0.0,1000.0,1.0,1,,True
cable3339032,,462,954,0.01,0.001,0.001,0.001,0.0,1000.0,1.0,1,,True
cable1225402,,988,204,0.01,0.001,0.001,0.001,0.0,1000.0,1.0,1,,True
cable3338646,,383,612,0.01,0.001,0.001,0.001,0.0,1000.0,1.0,1,,True
geo_schematic_cable36469,,997,305,0.01,0.001,0.001,0.001,0.0,1000.0,1.0,1,,True
cable2797791,,51,760,0.01,0.001,0.001,0.001,0.0,1000.0,1.0,1,,True
cable1117952,,133,537,0.01,0.001,0.001,0.001,0.0,1000.0,1.0,1,,True
cable1135169,,775,625,0.01,0.001,0.001,0.001,0.0,1000.0,1.0,1,,True
cable3338476,,170,1179,0.01,0.001,0.001,0.001,0.0,1000.0,1.0,1,,True
cable1176353,,339,716,0.01,0.001,0.001,0.001,0.0,1000.0,1.0,1,,True
cable3338870,,53,510,0.01,0.001,0.001,0.001,0.0,1000.0,1.0,1,,True
cable1119137,,591,375,0.01,0.001,0.001,0.001,0.0,1000.0,1.0,1,,True
cable1218152,,1045,488,0.01,0.001,0.001,0.001,0.0,1000.0,1.0,1,,True
cable1193208,,246,341,0.01,0.001,0.001,0.001,0.0,1000.0,1.0,1,,True
cable2085248,,381,457,0.01,0.001,0.001,0.001,0.0,1000.0,1.0,1,,True
cable3338184,,249,1145,0.01,0.001,0.001,0.001,0.0,1000.0,1.0,1,,True
cable1178387,,147,516,0.01,0.001,0.001,0.001,0.0,1000.0,1.0,1,,True
cable3336708,,273,369,0.01,0.001,0.001,0.001,0.0,1000.0,1.0,1,,True
cable3338152,,787,1224,0.01,0.001,0.001,0.001,0.0,1000.0,1.0,1,,True
cable1142622,,148,395,0.01,0.001,0.001,0.001,0.0,1000.0,1.0,1,,True
cable1246061,,630,877,0.01,0.001,0.001,0.001,0.0,1000.0,1.0,1,,True
cable3338485,,1126,1156,0.01,0.001,0.001,0.001,0.0,1000.0,1.0,1,,True
simulated23052190_40598,,793,475,0.01,0.001,0.001,0.001,0.0,1000.0,1.0,1,,True
busbar83732,,618,705,0.01,0.001,0.001,0.001,0.0,1000.0,1.0,1,,True
cable1174763,,67,267,0.01,0.001,0.001,0.001,0.0,1000.0,1.0,1,,True
busbar355176,,268,524,0.01,0.001,0.001,0.001,0.0,1000.0,1.0,1,,True
cable1162667,,516,38,0.01,0.001,0.001,0.001,0.0,1000.0,1.0,1,,True
geo_schematic_cable34384,,631,215,0.01,0.001,0.001,0.001,0.0,1000.0,1.0,1,,True
cable1193140,,10,21,0.01,0.001,0.001,0.001,0.0,1000.0,1.0,1,,True
geo_schematic_cable119593,,371,712,0.01,0.001,0.001,0.001,0.0,1000.0,1.0,1,,True
cable2777151,,849,929,0.01,0.001,0.001,0.001,0.0,1000.0,1.0,1,,True
cable3336715,,505,472,0.01,0.001,0.001,0.001,0.0,1000.0,1.0,1,,True
cable3339592,,390,1081,0.01,0.001,0.001,0.001,0.0,1000.0,1.0,1,,True
cable1115922,,218,127,0.01,0.001,0.001,0.001,0.0,1000.0,1.0,1,,True
geo_schematic_cable22431,,259,132,0.01,0.001,0.001,0.001,0.0,1000.0,1.0,1,,True
cable1151302,,1028,826,0.01,0.001,0.001,0.001,0.0,1000.0,1.0,1,,True
cable2767001,,739,839,0.01,0.001,0.001,0.001,0.0,1000.0,1.0,1,,True
cable1155958,,462,401,0.01,0.001,0.001,0.001,0.0,1000.0,1.0,1,,True
cable2729612,,508,1021,0.01,0.001,0.001,0.001,0.0,1000.0,1.0,1,,True
cable3338472,,43,521,0.01,0.001,0.001,0.001,0.0,1000.0,1.0,1,,True
cable3338143,,117,598,0.01,0.001,0.001,0.001,0.0,1000.0,1.0,1,,True
cable3338155,,675,1134,0.01,0.001,0.001,0.001,0.0,1000.0,1.0,1,,True
cable1246414,,482,117,0.01,0.001,0.001,0.001,0.0,1000.0,1.0,1,,True
cable3338149,,41,568,0.01,0.001,0.001,0.001,0.0,1000.0,1.0,1,,True
cable3338912,,203,818,0.01,0.001,0.001,0.001,0.0,1000.0,1.0,1,,True
geo_schematic_cable235928,,326,1003,0.01,0.001,0.001,0.001,0.0,1000.0,1.0,1,,True
cable3719711,,432,1010,0.01,0.001,0.001,0.001,0.0,1000.0,1.0,1,,True
cable3338910,,153,904,0.01,0.001,0.001,0.001,0.0,1000.0,1.0,1,,True
geo_schematic_cable23103,,1072,677,0.01,0.001,0.001,0.001,0.0,1000.0,1.0,1,,True
cable3338906,,97,1135,0.01,0.001,0.001,0.001,0.0,1000.0,1.0,1,,True
cable3888529,,865,42,0.01,0.001,0.001,0.001,0.0,1000.0,1.0,1,,True
geo_schematic_cable233324,,35,742,0.01,0.001,0.001,0.001,0.0,1000.0,1.0,1,,True
cable1198988,,36,933,0.01,0.001,0.001,0.001,0.0,1000.0,1.0,1,,True
cable1172594,,728,847,0.01,0.001,0.001,0.001,0.0,1000.0,1.0,1,,True
cable2727649,,283,1212,0.01,0.001,0.001,0.001,0.0,1000.0,1.0,1,,True
cable1205168,,91,1060,0.01,0.001,0.001,0.001,0.0,1000.0,1.0,1,,True
cable1180317,,816,294,0.01,0.001,0.001,0.001,0.0,1000.0,1.0,1,,True
cable3338321,,287,355,0.01,0.001,0.001,0.001,0.0,1000.0,1.0,1,,True
cable3341611,,352,279,0.01,0.001,0.001,0.001,0.0,1000.0,1.0,1,,True
cable3338214,,165,152,0.01,0.001,0.001,0.001,0.0,1000.0,1.0,1,,True
cable1192213,,449,631,0.01,0.001,0.001,0.001,0.0,1000.0,1.0,1,,True
cable3336355,,871,1042,0.01,0.001,0.001,0.001,0.0,1000.0,1.0,1,,True
cable1114783,,452,356,0.01,0.001,0.001,0.001,0.0,1000.0,1.0,1,,True
geo_schematic_cable235942,,108,1005,0.01,0.001,0.001,0.001,0.0,1000.0,1.0,1,,True
cable1197187,,133,16,0.01,0.001,0.001,0.001,0.0,1000.0,1.0,1,,True
geo_schematic_cable134847,,576,302,0.01,0.001,0.001,0.001,0.0,1000.0,1.0,1,,True
cable2125762,,283,777,0.01,0.001,0.001,0.001,0.0,1000.0,1.0,1,,True
cable1134376,,437,846,0.01,0.001,0.001,0.001,0.0,1000.0,1.0,1,,True
cable3339093,,335,778,0.01,0.001,0.001,0.001,0.0,1000.0,1.0,1,,True
cable1508051,,895,389,0.01,0.001,0.001,0.001,0.0,1000.0,1.0,1,,True
cable3338187,,32,1206,0.01,0.001,0.001,0.001,0.0,1000.0,1.0,1,,True
cable2698390,,849,185,0.01,0.001,0.001,0.001,0.0,1000.0,1.0,1,,True
cable3338487,,58,914,0.01,0.001,0.001,0.001,0.0,1000.0,1.0,1,,True
cable1194678,,370,408,0.01,0.001,0.001,0.001,0.0,1000.0,1.0,1,,True
cable3336714,,219,1165,0.01,0.001,0.001,0.001,0.0,1000.0,1.0,1,,True
busbar254546,,244,306,0.01,0.001,0.001,0.001,0.0,1000.0,1.0,1,,True
geo_schematic_cable134846,,284,593,0.01,0.001,0.001,0.001,0.0,1000.0,1.0,1,,True
cable3338253,,351,285,0.01,0.001,0.001,0.001,0.0,1000.0,1.0,1,,True
cable3338909,,153,212,0.01,0.001,0.001,0.001,0.0,1000.0,1.0,1,,True
cable3336402,,1052,551,0.01,0.001,0.001,0.001,0.0,1000.0,1.0,1,,True
cable1131524,,456,468,0.01,0.001,0.001,0.001,0.0,1000.0,1.0,1,,True
cable2122107,,346,886,0.01,0.001,0.001,0.001,0.0,1000.0,1.0,1,,True
cable1129648,,200,990,0.01,0.001,0.001,0.001,0.0,1000.0,1.0,1,,True
simulated23015020_203086,,222,35,0.01,0.001,0.001,0.001,0.0,1000.0,1.0,1,,True
cable3338907,,14,332,0.01,0.001,0.001,0.001,0.0,1000.0,1.0,1,,True
cable1176975,,704,769,0.01,0.001,0.001,0.001,0.0,1000.0,1.0,1,,True
cable3338852,,323,403,0.01,0.001,0.001,0.001,0.0,1000.0,1.0,1,,True
cable3338993,,373,1201,0.01,0.001,0.001,0.001,0.0,1000.0,1.0,1,,True
busbar87085,,343,898,0.01,0.001,0.001,0.001,0.0,1000.0,1.0,1,,True
geo_schematic_cable14330,,1008,190,0.01,0.001,0.001,0.001,0.0,1000.0,1.0,1,,True
simulated23427399_210792,,907,62,0.01,0.001,0.001,0.001,0.0,1000.0,1.0,1,,True
geo_schematic_cable27941,,671,284,0.01,0.001,0.001,0.001,0.0,1000.0,1.0,1,,True
cable2085234,,774,345,0.01,0.001,0.001,0.001,0.0,1000.0,1.0,1,,True
cable3806606,,1021,868,0.01,0.001,0.001,0.001,0.0,1000.0,1.0,1,,True
cable3338328,,341,1115,0.01,0.001,0.001,0.001,0.0,1000.0,1.0,1,,True
cable1224147,,138,383,0.01,0.001,0.001,0.001,0.0,1000.0,1.0,1,,True
cable1148501,,749,427,0.01,0.001,0.001,0.001,0.0,1000.0,1.0,1,,True
cable3338481,,317,899,0.01,0.001,0.001,0.001,0.0,1000.0,1.0,1,,True
cable3336325,,773,1124,0.01,0.001,0.001,0.001,0.0,1000.0,1.0,1,,True
cable1171335,,373,242,0.01,0.001,0.001,0.001,0.0,1000.0,1.0,1,,True
cable2766728,,648,36,0.01,0.001,0.001,0.001,0.0,1000.0,1.0,1,,True
geo_schematic_cable233371,,928,112,0.01,0.001,0.001,0.001,0.0,1000.0,1.0,1,,True
cable1199338,,476,31,0.01,0.001,0.001,0.001,0.0,1000.0,1.0,1,,True
cable1115472,,319,526,0.01,0.001,0.001,0.001,0.0,1000.0,1.0,1,,True
geo_schematic_cable14468,,830,315,0.01,0.001,0.001,0.001,0.0,1000.0,1.0,1,,True
busbar251716,,1,569,0.01,0.001,0.001,0.001,0.0,1000.0,1.0,1,,True
geo_schematic_cable69621,,132,784,0.01,0.001,0.001,0.001,0.0,1000.0,1.0,1,,True
cable3338172,,480,1099,0.01,0.001,0.001,0.001,0.0,1000.0,1.0,1,,True
geo_schematic_cable196969,,362,407,0.01,0.001,0.001,0.001,0.0,1000.0,1.0,1,,True
cable3338994,,6,829,0.01,0.001,0.001,0.001,0.0,1000.0,1.0,1,,True
cable1222175,,377,5,0.01,0.001,0.001,0.001,0.0,1000.0,1.0,1,,True
cable3341621,,877,228,0.01,0.001,0.001,0.001,0.0,1000.0,1.0,1,,True
simulated34701112_113872,,738,414,0.01,0.001,0.001,0.001,0.0,1000.0,1.0,1,,True
cable1508059,,86,230,0.01,0.001,0.001,0.001,0.0,1000.0,1.0,1,,True
cable3338867,,696,860,0.01,0.001,0.001,0.001,0.0,1000.0,1.0,1,,True
geo_schematic_cable14368,,391,654,0.01,0.001,0.001,0.001,0.0,1000.0,1.0,1,,True
cable1508055,,379,179,0.01,0.001,0.001,0.001,0.0,1000.0,1.0,1,,True
cable1186103,,90,33,0.01,0.001,0.001,0.001,0.0,1000.0,1.0,1,,True
cable3338477,,170,985,0.01,0.001,0.001,0.001,0.0,1000.0,1.0,1,,True
cable3338645,,60,652,0.01,0.001,0.001,0.001,0.0,1000.0,1.0,1,,True
cable3341614,,542,1050,0.01,0.001,0.001,0.001,0.0,1000.0,1.0,1,,True
cable3687708,,232,377,0.01,0.001,0.001,0.001,0.0,1000.0,1.0,1,,True
cable3338147,,314,1089,0.01,0.001,0.001,0.001,0.0,1000.0,1.0,1,,True
cable1132583,,174,938,0.01,0.001,0.001,0.001,0.0,1000.0,1.0,1,,True
cable1174050,,437,885,0.01,0.001,0.001,0.001,0.0,1000.0,1.0,1,,True
cable3338205,,276,483,0.01,0.001,0.001,0.001,0.0,1000.0,1.0,1,,True
cable1151332,,135,1207,0.01,0.001,0.001,0.001,0.0,1000.0,1.0,1,,True
cable1127874,,4,374,0.01,0.001,0.001,0.001,0.0,1000.0,1.0,1,,True
cable1217615,,775,354,0.01,0.001,0.001,0.001,0.0,1000.0,1.0,1,,True
cable1163647,,157,799,0.01,0.001,0.001,0.001,0.0,1000.0,1.0,1,,True
cable2970007,,347,357,0.01,0.001,0.001,0.001,0.0,1000.0,1.0,1,,True
busbar87858,,883,413,0.01,0.001,0.001,0.001,0.0,1000.0,1.0,1,,True
cable3338855,,695,586,0.01,0.001,0.001,0.001,0.0,1000.0,1.0,1,,True
cable3338280,,470,574,0.01,0.001,0.001,0.001,0.0,1000.0,1.0,1,,True
busbar355181,,94,682,0.01,0.001,0.001,0.001,0.0,1000.0,1.0,1,,True
cable1189613,,260,630,0.01,0.001,0.001,0.001,0.0,1000.0,1.0,1,,True
cable3342932,,673,710,0.01,0.001,0.001,0.001,0.0,1000.0,1.0,1,,True
cable3771840,,522,939,0.01,0.001,0.001,0.001,0.0,1000.0,1.0,1,,True
busbar355177,,292,1231,0.01,0.001,0.001,0.001,0.0,1000.0,1.0,1,,True
geo_schematic_cable196966,,558,1067,0.01,0.001,0.001,0.001,0.0,1000.0,1.0,1,,True
cable3338669,,327,756,0.01,0.001,0.001,0.001,0.0,1000.0,1.0,1,,True
cable1155376,,901,694,0.01,0.001,0.001,0.001,0.0,1000.0,1.0,1,,True
cable1109576,,519,136,0.01,0.001,0.001,0.001,0.0,1000.0,1.0,1,,True
cable3338324,,867,1180,0.01,0.001,0.001,0.001,0.0,1000.0,1.0,1,,True
cable1200267,,81,982,0.01,0.001,0.001,0.001,0.0,1000.0,1.0,1,,True
busbar84114,,977,1190,0.01,0.001,0.001,0.001,0.0,1000.0,1.0,1,,True
cable3336356,,2,500,0.01,0.001,0.001,0.001,0.0,1000.0,1.0,1,,True
cable1194752,,73,319,0.01,0.001,0.001,0.001,0.0,1000.0,1.0,1,,True
cable1508105,,210,115,0.01,0.001,0.001,0.001,0.0,1000.0,1.0,1,,True
geo_schematic_cable14579,,1108,220,0.01,0.001,0.001,0.001,0.0,1000.0,1.0,1,,True
geo_schematic_cable34375,,1177,1056,0.01,0.001,0.001,0.001,0.0,1000.0,1.0,1,,True
cable1220681,,536,991,0.01,0.001,0.001,0.001,0.0,1000.0,1.0,1,,True
cable1114865,,962,218,0.01,0.001,0.001,0.001,0.0,1000.0,1.0,1,,True
cable1216676,,736,1153,0.01,0.001,0.001,0.001,0.0,1000.0,1.0,1,,True
busbar85062,,309,159,0.01,0.001,0.001,0.001,0.0,1000.0,1.0,1,,True
cable3834169,,17,303,0.01,0.001,0.001,0.001,0.0,1000.0,1.0,1,,True
cable3336328,,507,970,0.01,0.001,0.001,0.001,0.0,1000.0,1.0,1,,True
cable2768852,,322,680,0.01,0.001,0.001,0.001,0.0,1000.0,1.0,1,,True
cable1194083,,45,417,0.01,0.001,0.001,0.001,0.0,1000.0,1.0,1,,True
cable1200969,,453,1113,0.01,0.001,0.001,0.001,0.0,1000.0,1.0,1,,True
cable2729610,,777,125,0.01,0.001,0.001,0.001,0.0,1000.0,1.0,1,,True
cable3336350,,832,559,0.01,0.001,0.001,0.001,0.0,1000.0,1.0,1,,True
cable3339042,,485,949,0.01,0.001,0.001,0.001,0.0,1000.0,1.0,1,,True
cable3338877,,608,1037,0.01,0.001,0.001,0.001,0.0,1000.0,1.0,1,,True
cable3154280,,582,214,0.01,0.001,0.001,0.001,0.0,1000.0,1.0,1,,True
cable3339044,,114,1150,0.01,0.001,0.001,0.001,0.0,1000.0,1.0,1,,True
cable1127361,,716,681,0.01,0.001,0.001,0.001,0.0,1000.0,1.0,1,,True
cable3341619,,630,47,0.01,0.001,0.001,0.001,0.0,1000.0,1.0,1,,True
cable3338905,,467,850,0.01,0.001,0.001,0.001,0.0,1000.0,1.0,1,,True
cable1139852,,213,69,0.01,0.001,0.001,0.001,0.0,1000.0,1.0,1,,True
cable3338991,,192,504,0.01,0.001,0.001,0.001,0.0,1000.0,1.0,1,,True
cable1170919,,288,1047,0.01,0.001,0.001,0.001,0.0,1000.0,1.0,1,,True
cable2085244,,774,160,0.01,0.001,0.001,0.001,0.0,1000.0,1.0,1,,True
cable1133130,,140,762,0.01,0.001,0.001,0.001,0.0,1000.0,1.0,1,,True
cable3339039,,108,120,0.01,0.001,0.001,0.001,0.0,1000.0,1.0,1,,True
cable1130563,,716,203,0.01,0.001,0.001,0.001,0.0,1000.0,1.0,1,,True
cable1169914,,820,664,0.01,0.001,0.001,0.001,0.0,1000.0,1.0,1,,True
cable1115407,,408,771,0.01,0.001,0.001,0.001,0.0,1000.0,1.0,1,,True
geo_schematic_cable22430,,632,714,0.01,0.001,0.001,0.001,0.0,1000.0,1.0,1,,True
cable3339094,,324,473,0.01,0.001,0.001,0.001,0.0,1000.0,1.0,1,,True
cable1236611,,346,1059,0.01,0.001,0.001,0.001,0.0,1000.0,1.0,1,,True
cable1145495,,932,1094,0.01,0.001,0.001,0.001,0.0,1000.0,1.0,1,,True
cable3336709,,145,966,0.01,0.001,0.001,0.001,0.0,1000.0,1.0,1,,True
cable1207116,,175,688,0.01,0.001,0.001,0.001,0.0,1000.0,1.0,1,,True
cable1148278,,322,107,0.01,0.001,0.001,0.001,0.0,1000.0,1.0,1,,True
cable1157100,,482,90,0.01,0.001,0.001,0.001,0.0,1000.0,1.0,1,,True
cable3338322,,969,620,0.01,0.001,0.001,0.001,0.0,1000.0,1.0,1,,True
cable3338930,,1043,802,0.01,0.001,0.001,0.001,0.0,1000.0,1.0,1,,True
geo_schematic_cable14111,,448,964,0.01,0.001,0.001,0.001,0.0,1000.0,1.0,1,,True
geo_schematic_cable1846,,821,553,0.01,0.001,0.001,0.001,0.0,1000.0,1.0,1,,True
cable2972150,,201,522,0.01,0.001,0.001,0.001,0.0,1000.0,1.0,1,,True
cable1118474,,265,25,0.01,0.001,0.001,0.001,0.0,1000.0,1.0,1,,True
cable1159159,,175,509,0.01,0.001,0.001,0.001,0.0,1000.0,1.0,1,,True
cable1215695,,554,195,0.01,0.001,0.001,0.001,0.0,1000.0,1.0,1,,True
cable1138762,,169,176,0.01,0.001,0.001,0.001,0.0,1000.0,1.0,1,,True
cable3336382,,692,971,0.01,0.001,0.001,0.001,0.0,1000.0,1.0,1,,True
cable2085242,,128,58,0.01,0.001,0.001,0.001,0.0,1000.0,1.0,1,,True
cable1213693,,288,416,0.01,0.001,0.001,0.001,0.0,1000.0,1.0,1,,True
cable3338863,,141,924,0.01,0.001,0.001,0.001,0.0,1000.0,1.0,1,,True
cable1121279,,248,449,0.01,0.001,0.001,0.001,0.0,1000.0,1.0,1,,True
cable3338148,,575,975,0.01,0.001,0.001,0.001,0.0,1000.0,1.0,1,,True
cable3338227,,518,1066,0.01,0.001,0.001,0.001,0.0,1000.0,1.0,1,,True
cable1176757,,728,241,0.01,0.001,0.001,0.001,0.0,1000.0,1.0,1,,True
cable3339129,,22,838,0.01,0.001,0.001,0.001,0.0,1000.0,1.0,1,,True
cable1167419,,465,6,0.01,0.001,0.001,0.001,0.0,1000.0,1.0,1,,True
cable3338876,,187,1154,0.01,0.001,0.001,0.001,0.0,1000.0,1.0,1,,True
cable3336388,,743,1020,0.01,0.001,0.001,0.001,0.0,1000.0,1.0,1,,True
cable3338990,,242,1117,0.01,0.001,0.001,0.001,0.0,1000.0,1.0,1,,True
geo_schematic_cable34386,,637,792,0.01,0.001,0.001,0.001,0.0,1000.0,1.0,1,,True
cable1109073,,49,987,0.01,0.001,0.001,0.001,0.0,1000.0,1.0,1,,True
cable3338201,,77,328,0.01,0.001,0.001,0.001,0.0,1000.0,1.0,1,,True
cable1178431,,372,82,0.01,0.001,0.001,0.001,0.0,1000.0,1.0,1,,True
cable3338665,,686,329,0.01,0.001,0.001,0.001,0.0,1000.0,1.0,1,,True
cable1128430,,200,824,0.01,0.001,0.001,0.001,0.0,1000.0,1.0,1,,True
cable3338951,,340,1011,0.01,0.001,0.001,0.001,0.0,1000.0,1.0,1,,True
cable1245992,,375,48,0.01,0.001,0.001,0.001,0.0,1000.0,1.0,1,,True
geo_schematic_cable22426,,1071,150,0.01,0.001,0.001,0.001,0.0,1000.0,1.0,1,,True
cable3338223,,543,501,0.01,0.001,0.001,0.001,0.0,1000.0,1.0,1,,True
busbar83733,,435,182,0.01,0.001,0.001,0.001,0.0,1000.0,1.0,1,,True
cable3338484,,160,1192,0.01,0.001,0.001,0.001,0.0,1000.0,1.0,1,,True
cable1246306,,122,480,0.01,0.001,0.001,0.001,0.0,1000.0,1.0,1,,True
cable3338668,,327,166,0.01,0.001,0.001,0.001,0.0,1000.0,1.0,1,,True
geo_schematic_cable1861,,571,700,0.01,0.001,0.001,0.001,0.0,1000.0,1.0,1,,True
cable2085245,,160,884,0.01,0.001,0.001,0.001,0.0,1000.0,1.0,1,,True
busbar355173,,447,106,0.01,0.001,0.001,0.001,0.0,1000.0,1.0,1,,True
cable3338682,,1125,293,0.01,0.001,0.001,0.001,0.0,1000.0,1.0,1,,True
cable1226652,,656,32,0.01,0.001,0.001,0.001,0.0,1000.0,1.0,1,,True
simulated23058287_112903,,278,1025,0.01,0.001,0.001,0.001,0.0,1000.0,1.0,1,,True
cable3341629,,529,321,0.01,0.001,0.001,0.001,0.0,1000.0,1.0,1,,True
cable3338224,,543,627,0.01,0.001,0.001,0.001,0.0,1000.0,1.0,1,,True
busbar254943,,845,274,0.01,0.001,0.001,0.001,0.0,1000.0,1.0,1,,True
cable3338287,,794,426,0.01,0.001,0.001,0.001,0.0,1000.0,1.0,1,,True
cable3338853,,621,1191,0.01,0.001,0.001,0.001,0.0,1000.0,1.0,1,,True
cable1207853,,701,23,0.01,0.001,0.001,0.001,0.0,1000.0,1.0,1,,True
geo_schematic_cable342144,,634,358,0.01,0.001,0.001,0.001,0.0,1000.0,1.0,1,,True
cable3338327,,283,703,0.01,0.001,0.001,0.001,0.0,1000.0,1.0,1,,True
geo_schematic_cable196967,,407,917,0.01,0.001,0.001,0.001,0.0,1000.0,1.0,1,,True
cable3338475,,685,469,0.01,0.001,0.001,0.001,0.0,1000.0,1.0,1,,True
cable3339033,,541,936,0.01,0.001,0.001,0.001,0.0,1000.0,1.0,1,,True
cable1215234,,455,360,0.01,0.001,0.001,0.001,0.0,1000.0,1.0,1,,True
cable3338869,,741,76,0.01,0.001,0.001,0.001,0.0,1000.0,1.0,1,,True
cable3338923,,847,983,0.01,0.001,0.001,0.001,0.0,1000.0,1.0,1,,True
cable3336401,,1052,943,0.01,0.001,0.001,0.001,0.0,1000.0,1.0,1,,True
cable3339121,,186,968,0.01,0.001,0.001,0.001,0.0,1000.0,1.0,1,,True
geo_schematic_cable235941,,245,108,0.01,0.001,0.001,0.001,0.0,1000.0,1.0,1,,True
cable1201724,,582,1161,0.01,0.001,0.001,0.001,0.0,1000.0,1.0,1,,True
cable3517571,,724,657,0.01,0.001,0.001,0.001,0.0,1000.0,1.0,1,,True
cable1177520,,85,207,0.01,0.001,0.001,0.001,0.0,1000.0,1.0,1,,True
cable3338215,,207,1139,0.01,0.001,0.001,0.001,0.0,1000.0,1.0,1,,True
busbar87096,,104,343,0.01,0.001,0.001,0.001,0.0,1000.0,1.0,1,,True
cable3154115,,664,811,0.01,0.001,0.001,0.001,0.0,1000.0,1.0,1,,True
cable3338879,,622,782,0.01,0.001,0.001,0.001,0.0,1000.0,1.0,1,,True
geo_schematic_cable235971,,451,918,0.01,0.001,0.001,0.001,0.0,1000.0,1.0,1,,True
cable3338185,,649,490,0.01,0.001,0.001,0.001,0.0,1000.0,1.0,1,,True
cable3339098,,625,744,0.01,0.001,0.001,0.001,0.0,1000.0,1.0,1,,True
cable1204786,,302,687,0.01,0.001,0.001,0.001,0.0,1000.0,1.0,1,,True
cable1237990,,446,312,0.01,0.001,0.001,0.001,0.0,1000.0,1.0,1,,True
cable2937656,,488,1090,0.01,0.001,0.001,0.001,0.0,1000.0,1.0,1,,True
cable3338222,,193,477,0.01,0.001,0.001,0.001,0.0,1000.0,1.0,1,,True
cable3338939,,358,944,0.01,0.001,0.001,0.001,0.0,1000.0,1.0,1,,True
geo_schematic_cable36502,,305,979,0.01,0.001,0.001,0.001,0.0,1000.0,1.0,1,,True
cable1124677,,31,175,0.01,0.001,0.001,0.001,0.0,1000.0,1.0,1,,True
busbar255624,,423,565,0.01,0.001,0.001,0.001,0.0,1000.0,1.0,1,,True
cable1194624,,393,460,0.01,0.001,0.001,0.001,0.0,1000.0,1.0,1,,True
cable2797799,,127,263,0.01,0.001,0.001,0.001,0.0,1000.0,1.0,1,,True
cable1152898,,941,701,0.01,0.001,0.001,0.001,0.0,1000.0,1.0,1,,True
cable1155739,,502,290,0.01,0.001,0.001,0.001,0.0,1000.0,1.0,1,,True
cable3339125,,364,911,0.01,0.001,0.001,0.001,0.0,1000.0,1.0,1,,True
cable2972151,,737,867,0.01,0.001,0.001,0.001,0.0,1000.0,1.0,1,,True
cable1198790,,204,962,0.01,0.001,0.001,0.001,0.0,1000.0,1.0,1,,True
cable1235105,,841,1030,0.01,0.001,0.001,0.001,0.0,1000.0,1.0,1,,True
cable3338925,,15,445,0.01,0.001,0.001,0.001,0.0,1000.0,1.0,1,,True
cable3338340,,729,1232,0.01,0.001,0.001,0.001,0.0,1000.0,1.0,1,,True
cable2972153,,217,250,0.01,0.001,0.001,0.001,0.0,1000.0,1.0,1,,True
cable1246456,,38,193,0.01,0.001,0.001,0.001,0.0,1000.0,1.0,1,,True
cable2863425,,718,158,0.01,0.001,0.001,0.001,0.0,1000.0,1.0,1,,True
cable3338489,,30,1221,0.01,0.001,0.001,0.001,0.0,1000.0,1.0,1,,True
cable3338229,,354,1172,0.01,0.001,0.001,0.001,0.0,1000.0,1.0,1,,True
busbar254541,,798,262,0.01,0.001,0.001,0.001,0.0,1000.0,1.0,1,,True
cable1219300,,663,129,0.01,0.001,0.001,0.001,0.0,1000.0,1.0,1,,True
cable3338347,,594,611,0.01,0.001,0.001,0.001,0.0,1000.0,1.0,1,,True
geo_schematic_cable36513,,1027,702,0.01,0.001,0.001,0.001,0.0,1000.0,1.0,1,,True
cable3336718,,110,87,0.01,0.001,0.001,0.001,0.0,1000.0,1.0,1,,True
cable1196756,,121,502,0.01,0.001,0.001,0.001,0.0,1000.0,1.0,1,,True
cable1158056,,265,801,0.01,0.001,0.001,0.001,0.0,1000.0,1.0,1,,True
cable3336364,,526,998,0.01,0.001,0.001,0.001,0.0,1000.0,1.0,1,,True
cable3336385,,25,1178,0.01,0.001,0.001,0.001,0.0,1000.0,1.0,1,,True
cable3336381,,127,952,0.01,0.001,0.001,0.001,0.0,1000.0,1.0,1,,True
cable3338942,,64,282,0.01,0.001,0.001,0.001,0.0,1000.0,1.0,1,,True
cable1116166,,525,77,0.01,0.001,0.001,0.001,0.0,1000.0,1.0,1,,True
cable2714379,,147,277,0.01,0.001,0.001,0.001,0.0,1000.0,1.0,1,,True
cable3338943,,64,239,0.01,0.001,0.001,0.001,0.0,1000.0,1.0,1,,True
cable3246212,,1219,758,0.01,0.001,0.001,0.001,0.0,1000.0,1.0,1,,True
cable4304011,,458,623,0.01,0.001,0.001,0.001,0.0,1000.0,1.0,1,,True
cable1142178,,636,1038,0.01,0.001,0.001,0.001,0.0,1000.0,1.0,1,,True
geo_schematic_cable1686,,964,281,0.01,0.001,0.001,0.001,0.0,1000.0,1.0,1,,True
geo_schematic_cable34389,,356,493,0.01,0.001,0.001,0.001,0.0,1000.0,1.0,1,,True
cable2187591,,666,12,0.01,0.001,0.001,0.001,0.0,1000.0,1.0,1,,True
cable1160697,,81,649,0.01,0.001,0.001,0.001,0.0,1000.0,1.0,1,,True
busbar83731,,1233,690,0.01,0.001,0.001,0.001,0.0,1000.0,1.0,1,,True
cable3338662,,1094,1068,0.01,0.001,0.001,0.001,0.0,1000.0,1.0,1,,True
cable1199729,,449,110,0.01,0.001,0.001,0.001,0.0,1000.0,1.0,1,,True
cable3336740,,617,624,0.01,0.001,0.001,0.001,0.0,1000.0,1.0,1,,True
cable1213024,,716,415,0.01,0.001,0.001,0.001,0.0,1000.0,1.0,1,,True
cable3338871,,368,1222,0.01,0.001,0.001,0.001,0.0,1000.0,1.0,1,,True
cable2245498,,460,278,0.01,0.001,0.001,0.001,0.0,1000.0,1.0,1,,True
cable2786239,,544,602,0.01,0.001,0.001,0.001,0.0,1000.0,1.0,1,,True
cable1144520,,544,1182,0.01,0.001,0.001,0.001,0.0,1000.0,1.0,1,,True
cable3336717,,110,1159,0.01,0.001,0.001,0.001,0.0,1000.0,1.0,1,,True
cable1508056,,179,1073,0.01,0.001,0.001,0.001,0.0,1000.0,1.0,1,,True
cable3338228,,518,896,0.01,0.001,0.001,0.001,0.0,1000.0,1.0,1,,True
cable3338182,,249,913,0.01,0.001,0.001,0.001,0.0,1000.0,1.0,1,,True
cable1155512,,127,973,0.01,0.001,0.001,0.001,0.0,1000.0,1.0,1,,True
cable3338252,,596,1061,0.01,0.001,0.001,0.001,0.0,1000.0,1.0,1,,True
cable3338216,,207,156,0.01,0.001,0.001,0.001,0.0,1000.0,1.0,1,,True
cable2788553,,367,29,0.01,0.001,0.001,0.001,0.0,1000.0,1.0,1,,True
cable3338861,,141,1095,0.01,0.001,0.001,0.001,0.0,1000.0,1.0,1,,True
cable1177224,,44,816,0.01,0.001,0.001,0.001,0.0,1000.0,1.0,1,,True
cable2788550,,236,85,0.01,0.001,0.001,0.001,0.0,1000.0,1.0,1,,True
busbar355180,,682,1019,0.01,0.001,0.001,0.001,0.0,1000.0,1.0,1,,True
cable3338468,,171,910,0.01,0.001,0.001,0.001,0.0,1000.0,1.0,1,,True
cable3338202,,161,99,0.01,0.001,0.001,0.001,0.0,1000.0,1.0,1,,True
cable3338212,,548,1048,0.01,0.001,0.001,0.001,0.0,1000.0,1.0,1,,True
cable3339030,,401,334,0.01,0.001,0.001,0.001,0.0,1000.0,1.0,1,,True
cable3342606,,1158,1078,0.01,0.001,0.001,0.001,0.0,1000.0,1.0,1,,True
cable1108662,,456,572,0.01,0.001,0.001,0.001,0.0,1000.0,1.0,1,,True
cable1210321,,4,298,0.01,0.001,0.001,0.001,0.0,1000.0,1.0,1,,True
busbar85071,,800,706,0.01,0.001,0.001,0.001,0.0,1000.0,1.0,1,,True
cable3336727,,417,40,0.01,0.001,0.001,0.001,0.0,1000.0,1.0,1,,True
geo_schematic_cable135179,,75,236,0.01,0.001,0.001,0.001,0.0,1000.0,1.0,1,,True
cable3338226,,651,1082,0.01,0.001,0.001,0.001,0.0,1000.0,1.0,1,,True
cable2187597,,666,1132,0.01,0.001,0.001,0.001,0.0,1000.0,1.0,1,,True
cable3336369,,692,37,0.01,0.001,0.001,0.001,0.0,1000.0,1.0,1,,True
simulated84144930_84338546,,623,338,0.01,0.001,0.001,0.001,0.0,1000.0,1.0,1,,True
cable1246751,,656,276,0.01,0.001,0.001,0.001,0.0,1000.0,1.0,1,,True
cable1151360,,758,404,0.01,0.001,0.001,0.001,0.0,1000.0,1.0,1,,True
simulated84142962_24068798,,312,238,0.01,0.001,0.001,0.001,0.0,1000.0,1.0,1,,True
cable3338146,,689,783,0.01,0.001,0.001,0.001,0.0,1000.0,1.0,1,,True
cable3338204,,161,852,0.01,0.001,0.001,0.001,0.0,1000.0,1.0,1,,True
cable1136506,,53,253,0.01,0.001,0.001,0.001,0.0,1000.0,1.0,1,,True
cable2767494,,932,44,0.01,0.001,0.001,0.001,0.0,1000.0,1.0,1,,True
cable3338170,,480,615,0.01,0.001,0.001,0.001,0.0,1000.0,1.0,1,,True
cable1137900,,421,759,0.01,0.001,0.001,0.001,0.0,1000.0,1.0,1,,True
cable3338866,,253,573,0.01,0.001,0.001,0.001,0.0,1000.0,1.0,1,,True
cable1158742,,760,600,0.01,0.001,0.001,0.001,0.0,1000.0,1.0,1,,True
cable2865574,,174,103,0.01,0.001,0.001,0.001,0.0,1000.0,1.0,1,,True
cable3768149,,183,17,0.01,0.001,0.001,0.001,0.0,1000.0,1.0,1,,True
busbar87058,,256,1157,0.01,0.001,0.001,0.001,0.0,1000.0,1.0,1,,True
cable3339037,,93,252,0.01,0.001,0.001,0.001,0.0,1000.0,1.0,1,,True
cable3517710,,214,1129,0.01,0.001,0.001,0.001,0.0,1000.0,1.0,1,,True
cable3338209,,855,20,0.01,0.001,0.001,0.001,0.0,1000.0,1.0,1,,True
cable2187594,,912,347,0.01,0.001,0.001,0.001,0.0,1000.0,1.0,1,,True
cable4191430,,854,684,0.01,0.001,0.001,0.001,0.0,1000.0,1.0,1,,True
cable1219505,,841,311,0.01,0.001,0.001,0.001,0.0,1000.0,1.0,1,,True
cable2788552,,7,536,0.01,0.001,0.001,0.001,0.0,1000.0,1.0,1,,True
cable3338482,,826,1164,0.01,0.001,0.001,0.001,0.0,1000.0,1.0,1,,True
busbar254547,,442,244,0.01,0.001,0.001,0.001,0.0,1000.0,1.0,1,,True
cable3338917,,55,1193,0.01,0.001,0.001,0.001,0.0,1000.0,1.0,1,,True
cable3338286,,570,859,0.01,0.001,0.001,0.001,0.0,1000.0,1.0,1,,True
simulated23506966_24071491,,858,883,0.01,0.001,0.001,0.001,0.0,1000.0,1.0,1,,True
cable2077260,,409,411,0.01,0.001,0.001,0.001,0.0,1000.0,1.0,1,,True
cable1155492,,163,118,0.01,0.001,0.001,0.001,0.0,1000.0,1.0,1,,True
simulated160200990_24039686,,746,618,0.01,0.001,0.001,0.001,0.0,1000.0,1.0,1,,True
cable1198361,,148,2,0.01,0.001,0.001,0.001,0.0,1000.0,1.0,1,,True
cable3338865,,253,1123,0.01,0.001,0.001,0.001,0.0,1000.0,1.0,1,,True
geo_schematic_cable14585,,398,24,0.01,0.001,0.001,0.001,0.0,1000.0,1.0,1,,True
geo_schematic_cable233370,,35,1092,0.01,0.001,0.001,0.001,0.0,1000.0,1.0,1,,True
cable3338850,,695,976,0.01,0.001,0.001,0.001,0.0,1000.0,1.0,1,,True
cable3338346,,594,669,0.01,0.001,0.001,0.001,0.0,1000.0,1.0,1,,True
cable1190482,,758,260,0.01,0.001,0.001,0.001,0.0,1000.0,1.0,1,,True
geo_schematic_cable23100,,531,1185,0.01,0.001,0.001,0.001,0.0,1000.0,1.0,1,,True
cable2727647,,341,283,0.01,0.001,0.001,0.001,0.0,1000.0,1.0,1,,True
cable1508053,,385,379,0.01,0.001,0.001,0.001,0.0,1000.0,1.0,1,,True
cable3338946,,635,191,0.01,0.001,0.001,0.001,0.0,1000.0,1.0,1,,True
cable2119168,,414,841,0.01,0.001,0.001,0.001,0.0,1000.0,1.0,1,,True
cable1225850,,90,249,0.01,0.001,0.001,0.001,0.0,1000.0,1.0,1,,True
geo_schematic_cable1776,,220,387,0.01,0.001,0.001,0.001,0.0,1000.0,1.0,1,,True
cable1155265,,833,897,0.01,0.001,0.001,0.001,0.0,1000.0,1.0,1,,True
cable1508081,,1000,184,0.01,0.001,0.001,0.001,0.0,1000.0,1.0,1,,True
cable2554553,,12,424,0.01,0.001,0.001,0.001,0.0,1000.0,1.0,1,,True
cable3338289,,570,806,0.01,0.001,0.001,0.001,0.0,1000.0,1.0,1,,True
cable2085238,,789,350,0.01,0.001,0.001,0.001,0.0,1000.0,1.0,1,,True
cable1129949,,241,607,0.01,0.001,0.001,0.001,0.0,1000.0,1.0,1,,True
geo_schematic_cable1851,,24,728,0.01,0.001,0.001,0.001,0.0,1000.0,1.0,1,,True
cable1116353,,17,591,0.01,0.001,0.001,0.001,0.0,1000.0,1.0,1,,True
cable1197746,,175,489,0.01,0.001,0.001,0.001,0.0,1000.0,1.0,1,,True
cable3341622,,823,1062,0.01,0.001,0.001,0.001,0.0,1000.0,1.0,1,,True
cable3338998,,537,11,0.01,0.001,0.001,0.001,0.0,1000.0,1.0,1,,True
cable3338150,,575,66,0.01,0.001,0.001,0.001,0.0,1000.0,1.0,1,,True
cable1108327,,488,1036,0.01,0.001,0.001,0.001,0.0,1000.0,1.0,1,,True
cable3255756,,89,893,0.01,0.001,0.001,0.001,0.0,1000.0,1.0,1,,True
cable3338188,,290,1029,0.01,0.001,0.001,0.001,0.0,1000.0,1.0,1,,True
simulated103968618_324538,,657,1121,0.01,0.001,0.001,0.001,0.0,1000.0,1.0,1,,True
cable1173614,,465,133,0.01,0.001,0.001,0.001,0.0,1000.0,1.0,1,,True
cable2797308,,109,773,0.01,0.001,0.001,0.001,0.0,1000.0,1.0,1,,True
cable3338955,,266,1111,0.01,0.001,0.001,0.001,0.0,1000.0,1.0,1,,True
geo_schematic_cable1854,,315,67,0.01,0.001,0.001,0.001,0.0,1000.0,1.0,1,,True
geo_schematic_cable27942,,619,337,0.01,0.001,0.001,0.001,0.0,1000.0,1.0,1,,True
cable3338878,,608,633,0.01,0.001,0.001,0.001,0.0,1000.0,1.0,1,,True
cable3336351,,889,433,0.01,0.001,0.001,0.001,0.0,1000.0,1.0,1,,True
cable3339043,,503,1032,0.01,0.001,0.001,0.001,0.0,1000.0,1.0,1,,True
geo_schematic_cable260721,,722,539,0.01,0.001,0.001,0.001,0.0,1000.0,1.0,1,,True
cable1154513,,636,793,0.01,0.001,0.001,0.001,0.0,1000.0,1.0,1,,True
cable1245791,,29,960,0.01,0.001,0.001,0.001,0.0,1000.0,1.0,1,,True
cable3336726,,417,1230,0.01,0.001,0.001,0.001,0.0,1000.0,1.0,1,,True
cable3977132,,155,1174,0.01,0.001,0.001,0.001,0.0,1000.0,1.0,1,,True
cable2085243,,761,1126,0.01,0.001,0.001,0.001,0.0,1000.0,1.0,1,,True
cable1169351,,431,622,0.01,0.001,0.001,0.001,0.0,1000.0,1.0,1,,True
cable1172443,,455,544,0.01,0.001,0.001,0.001,0.0,1000.0,1.0,1,,True
simulated22943741_144044,,46,1118,0.01,0.001,0.001,0.001,0.0,1000.0,1.0,1,,True
cable1160143,,449,505,0.01,0.001,0.001,0.001,0.0,1000.0,1.0,1,,True
cable2085247,,30,947,0.01,0.001,0.001,0.001,0.0,1000.0,1.0,1,,True
geo_schematic_cable22959,,1023,199,0.01,0.001,0.001,0.001,0.0,1000.0,1.0,1,,True
geo_schematic_cable137654,,712,1216,0.01,0.001,0.001,0.001,0.0,1000.0,1.0,1,,True
geo_schematic_cable27950,,921,576,0.01,0.001,0.001,0.001,0.0,1000.0,1.0,1,,True
cable3246213,,742,1075,0.01,0.001,0.001,0.001,0.0,1000.0,1.0,1,,True
cable3338746,,136,512,0.01,0.001,0.001,0.001,0.0,1000.0,1.0,1,,True
cable3338664,,572,206,0.01,0.001,0.001,0.001,0.0,1000.0,1.0,1,,True
cable2874058,,593,785,0.01,0.001,0.001,0.001,0.0,1000.0,1.0,1,,True
cable1192093,,45,1052,0.01,0.001,0.001,0.001,0.0,1000.0,1.0,1,,True
cable1172818,,323,695,0.01,0.001,0.001,0.001,0.0,1000.0,1.0,1,,True
busbar355171,,361,102,0.01,0.001,0.001,0.001,0.0,1000.0,1.0,1,,True
cable3339092,,462,814,0.01,0.001,0.001,0.001,0.0,1000.0,1.0,1,,True
cable3336324,,109,1215,0.01,0.001,0.001,0.001,0.0,1000.0,1.0,1,,True
cable1185485,,478,686,0.01,0.001,0.001,0.001,0.0,1000.0,1.0,1,,True
simulated151101321_24056503,,694,104,0.01,0.001,0.001,0.001,0.0,1000.0,1.0,1,,True
cable3976901,,134,42,0.01,0.001,0.001,0.001,0.0,1000.0,1.0,1,,True
geo_schematic_cable27951,,177,1015,0.01,0.001,0.001,0.001,0.0,1000.0,1.0,1,,True
cable1184388,,544,431,0.01,0.001,0.001,0.001,0.0,1000.0,1.0,1,,True
simulated74092492_199824,,1226,221,0.01,0.001,0.001,0.001,0.0,1000.0,1.0,1,,True
cable3339035,,541,642,0.01,0.001,0.001,0.001,0.0,1000.0,1.0,1,,True
cable1181390,,168,169,0.01,0.001,0.001,0.001,0.0,1000.0,1.0,1,,True
geo_schematic_cable36507,,715,378,0.01,0.001,0.001,0.001,0.0,1000.0,1.0,1,,True
cable2972155,,357,405,0.01,0.001,0.001,0.001,0.0,1000.0,1.0,1,,True
cable3338258,,731,711,0.01,0.001,0.001,0.001,0.0,1000.0,1.0,1,,True
cable3336368,,395,755,0.01,0.001,0.001,0.001,0.0,1000.0,1.0,1,,True
cable1212255,,294,428,0.01,0.001,0.001,0.001,0.0,1000.0,1.0,1,,True
cable3888790,,1054,42,0.01,0.001,0.001,0.001,0.0,1000.0,1.0,1,,True
busbar87065,,1018,1035,0.01,0.001,0.001,0.001,0.0,1000.0,1.0,1,,True
cable1508102,,708,545,0.01,0.001,0.001,0.001,0.0,1000.0,1.0,1,,True
cable3338255,,91,1044,0.01,0.001,0.001,0.001,0.0,1000.0,1.0,1,,True
cable3338640,,60,764,0.01,0.001,0.001,0.001,0.0,1000.0,1.0,1,,True
cable3336352,,832,683,0.01,0.001,0.001,0.001,0.0,1000.0,1.0,1,,True
cable1107525,,154,717,0.01,0.001,0.001,0.001,0.0,1000.0,1.0,1,,True
cable3338159,,122,732,0.01,0.001,0.001,0.001,0.0,1000.0,1.0,1,,True
cable3338483,,62,595,0.01,0.001,0.001,0.001,0.0,1000.0,1.0,1,,True
cable3338663,,572,208,0.01,0.001,0.001,0.001,0.0,1000.0,1.0,1,,True
cable3339122,,28,946,0.01,0.001,0.001,0.001,0.0,1000.0,1.0,1,,True
cable3338927,,485,1007,0.01,0.001,0.001,0.001,0.0,1000.0,1.0,1,,True
cable3338858,,137,495,0.01,0.001,0.001,0.001,0.0,1000.0,1.0,1,,True
simulated69876900_24069238,,101,977,0.01,0.001,0.001,0.001,0.0,1000.0,1.0,1,,True
cable1225776,,511,151,0.01,0.001,0.001,0.001,0.0,1000.0,1.0,1,,True
cable3338342,,50,1162,0.01,0.001,0.001,0.001,0.0,1000.0,1.0,1,,True
cable1112730,,401,388,0.01,0.001,0.001,0.001,0.0,1000.0,1.0,1,,True
cable1111313,,380,689,0.01,0.001,0.001,0.001,0.0,1000.0,1.0,1,,True
cable1215377,,339,603,0.01,0.001,0.001,0.001,0.0,1000.0,1.0,1,,True
busbar85067,,1188,496,0.01,0.001,0.001,0.001,0.0,1000.0,1.0,1,,True
geo_schematic_cable1685,,180,781,0.01,0.001,0.001,0.001,0.0,1000.0,1.0,1,,True
cable2777154,,378,78,0.01,0.001,0.001,0.001,0.0,1000.0,1.0,1,,True
cable2798315,,194,503,0.01,0.001,0.001,0.001,0.0,1000.0,1.0,1,,True
cable1163224,,476,889,0.01,0.001,0.001,0.001,0.0,1000.0,1.0,1,,True
cable3338660,,205,1214,0.01,0.001,0.001,0.001,0.0,1000.0,1.0,1,,True
simulated22958791_144043,,751,246,0.01,0.001,0.001,0.001,0.0,1000.0,1.0,1,,True
busbar254942,,532,874,0.01,0.001,0.001,0.001,0.0,1000.0,1.0,1,,True
simulated84625474_202755,,196,42,0.01,0.001,0.001,0.001,0.0,1000.0,1.0,1,,True
cable1183975,,667,45,0.01,0.001,0.001,0.001,0.0,1000.0,1.0,1,,True
cable3336711,,145,1181,0.01,0.001,0.001,0.001,0.0,1000.0,1.0,1,,True
simulated70366883_652558,,245,951,0.01,0.001,0.001,0.001,0.0,1000.0,1.0,1,,True
cable3338467,,198,740,0.01,0.001,0.001,0.001,0.0,1000.0,1.0,1,,True
cable3336713,,219,349,0.01,0.001,0.001,0.001,0.0,1000.0,1.0,1,,True
geo_schematic_cable14365,,448,609,0.01,0.001,0.001,0.001,0.0,1000.0,1.0,1,,True
cable1199706,,89,93,0.01,0.001,0.001,0.001,0.0,1000.0,1.0,1,,True
geo_schematic_cable22427,,436,995,0.01,0.001,0.001,0.001,0.0,1000.0,1.0,1,,True
simulated29539706_245936,,214,202,0.01,0.001,0.001,0.001,0.0,1000.0,1.0,1,,True
cable1138336,,849,530,0.01,0.001,0.001,0.001,0.0,1000.0,1.0,1,,True
cable3338320,,658,9,0.01,0.001,0.001,0.001,0.0,1000.0,1.0,1,,True
cable2187593,,357,18,0.01,0.001,0.001,0.001,0.0,1000.0,1.0,1,,True
cable3336354,,871,980,0.01,0.001,0.001,0.001,0.0,1000.0,1.0,1,,True
cable3338873,,368,1208,0.01,0.001,0.001,0.001,0.0,1000.0,1.0,1,,True
geo_schematic_cable1858,,359,634,0.01,0.001,0.001,0.001,0.0,1000.0,1.0,1,,True
cable1192058,,388,111,0.01,0.001,0.001,0.001,0.0,1000.0,1.0,1,,True
cable2554555,,330,794,0.01,0.001,0.001,0.001,0.0,1000.0,1.0,1,,True
busbar254955,,662,875,0.01,0.001,0.001,0.001,0.0,1000.0,1.0,1,,True
cable1154136,,144,167,0.01,0.001,0.001,0.001,0.0,1000.0,1.0,1,,True
geo_schematic_cable235949,,918,1065,0.01,0.001,0.001,0.001,0.0,1000.0,1.0,1,,True
cable3339036,,93,63,0.01,0.001,0.001,0.001,0.0,1000.0,1.0,1,,True
cable3338210,,960,1088,0.01,0.001,0.001,0.001,0.0,1000.0,1.0,1,,True
cable1134054,,194,592,0.01,0.001,0.001,0.001,0.0,1000.0,1.0,1,,True
cable2085246,,58,994,0.01,0.001,0.001,0.001,0.0,1000.0,1.0,1,,True
cable1508107,,223,434,0.01,0.001,0.001,0.001,0.0,1000.0,1.0,1,,True
cable3338956,,266,831,0.01,0.001,0.001,0.001,0.0,1000.0,1.0,1,,True
geo_schematic_cable60887,,199,105,0.01,0.001,0.001,0.001,0.0,1000.0,1.0,1,,True
cable3336380,,25,790,0.01,0.001,0.001,0.001,0.0,1000.0,1.0,1,,True
cable3255752,,69,486,0.01,0.001,0.001,0.001,0.0,1000.0,1.0,1,,True
cable2781259,,680,154,0.01,0.001,0.001,0.001,0.0,1000.0,1.0,1,,True
geo_schematic_cable1841,,553,1140,0.01,0.001,0.001,0.001,0.0,1000.0,1.0,1,,True
cable3338740,,566,888,0.01,0.001,0.001,0.001,0.0,1000.0,1.0,1,,True
geo_schematic_cable332945,,714,183,0.01,0.001,0.001,0.001,0.0,1000.0,1.0,1,,True
cable3338921,,847,310,0.01,0.001,0.001,0.001,0.0,1000.0,1.0,1,,True
busbar85064,,113,817,0.01,0.001,0.001,0.001,0.0,1000.0,1.0,1,,True
busbar254959,,338,533,0.01,0.001,0.001,0.001,0.0,1000.0,1.0,1,,True
cable3338250,,354,931,0.01,0.001,0.001,0.001,0.0,1000.0,1.0,1,,True
cable1170760,,280,194,0.01,0.001,0.001,0.001,0.0,1000.0,1.0,1,,True
cable3338934,,297,1034,0.01,0.001,0.001,0.001,0.0,1000.0,1.0,1,,True
busbar254540,,130,798,0.01,0.001,0.001,0.001,0.0,1000.0,1.0,1,,True
busbar254957,,533,1186,0.01,0.001,0.001,0.001,0.0,1000.0,1.0,1,,True
cable3339090,,23,1119,0.01,0.001,0.001,0.001,0.0,1000.0,1.0,1,,True
cable1198176,,162,10,0.01,0.001,0.001,0.001,0.0,1000.0,1.0,1,,True
busbar87086,,1093,903,0.01,0.001,0.001,0.001,0.0,1000.0,1.0,1,,True
cable4185370,,221,1091,0.01,0.001,0.001,0.001,0.0,1000.0,1.0,1,,True
cable1232330,,488,271,0.01,0.001,0.001,0.001,0.0,1000.0,1.0,1,,True
cable2187596,,12,658,0.01,0.001,0.001,0.001,0.0,1000.0,1.0,1,,True
cable2767005,,656,121,0.01,0.001,0.001,0.001,0.0,1000.0,1.0,1,,True
geo_schematic_cable196990,,917,217,0.01,0.001,0.001,0.001,0.0,1000.0,1.0,1,,True
cable1227017,,138,317,0.01,0.001,0.001,0.001,0.0,1000.0,1.0,1,,True
cable1210874,,82,155,0.01,0.001,0.001,0.001,0.0,1000.0,1.0,1,,True
cable3338945,,365,131,0.01,0.001,0.001,0.001,0.0,1000.0,1.0,1,,True
cable1245743,,98,92,0.01,0.001,0.001,0.001,0.0,1000.0,1.0,1,,True
cable3339047,,93,941,0.01,0.001,0.001,0.001,0.0,1000.0,1.0,1,,True
simulated161553372_69876538,,809,96,0.01,0.001,0.001,0.001,0.0,1000.0,1.0,1,,True
cable1157552,,133,365,0.01,0.001,0.001,0.001,0.0,1000.0,1.0,1,,True
geo_schematic_cable14366,,765,301,0.01,0.001,0.001,0.001,0.0,1000.0,1.0,1,,True
geo_schematic_cable36467,,668,997,0.01,0.001,0.001,0.001,0.0,1000.0,1.0,1,,True
cable1179929,,78,487,0.01,0.001,0.001,0.001,0.0,1000.0,1.0,1,,True
busbar254543,,1,382,0.01,0.001,0.001,0.001,0.0,1000.0,1.0,1,,True
cable1132426,,991,351,0.01,0.001,0.001,0.001,0.0,1000.0,1.0,1,,True
cable3338954,,1047,72,0.01,0.001,0.001,0.001,0.0,1000.0,1.0,1,,True
geo_schematic_cable22425,,150,34,0.01,0.001,0.001,0.001,0.0,1000.0,1.0,1,,True
cable3256246,,353,561,0.01,0.001,0.001,0.001,0.0,1000.0,1.0,1,,True
cable1119598,,380,314,0.01,0.001,0.001,0.001,0.0,1000.0,1.0,1,,True
cable1122081,,421,364,0.01,0.001,0.001,0.001,0.0,1000.0,1.0,1,,True
simulated23378215_187645,,453,1116,0.01,0.001,0.001,0.001,0.0,1000.0,1.0,1,,True
geo_schematic_cable36512,,578,1027,0.01,0.001,0.001,0.001,0.0,1000.0,1.0,1,,True
cable2767091,,499,135,0.01,0.001,0.001,0.001,0.0,1000.0,1.0,1,,True
cable2774246,,795,583,0.01,0.001,0.001,0.001,0.0,1000.0,1.0,1,,True
cable3338940,,360,713,0.01,0.001,0.001,0.001,0.0,1000.0,1.0,1,,True
cable1508083,,84,1103,0.01,0.001,0.001,0.001,0.0,1000.0,1.0,1,,True
cable1236610,,670,346,0.01,0.001,0.001,0.001,0.0,1000.0,1.0,1,,True
simulated23030576_100934,,777,172,0.01,0.001,0.001,0.001,0.0,1000.0,1.0,1,,True
simulated22932783_101448,,727,353,0.01,0.001,0.001,0.001,0.0,1000.0,1.0,1,,True
cable3338218,,769,1001,0.01,0.001,0.001,0.001,0.0,1000.0,1.0,1,,True
cable2797794,,204,822,0.01,0.001,0.001,0.001,0.0,1000.0,1.0,1,,True
geo_schematic_cable65503,,797,1229,0.01,0.001,0.001,0.001,0.0,1000.0,1.0,1,,True
geo_schematic_cable14586,,295,927,0.01,0.001,0.001,0.001,0.0,1000.0,1.0,1,,True
cable3341613,,394,1002,0.01,0.001,0.001,0.001,0.0,1000.0,1.0,1,,True
cable1151879,,229,575,0.01,0.001,0.001,0.001,0.0,1000.0,1.0,1,,True
cable2767007,,987,641,0.01,0.001,0.001,0.001,0.0,1000.0,1.0,1,,True
cable1134245,,516,543,0.01,0.001,0.001,0.001,0.0,1000.0,1.0,1,,True
cable1144167,,386,739,0.01,0.001,0.001,0.001,0.0,1000.0,1.0,1,,True
cable3713958,,50,1152,0.01,0.001,0.001,0.001,0.0,1000.0,1.0,1,,True
cable1212416,,728,748,0.01,0.001,0.001,0.001,0.0,1000.0,1.0,1,,True
cable3338466,,171,1096,0.01,0.001,0.001,0.001,0.0,1000.0,1.0,1,,True
cable3255759,,46,291,0.01,0.001,0.001,0.001,0.0,1000.0,1.0,1,,True
cable2970009,,201,737,0.01,0.001,0.001,0.001,0.0,1000.0,1.0,1,,True
cable3336353,,688,61,0.01,0.001,0.001,0.001,0.0,1000.0,1.0,1,,True
geo_schematic_cable34388,,493,637,0.01,0.001,0.001,0.001,0.0,1000.0,1.0,1,,True
cable2767006,,81,494,0.01,0.001,0.001,0.001,0.0,1000.0,1.0,1,,True
cable3338687,,766,1004,0.01,0.001,0.001,0.001,0.0,1000.0,1.0,1,,True
cable3336363,,526,848,0.01,0.001,0.001,0.001,0.0,1000.0,1.0,1,,True
busbar83735,,418,1148,0.01,0.001,0.001,0.001,0.0,1000.0,1.0,1,,True
cable3339123,,1063,747,0.01,0.001,0.001,0.001,0.0,1000.0,1.0,1,,True
busbar87062,,856,256,0.01,0.001,0.001,0.001,0.0,1000.0,1.0,1,,True
cable3338144,,689,999,0.01,0.001,0.001,0.001,0.0,1000.0,1.0,1,,True
cable1138253,,157,7,0.01,0.001,0.001,0.001,0.0,1000.0,1.0,1,,True
cable3517570,,657,882,0.01,0.001,0.001,0.001,0.0,1000.0,1.0,1,,True
cable1136224,,4,270,0.01,0.001,0.001,0.001,0.0,1000.0,1.0,1,,True
cable1246619,,404,216,0.01,0.001,0.001,0.001,0.0,1000.0,1.0,1,,True
cable1167879,,622,549,0.01,0.001,0.001,0.001,0.0,1000.0,1.0,1,,True
cable3336400,,466,957,0.01,0.001,0.001,0.001,0.0,1000.0,1.0,1,,True
geo_schematic_cable27949,,397,237,0.01,0.001,0.001,0.001,0.0,1000.0,1.0,1,,True
cable3338183,,641,124,0.01,0.001,0.001,0.001,0.0,1000.0,1.0,1,,True
cable3336361,,123,513,0.01,0.001,0.001,0.001,0.0,1000.0,1.0,1,,True
cable1112101,,932,170,0.01,0.001,0.001,0.001,0.0,1000.0,1.0,1,,True
cable1215895,,687,1063,0.01,0.001,0.001,0.001,0.0,1000.0,1.0,1,,True
cable3338914,,517,659,0.01,0.001,0.001,0.001,0.0,1000.0,1.0,1,,True
cable3246211,,520,749,0.01,0.001,0.001,0.001,0.0,1000.0,1.0,1,,True
simulated35224015_84230727,,308,479,0.01,0.001,0.001,0.001,0.0,1000.0,1.0,1,,True
cable3336329,,688,879,0.01,0.001,0.001,0.001,0.0,1000.0,1.0,1,,True
cable1217585,,465,635,0.01,0.001,0.001,0.001,0.0,1000.0,1.0,1,,True
cable3256247,,353,963,0.01,0.001,0.001,0.001,0.0,1000.0,1.0,1,,True
cable3336326,,889,1046,0.01,0.001,0.001,0.001,0.0,1000.0,1.0,1,,True
cable2187590,,330,57,0.01,0.001,0.001,0.001,0.0,1000.0,1.0,1,,True
cable2685761,,780,307,0.01,0.001,0.001,0.001,0.0,1000.0,1.0,1,,True
cable3336742,,752,1076,0.01,0.001,0.001,0.001,0.0,1000.0,1.0,1,,True
cable3768146,,784,476,0.01,0.001,0.001,0.001,0.0,1000.0,1.0,1,,True
cable3295683,,610,865,0.01,0.001,0.001,0.001,0.0,1000.0,1.0,1,,True
cable1204134,,98,280,0.01,0.001,0.001,0.001,0.0,1000.0,1.0,1,,True
cable3338641,,350,791,0.01,0.001,0.001,0.001,0.0,1000.0,1.0,1,,True
cable1193659,,154,723,0.01,0.001,0.001,0.001,0.0,1000.0,1.0,1,,True
cable1176925,,241,98,0.01,0.001,0.001,0.001,0.0,1000.0,1.0,1,,True
geo_schematic_cable332947,,995,432,0.01,0.001,0.001,0.001,0.0,1000.0,1.0,1,,True
cable1184547,,353,508,0.01,0.001,0.001,0.001,0.0,1000.0,1.0,1,,True
cable3339120,,186,1057,0.01,0.001,0.001,0.001,0.0,1000.0,1.0,1,,True
cable1131659,,71,373,0.01,0.001,0.001,0.001,0.0,1000.0,1.0,1,,True
cable2863427,,539,181,0.01,0.001,0.001,0.001,0.0,1000.0,1.0,1,,True
cable1230482,,1223,746,0.01,0.001,0.001,0.001,0.0,1000.0,1.0,1,,True
cable3338341,,353,729,0.01,0.001,0.001,0.001,0.0,1000.0,1.0,1,,True
geo_schematic_cable22429,,1160,1071,0.01,0.001,0.001,0.001,0.0,1000.0,1.0,1,,True
busbar87061,,256,1211,0.01,0.001,0.001,0.001,0.0,1000.0,1.0,1,,True
cable1214563,,67,340,0.01,0.001,0.001,0.001,0.0,1000.0,1.0,1,,True
cable3338953,,348,1168,0.01,0.001,0.001,0.001,0.0,1000.0,1.0,1,,True
cable1149907,,31,752,0.01,0.001,0.001,0.001,0.0,1000.0,1.0,1,,True
busbar355169,,325,361,0.01,0.001,0.001,0.001,0.0,1000.0,1.0,1,,True
cable3338743,,459,1064,0.01,0.001,0.001,0.001,0.0,1000.0,1.0,1,,True
cable3338916,,55,1136,0.01,0.001,0.001,0.001,0.0,1000.0,1.0,1,,True
cable1173898,,736,348,0.01,0.001,0.001,0.001,0.0,1000.0,1.0,1,,True
cable3338999,,401,556,0.01,0.001,0.001,0.001,0.0,1000.0,1.0,1,,True
cable2972152,,201,264,0.01,0.001,0.001,0.001,0.0,1000.0,1.0,1,,True
cable1132082,,67,56,0.01,0.001,0.001,0.001,0.0,1000.0,1.0,1,,True
cable3338257,,1060,660,0.01,0.001,0.001,0.001,0.0,1000.0,1.0,1,,True
cable1169402,,13,368,0.01,0.001,0.001,0.001,0.0,1000.0,1.0,1,,True
cable2125772,,864,323,0.01,0.001,0.001,0.001,0.0,1000.0,1.0,1,,True
cable3338203,,276,1016,0.01,0.001,0.001,0.001,0.0,1000.0,1.0,1,,True
cable3338741,,566,439,0.01,0.001,0.001,0.001,0.0,1000.0,1.0,1,,True
cable3338931,,114,258,0.01,0.001,0.001,0.001,0.0,1000.0,1.0,1,,True
geo_schematic_cable22432,,150,757,0.01,0.001,0.001,0.001,0.0,1000.0,1.0,1,,True
cable1201911,,17,109,0.01,0.001,0.001,0.001,0.0,1000.0,1.0,1,,True
cable3338950,,376,926,0.01,0.001,0.001,0.001,0.0,1000.0,1.0,1,,True
geo_schematic_cable14132,,588,0,0.01,0.001,0.001,0.001,0.0,1000.0,1.0,1,,True
cable1120171,,79,49,0.01,0.001,0.001,0.001,0.0,1000.0,1.0,1,,True
geo_schematic_cable196991,,405,558,0.01,0.001,0.001,0.001,0.0,1000.0,1.0,1,,True
cable1122816,,288,266,0.01,0.001,0.001,0.001,0.0,1000.0,1.0,1,,True
cable3339127,,364,1210,0.01,0.001,0.001,0.001,0.0,1000.0,1.0,1,,True
cable3338854,,621,770,0.01,0.001,0.001,0.001,0.0,1000.0,1.0,1,,True
cable1211042,,71,465,0.01,0.001,0.001,0.001,0.0,1000.0,1.0,1,,True
cable3338661,,205,461,0.01,0.001,0.001,0.001,0.0,1000.0,1.0,1,,True
cable3295685,,937,1054,0.01,0.001,0.001,0.001,0.0,1000.0,1.0,1,,True
cable3338179,,33,1209,0.01,0.001,0.001,0.001,0.0,1000.0,1.0,1,,True
cable3339677,,250,788,0.01,0.001,0.001,0.001,0.0,1000.0,1.0,1,,True
cable1195397,,502,161,0.01,0.001,0.001,0.001,0.0,1000.0,1.0,1,,True
cable3341618,,216,628,0.01,0.001,0.001,0.001,0.0,1000.0,1.0,1,,True
cable3339097,,625,779,0.01,0.001,0.001,0.001,0.0,1000.0,1.0,1,,True
cable3336743,,489,1200,0.01,0.001,0.001,0.001,0.0,1000.0,1.0,1,,True
cable1173947,,471,147,0.01,0.001,0.001,0.001,0.0,1000.0,1.0,1,,True
geo_schematic_cable27944,,320,75,0.01,0.001,0.001,0.001,0.0,1000.0,1.0,1,,True
cable2187598,,18,287,0.01,0.001,0.001,0.001,0.0,1000.0,1.0,1,,True
cable3338992,,242,1120,0.01,0.001,0.001,0.001,0.0,1000.0,1.0,1,,True
cable1194580,,135,958,0.01,0.001,0.001,0.001,0.0,1000.0,1.0,1,,True
cable2769150,,158,932,0.01,0.001,0.001,0.001,0.0,1000.0,1.0,1,,True
simulated103968671_324538,,1183,862,0.01,0.001,0.001,0.001,0.0,1000.0,1.0,1,,True
cable1508054,,749,385,0.01,0.001,0.001,0.001,0.0,1000.0,1.0,1,,True
cable1158580,,163,482,0.01,0.001,0.001,0.001,0.0,1000.0,1.0,1,,True
cable1218985,,253,535,0.01,0.001,0.001,0.001,0.0,1000.0,1.0,1,,True
cable3339128,,22,1218,0.01,0.001,0.001,0.001,0.0,1000.0,1.0,1,,True
cable1508052,,379,895,0.01,0.001,0.001,0.001,0.0,1000.0,1.0,1,,True
cable3338856,,137,316,0.01,0.001,0.001,0.001,0.0,1000.0,1.0,1,,True
cable3338900,,622,967,0.01,0.001,0.001,0.001,0.0,1000.0,1.0,1,,True
cable1115321,,1083,219,0.01,0.001,0.001,0.001,0.0,1000.0,1.0,1,,True
geo_schematic_cable233327,,837,915,0.01,0.001,0.001,0.001,0.0,1000.0,1.0,1,,True
cable1188760,,231,1074,0.01,0.001,0.001,0.001,0.0,1000.0,1.0,1,,True
geo_schematic_cable23104,,247,344,0.01,0.001,0.001,0.001,0.0,1000.0,1.0,1,,True
cable1144109,,129,636,0.01,0.001,0.001,0.001,0.0,1000.0,1.0,1,,True
cable3336716,,505,916,0.01,0.001,0.001,0.001,0.0,1000.0,1.0,1,,True
cable2797793,,476,617,0.01,0.001,0.001,0.001,0.0,1000.0,1.0,1,,True
cable2788246,,96,909,0.01,0.001,0.001,0.001,0.0,1000.0,1.0,1,,True
simulated23378216_40739,,691,1041,0.01,0.001,0.001,0.001,0.0,1000.0,1.0,1,,True
cable3338153,,142,492,0.01,0.001,0.001,0.001,0.0,1000.0,1.0,1,,True
cable1137465,,378,233,0.01,0.001,0.001,0.001,0.0,1000.0,1.0,1,,True
cable3338941,,544,1170,0.01,0.001,0.001,0.001,0.0,1000.0,1.0,1,,True
cable1141727,,151,327,0.01,0.001,0.001,0.001,0.0,1000.0,1.0,1,,True
cable3338933,,497,905,0.01,0.001,0.001,0.001,0.0,1000.0,1.0,1,,True
cable3338217,,759,534,0.01,0.001,0.001,0.001,0.0,1000.0,1.0,1,,True
cable3338744,,107,1143,0.01,0.001,0.001,0.001,0.0,1000.0,1.0,1,,True
cable1144966,,336,499,0.01,0.001,0.001,0.001,0.0,1000.0,1.0,1,,True
cable3338479,,317,613,0.01,0.001,0.001,0.001,0.0,1000.0,1.0,1,,True
cable1194553,,62,1028,0.01,0.001,0.001,0.001,0.0,1000.0,1.0,1,,True
simulated23232416_101377,,460,587,0.01,0.001,0.001,0.001,0.0,1000.0,1.0,1,,True
cable1175839,,13,4,0.01,0.001,0.001,0.001,0.0,1000.0,1.0,1,,True
cable3338254,,351,579,0.01,0.001,0.001,0.001,0.0,1000.0,1.0,1,,True
geo_schematic_cable36511,,484,578,0.01,0.001,0.001,0.001,0.0,1000.0,1.0,1,,True
cable1159699,,482,491,0.01,0.001,0.001,0.001,0.0,1000.0,1.0,1,,True
cable3336327,,507,400,0.01,0.001,0.001,0.001,0.0,1000.0,1.0,1,,True
cable1139853,,729,213,0.01,0.001,0.001,0.001,0.0,1000.0,1.0,1,,True
cable1131088,,280,1043,0.01,0.001,0.001,0.001,0.0,1000.0,1.0,1,,True
geo_schematic_cable23101,,331,797,0.01,0.001,0.001,0.001,0.0,1000.0,1.0,1,,True
cable3338151,,787,707,0.01,0.001,0.001,0.001,0.0,1000.0,1.0,1,,True
cable1192904,,260,352,0.01,0.001,0.001,0.001,0.0,1000.0,1.0,1,,True
cable3338157,,235,1033,0.01,0.001,0.001,0.001,0.0,1000.0,1.0,1,,True
cable1115901,,118,41,0.01,0.001,0.001,0.001,0.0,1000.0,1.0,1,,True
cable1508080,,179,164,0.01,0.001,0.001,0.001,0.0,1000.0,1.0,1,,True
geo_schematic_cable34383,,215,225,0.01,0.001,0.001,0.001,0.0,1000.0,1.0,1,,True
cable3338186,,32,872,0.01,0.001,0.001,0.001,0.0,1000.0,1.0,1,,True
cable2797797,,509,988,0.01,0.001,0.001,0.001,0.0,1000.0,1.0,1,,True
cable1173198,,716,517,0.01,0.001,0.001,0.001,0.0,1000.0,1.0,1,,True
cable4228694,,594,1039,0.01,0.001,0.001,0.001,0.0,1000.0,1.0,1,,True
cable1175603,,339,55,0.01,0.001,0.001,0.001,0.0,1000.0,1.0,1,,True
cable1215072,,85,254,0.01,0.001,0.001,0.001,0.0,1000.0,1.0,1,,True
cable3338189,,290,560,0.01,0.001,0.001,0.001,0.0,1000.0,1.0,1,,True
cable1172129,,7,91,0.01,0.001,0.001,0.001,0.0,1000.0,1.0,1,,True
busbar355170,,361,809,0.01,0.001,0.001,0.001,0.0,1000.0,1.0,1,,True
busbar83734,,435,418,0.01,0.001,0.001,0.001,0.0,1000.0,1.0,1,,True
cable3336712,,693,1130,0.01,0.001,0.001,0.001,0.0,1000.0,1.0,1,,True
cable3336323,,773,950,0.01,0.001,0.001,0.001,0.0,1000.0,1.0,1,,True
geo_schematic_cable27948,,719,177,0.01,0.001,0.001,0.001,0.0,1000.0,1.0,1,,True
cable3256245,,508,1195,0.01,0.001,0.001,0.001,0.0,1000.0,1.0,1,,True
cable3338936,,748,1107,0.01,0.001,0.001,0.001,0.0,1000.0,1.0,1,,True
cable3338949,,376,243,0.01,0.001,0.001,0.001,0.0,1000.0,1.0,1,,True
cable1195034,,278,550,0.01,0.001,0.001,0.001,0.0,1000.0,1.0,1,,True
cable1137312,,92,485,0.01,0.001,0.001,0.001,0.0,1000.0,1.0,1,,True
cable3338903,,97,919,0.01,0.001,0.001,0.001,0.0,1000.0,1.0,1,,True
geo_schematic_cable14331,,588,1017,0.01,0.001,0.001,0.001,0.0,1000.0,1.0,1,,True
cable2717490,,277,651,0.01,0.001,0.001,0.001,0.0,1000.0,1.0,1,,True
cable1141577,,169,198,0.01,0.001,0.001,0.001,0.0,1000.0,1.0,1,,True
cable1197660,,265,692,0.01,0.001,0.001,0.001,0.0,1000.0,1.0,1,,True
cable1179463,,758,394,0.01,0.001,0.001,0.001,0.0,1000.0,1.0,1,,True
cable1112891,,246,409,0.01,0.001,0.001,0.001,0.0,1000.0,1.0,1,,True
geo_schematic_cable69622,,974,359,0.01,0.001,0.001,0.001,0.0,1000.0,1.0,1,,True
cable1246455,,687,548,0.01,0.001,0.001,0.001,0.0,1000.0,1.0,1,,True
cable3713955,,201,834,0.01,0.001,0.001,0.001,0.0,1000.0,1.0,1,,True
cable1194162,,420,871,0.01,0.001,0.001,0.001,0.0,1000.0,1.0,1,,True
cable2768850,,468,478,0.01,0.001,0.001,0.001,0.0,1000.0,1.0,1,,True
cable1236568,,616,380,0.01,0.001,0.001,0.001,0.0,1000.0,1.0,1,,True
cable2125738,,621,137,0.01,0.001,0.001,0.001,0.0,1000.0,1.0,1,,True
cable1215887,,253,696,0.01,0.001,0.001,0.001,0.0,1000.0,1.0,1,,True
busbar355182,,626,94,0.01,0.001,0.001,0.001,0.0,1000.0,1.0,1,,True
cable1218154,,176,372,0.01,0.001,0.001,0.001,0.0,1000.0,1.0,1,,True
busbar254954,,1026,662,0.01,0.001,0.001,0.001,0.0,1000.0,1.0,1,,True
cable3341640,,529,590,0.01,0.001,0.001,0.001,0.0,1000.0,1.0,1,,True
cable1152508,,793,750,0.01,0.001,0.001,0.001,0.0,1000.0,1.0,1,,True
cable3338860,,270,3,0.01,0.001,0.001,0.001,0.0,1000.0,1.0,1,,True
cable1198274,,370,566,0.01,0.001,0.001,0.001,0.0,1000.0,1.0,1,,True
cable2788249,,704,471,0.01,0.001,0.001,0.001,0.0,1000.0,1.0,1,,True
cable3338643,,381,1051,0.01,0.001,0.001,0.001,0.0,1000.0,1.0,1,,True
cable1201318,,229,235,0.01,0.001,0.001,0.001,0.0,1000.0,1.0,1,,True
geo_schematic_cable27943,,177,619,0.01,0.001,0.001,0.001,0.0,1000.0,1.0,1,,True
cable3338251,,596,100,0.01,0.001,0.001,0.001,0.0,1000.0,1.0,1,,True
cable1165194,,248,1083,0.01,0.001,0.001,0.001,0.0,1000.0,1.0,1,,True
cable3338686,,771,1194,0.01,0.001,0.001,0.001,0.0,1000.0,1.0,1,,True
cable1164554,,70,28,0.01,0.001,0.001,0.001,0.0,1000.0,1.0,1,,True
cable1189721,,31,832,0.01,0.001,0.001,0.001,0.0,1000.0,1.0,1,,True
cable3255754,,246,965,0.01,0.001,0.001,0.001,0.0,1000.0,1.0,1,,True
geo_schematic_cable36501,,305,1085,0.01,0.001,0.001,0.001,0.0,1000.0,1.0,1,,True
cable3341610,,530,890,0.01,0.001,0.001,0.001,0.0,1000.0,1.0,1,,True
cable1220079,,816,205,0.01,0.001,0.001,0.001,0.0,1000.0,1.0,1,,True
cable1156065,,117,410,0.01,0.001,0.001,0.001,0.0,1000.0,1.0,1,,True
cable3336728,,600,639,0.01,0.001,0.001,0.001,0.0,1000.0,1.0,1,,True
cable1150712,,441,43,0.01,0.001,0.001,0.001,0.0,1000.0,1.0,1,,True
cable3338471,,68,836,0.01,0.001,0.001,0.001,0.0,1000.0,1.0,1,,True
simulated23176244_40735,,129,1199,0.01,0.001,0.001,0.001,0.0,1000.0,1.0,1,,True
cable1224849,,5,753,0.01,0.001,0.001,0.001,0.0,1000.0,1.0,1,,True
cable3338178,,33,1058,0.01,0.001,0.001,0.001,0.0,1000.0,1.0,1,,True
cable3304342,,840,594,0.01,0.001,0.001,0.001,0.0,1000.0,1.0,1,,True
cable1172455,,294,197,0.01,0.001,0.001,0.001,0.0,1000.0,1.0,1,,True
cable3338647,,768,835,0.01,0.001,0.001,0.001,0.0,1000.0,1.0,1,,True
cable3338173,,227,523,0.01,0.001,0.001,0.001,0.0,1000.0,1.0,1,,True
cable2769360,,519,780,0.01,0.001,0.001,0.001,0.0,1000.0,1.0,1,,True
cable1162383,,288,606,0.01,0.001,0.001,0.001,0.0,1000.0,1.0,1,,True
cable2085241,,791,30,0.01,0.001,0.001,0.001,0.0,1000.0,1.0,1,,True
cable3339126,,254,1110,0.01,0.001,0.001,0.001,0.0,1000.0,1.0,1,,True
cable3338145,,41,992,0.01,0.001,0.001,0.001,0.0,1000.0,1.0,1,,True
cable1508106,,434,210,0.01,0.001,0.001,0.001,0.0,1000.0,1.0,1,,True
cable3338851,,323,942,0.01,0.001,0.001,0.001,0.0,1000.0,1.0,1,,True
cable3336741,,617,65,0.01,0.001,0.001,0.001,0.0,1000.0,1.0,1,,True
geo_schematic_cable1842,,363,1084,0.01,0.001,0.001,0.001,0.0,1000.0,1.0,1,,True
busbar255626,,565,581,0.01,0.001,0.001,0.001,0.0,1000.0,1.0,1,,True
cable3834168,,17,672,0.01,0.001,0.001,0.001,0.0,1000.0,1.0,1,,True
cable2085236,,128,761,0.01,0.001,0.001,0.001,0.0,1000.0,1.0,1,,True
geo_schematic_cable22433,,757,978,0.01,0.001,0.001,0.001,0.0,1000.0,1.0,1,,True
cable1171346,,441,511,0.01,0.001,0.001,0.001,0.0,1000.0,1.0,1,,True
cable1155011,,408,459,0.01,0.001,0.001,0.001,0.0,1000.0,1.0,1,,True
geo_schematic_cable14367,,964,1087,0.01,0.001,0.001,0.001,0.0,1000.0,1.0,1,,True
cable1203936,,241,297,0.01,0.001,0.001,0.001,0.0,1000.0,1.0,1,,True
busbar254944,,274,532,0.01,0.001,0.001,0.001,0.0,1000.0,1.0,1,,True
cable3338141,,410,1053,0.01,0.001,0.001,0.001,0.0,1000.0,1.0,1,,True
geo_schematic_cable14133,,190,588,0.01,0.001,0.001,0.001,0.0,1000.0,1.0,1,,True
cable1152374,,286,145,0.01,0.001,0.001,0.001,0.0,1000.0,1.0,1,,True
cable1135124,,67,376,0.01,0.001,0.001,0.001,0.0,1000.0,1.0,1,,True
cable1158673,,370,766,0.01,0.001,0.001,0.001,0.0,1000.0,1.0,1,,True
simulated67195932_24046367,,300,643,0.01,0.001,0.001,0.001,0.0,1000.0,1.0,1,,True
cable3336358,,897,934,0.01,0.001,0.001,0.001,0.0,1000.0,1.0,1,,True
cable3888795,,958,142,0.01,0.001,0.001,0.001,0.0,1000.0,1.0,1,,True
busbar254549,,262,878,0.01,0.001,0.001,0.001,0.0,1000.0,1.0,1,,True
cable2845348,,120,162,0.01,0.001,0.001,0.001,0.0,1000.0,1.0,1,,True
cable3341623,,95,935,0.01,0.001,0.001,0.001,0.0,1000.0,1.0,1,,True
cable3338959,,192,211,0.01,0.001,0.001,0.001,0.0,1000.0,1.0,1,,True
cable3338323,,522,646,0.01,0.001,0.001,0.001,0.0,1000.0,1.0,1,,True
cable3338937,,430,269,0.01,0.001,0.001,0.001,0.0,1000.0,1.0,1,,True
cable1228539,,444,396,0.01,0.001,0.001,0.001,0.0,1000.0,1.0,1,,True
cable1192366,,717,519,0.01,0.001,0.001,0.001,0.0,1000.0,1.0,1,,True
cable3341628,,233,1225,0.01,0.001,0.001,0.001,0.0,1000.0,1.0,1,,True
cable1116378,,335,324,0.01,0.001,0.001,0.001,0.0,1000.0,1.0,1,,True
cable3397106,,862,255,0.01,0.001,0.001,0.001,0.0,1000.0,1.0,1,,True
cable1508082,,1103,1000,0.01,0.001,0.001,0.001,0.0,1000.0,1.0,1,,True
cable3338158,,235,1151,0.01,0.001,0.001,0.001,0.0,1000.0,1.0,1,,True
cable3338176,,564,1167,0.01,0.001,0.001,0.001,0.0,1000.0,1.0,1,,True
busbar254548,,306,1187,0.01,0.001,0.001,0.001,0.0,1000.0,1.0,1,,True
cable1191176,,408,322,0.01,0.001,0.001,0.001,0.0,1000.0,1.0,1,,True
cable3338684,,54,843,0.01,0.001,0.001,0.001,0.0,1000.0,1.0,1,,True
cable3976902,,42,245,0.01,0.001,0.001,0.001,0.0,1000.0,1.0,1,,True
cable1209832,,681,577,0.01,0.001,0.001,0.001,0.0,1000.0,1.0,1,,True
cable1200733,,762,691,0.01,0.001,0.001,0.001,0.0,1000.0,1.0,1,,True
cable3338947,,635,984,0.01,0.001,0.001,0.001,0.0,1000.0,1.0,1,,True
busbar355167,,698,876,0.01,0.001,0.001,0.001,0.0,1000.0,1.0,1,,True
cable3338219,,769,1106,0.01,0.001,0.001,0.001,0.0,1000.0,1.0,1,,True
cable2768858,,909,1155,0.01,0.001,0.001,0.001,0.0,1000.0,1.0,1,,True
geo_schematic_cable14329,,0,940,0.01,0.001,0.001,0.001,0.0,1000.0,1.0,1,,True
cable3341625,,487,1137,0.01,0.001,0.001,0.001,0.0,1000.0,1.0,1,,True
busbar85063,,159,948,0.01,0.001,0.001,0.001,0.0,1000.0,1.0,1,,True
cable3339038,,120,996,0.01,0.001,0.001,0.001,0.0,1000.0,1.0,1,,True
cable1135646,,277,83,0.01,0.001,0.001,0.001,0.0,1000.0,1.0,1,,True
cable1195632,,286,693,0.01,0.001,0.001,0.001,0.0,1000.0,1.0,1,,True
cable2798314,,162,46,0.01,0.001,0.001,0.001,0.0,1000.0,1.0,1,,True
cable3338996,,537,515,0.01,0.001,0.001,0.001,0.0,1000.0,1.0,1,,True
geo_schematic_cable1777,,539,1097,0.01,0.001,0.001,0.001,0.0,1000.0,1.0,1,,True
cable3338747,,723,650,0.01,0.001,0.001,0.001,0.0,1000.0,1.0,1,,True
cable1154261,,441,1102,0.01,0.001,0.001,0.001,0.0,1000.0,1.0,1,,True
cable3338924,,15,1127,0.01,0.001,0.001,0.001,0.0,1000.0,1.0,1,,True
simulated23032596_100931,,89,454,0.01,0.001,0.001,0.001,0.0,1000.0,1.0,1,,True
cable3338284,,69,144,0.01,0.001,0.001,0.001,0.0,1000.0,1.0,1,,True
cable1203186,,157,731,0.01,0.001,0.001,0.001,0.0,1000.0,1.0,1,,True
geo_schematic_cable22428,,757,796,0.01,0.001,0.001,0.001,0.0,1000.0,1.0,1,,True
cable1140554,,511,735,0.01,0.001,0.001,0.001,0.0,1000.0,1.0,1,,True
busbar354650,,238,143,0.01,0.001,0.001,0.001,0.0,1000.0,1.0,1,,True
busbar355168,,102,1080,0.01,0.001,0.001,0.001,0.0,1000.0,1.0,1,,True
cable1508057,,379,86,0.01,0.001,0.001,0.001,0.0,1000.0,1.0,1,,True
cable3336710,,693,807,0.01,0.001,0.001,0.001,0.0,1000.0,1.0,1,,True
geo_schematic_cable27520,,0,363,0.01,0.001,0.001,0.001,0.0,1000.0,1.0,1,,True
geo_schematic_cable36515,,929,484,0.01,0.001,0.001,0.001,0.0,1000.0,1.0,1,,True
cable1215979,,577,224,0.01,0.001,0.001,0.001,0.0,1000.0,1.0,1,,True
busbar85068,,643,804,0.01,0.001,0.001,0.001,0.0,1000.0,1.0,1,,True
cable3338929,,503,1128,0.01,0.001,0.001,0.001,0.0,1000.0,1.0,1,,True
cable3338902,,119,1112,0.01,0.001,0.001,0.001,0.0,1000.0,1.0,1,,True
geo_schematic_cable23105,,344,52,0.01,0.001,0.001,0.001,0.0,1000.0,1.0,1,,True
cable3338469,,68,880,0.01,0.001,0.001,0.001,0.0,1000.0,1.0,1,,True
cable3338995,,6,866,0.01,0.001,0.001,0.001,0.0,1000.0,1.0,1,,True
cable2863423,,181,370,0.01,0.001,0.001,0.001,0.0,1000.0,1.0,1,,True
busbar355178,,292,698,0.01,0.001,0.001,0.001,0.0,1000.0,1.0,1,,True
cable1195693,,10,655,0.01,0.001,0.001,0.001,0.0,1000.0,1.0,1,,True
cable3338206,,839,506,0.01,0.001,0.001,0.001,0.0,1000.0,1.0,1,,True
cable2114783,,271,308,0.01,0.001,0.001,0.001,0.0,1000.0,1.0,1,,True
simulated24153826_100933,,508,676,0.01,0.001,0.001,0.001,0.0,1000.0,1.0,1,,True
cable1225387,,163,227,0.01,0.001,0.001,0.001,0.0,1000.0,1.0,1,,True
cable3731921,,142,514,0.01,0.001,0.001,0.001,0.0,1000.0,1.0,1,,True
cable1121245,,241,15,0.01,0.001,0.001,0.001,0.0,1000.0,1.0,1,,True
busbar355174,,447,1228,0.01,0.001,0.001,0.001,0.0,1000.0,1.0,1,,True
cable1151657,,611,653,0.01,0.001,0.001,0.001,0.0,1000.0,1.0,1,,True
cable3339095,,324,1049,0.01,0.001,0.001,0.001,0.0,1000.0,1.0,1,,True
cable3338329,,962,392,0.01,0.001,0.001,0.001,0.0,1000.0,1.0,1,,True
cable3341615,,542,661,0.01,0.001,0.001,0.001,0.0,1000.0,1.0,1,,True
cable3341616,,404,422,0.01,0.001,0.001,0.001,0.0,1000.0,1.0,1,,True
cable3269445,,303,1175,0.01,0.001,0.001,0.001,0.0,1000.0,1.0,1,,True
cable3977142,,48,584,0.01,0.001,0.001,0.001,0.0,1000.0,1.0,1,,True
cable1225063,,319,1198,0.01,0.001,0.001,0.001,0.0,1000.0,1.0,1,,True
geo_schematic_cable23102,,344,443,0.01,0.001,0.001,0.001,0.0,1000.0,1.0,1,,True
cable3255753,,246,1144,0.01,0.001,0.001,0.001,0.0,1000.0,1.0,1,,True
cable3771699,,867,1163,0.01,0.001,0.001,0.001,0.0,1000.0,1.0,1,,True
