,vm_pu,name,vn_kv,type,x,y,coords
0,0.9514777597612893,cubicle44692,11.0,b,152.914162,-31.4666162,
1,0.9992718614434921,node23009517,11.0,b,152.900194,-31.4667549,
2,0.9677038251596318,cubicle34905,11.0,b,152.911395,-31.4681702,
3,0.9514777737012875,cn-cable3338924-t2,11.0,b,152.91469,-31.4660149,
4,0.9544772821671624,cn-cable3336386-t2,11.0,b,152.922058,-31.4710537,
5,0.9819234932105376,cubicle77077,11.0,b,152.920621,-31.4682263,
6,0.9514778380299104,node70366883,11.0,b,152.915957,-31.4676811,
7,0.9677038304683084,cubicle46270,11.0,b,152.910978,-31.4673746,
8,0.9514778348126375,node84625589,11.0,b,152.915965,-31.4676739,
9,0.9995536727028506,cn-busbar87065-t2,11.0,b,152.895621,-31.4649457,
10,0.9514777970823457,cn-cable3338140-t2,11.0,b,152.915135,-31.4680736,
11,0.954477249257399,cn-cable3336350-t2,11.0,b,152.920664,-31.4704252,
12,0.9672543720060659,cn-cable3338488-t2,11.0,b,152.904895,-31.4640864,
13,0.9514777310985327,node71578342,11.0,b,152.913339,-31.4661979,
14,0.9672543872576477,node67194728,11.0,b,152.905585,-31.4651778,
15,0.998446283552517,cn-busbar85065-t2,11.0,b,152.905914,-31.4653116,
16,0.951477764287202,cubicle40258,11.0,b,152.916164,-31.4685439,
17,0.9885589299574438,node67831068,11.0,b,152.894853,-31.4623576,
18,0.9980275926366866,node84338613,11.0,b,152.918999,-31.4706014,
19,0.9672544168081924,node57577398,11.0,b,152.905987,-31.4653164,
20,0.9514778026248112,node23032596,11.0,b,152.916345,-31.467764,
21,0.9677038403677449,node101118603,11.0,b,152.911642,-31.4658949,
22,0.9514777589382799,node71579154,11.0,b,152.915917,-31.466677,
23,0.9544772839454602,node69935686,11.0,b,152.921789,-31.47137,
24,0.9544772044899532,node69936064,11.0,b,152.921651,-31.4706183,
25,0.9885589534260394,node71243238,11.0,b,152.895613,-31.4621762,
26,0.9514777596320168,cn-cable3338903-t2,11.0,b,152.914045,-31.4666374,
27,0.9979883857372587,node23166608,11.0,b,152.9226,-31.4686532,
28,0.9514777104623454,cubicle33471,11.0,b,152.912196,-31.4667672,
29,0.9544772316764234,cn-cable3336711-t2,11.0,b,152.921407,-31.4720306,
30,0.9672544361352656,node57577382,11.0,b,152.905991,-31.4653382,
31,0.9677038450670976,node23319268,11.0,b,152.9115,-31.4666464,
33,0.967254387999225,cn-cable3338686-t2,11.0,b,152.906638,-31.4651333,
34,0.9993467023384571,cn-busbar87095-t2,11.0,b,152.896037,-31.4675054,
35,0.967254374679793,node101117404,11.0,b,152.904708,-31.464664,
36,0.9544772925479881,node69935711,11.0,b,152.920944,-31.4708825,
37,0.9819235006614931,node153774208,11.0,b,152.920916,-31.4687574,
38,0.9885589070795857,cn-cable3341625-t2,11.0,b,152.894735,-31.4633268,
39,0.9544771947762648,cubicle68128,11.0,b,152.922434,-31.4708289,
40,0.9514777121833035,cubicle39128,11.0,b,152.912267,-31.4664208,
41,0.9672543909466832,cubicle44233,11.0,b,152.906695,-31.4663417,
42,0.9544772947114507,node69935742,11.0,b,152.920937,-31.4708676,
43,0.9544772111932059,node69936246,11.0,b,152.922184,-31.4694254,
44,0.9514777704660738,node67193396,11.0,b,152.91625,-31.4684071,
45,0.954477203122085,cn-cable3336381-t2,11.0,b,152.922089,-31.4700814,
46,0.9544772499392373,cubicle43784,11.0,b,152.920397,-31.4716794,
47,0.9672544232505502,node57577381,11.0,b,152.905983,-31.4653252,
48,0.9819235137346972,cn-cable3256246-t2,11.0,b,152.92222,-31.4686836,
49,0.9544772989888087,cn-geo_schematic_cable22427-t1,11.0,b,152.920951,-31.4708611,
50,0.9514777802310166,cn-cable3339094-t2,11.0,b,152.918326,-31.4682181,
51,0.9544772123030112,cn-cable3336359-t2,11.0,b,152.921829,-31.4690921,
52,0.981923527768709,cn-geo_schematic_cable23100-t1,11.0,b,152.922343,-31.4684329,
53,0.9544772942692133,cubicle38103,11.0,b,152.920792,-31.4710165,
55,0.9672543768200477,node67195826,11.0,b,152.907327,-31.4660347,
56,0.9819235066473911,cubicle77073,11.0,b,152.922017,-31.4684283,
57,0.954477195757092,node22958791,11.0,b,152.922699,-31.4701031,
58,0.9514777993823963,node71578497,11.0,b,152.914539,-31.4671013,
59,0.9819234937737721,cubicle97112,11.0,b,152.920814,-31.4682528,
60,0.9978799589033366,node23427399,11.0,b,152.904518,-31.4626351,
61,0.9677038491672041,node69877101,11.0,b,152.912688,-31.4681489,
62,0.9514777561304387,cubicle42428,11.0,b,152.915858,-31.466042,
63,0.954477204264829,cubicle44837,11.0,b,152.921639,-31.4706204,
64,0.9672543816668778,node67194544,11.0,b,152.904869,-31.4650082,
65,0.967254401140804,cn-cable3338665-t2,11.0,b,152.906427,-31.4656062,
66,0.9819235136093905,node245104988,11.0,b,152.922551,-31.4686921,
67,0.9981453393780869,node24502843,11.0,b,152.915972,-31.4676748,
68,0.954477232951094,cn-cable3336714-t2,11.0,b,152.921606,-31.4724037,
70,0.9514777764355484,cubicle35620,11.0,b,152.914715,-31.4667233,
71,0.997726222124228,node24039692,11.0,b,152.92103,-31.4708527,
72,0.967703866664975,node74598367,11.0,b,152.912475,-31.4679288,
73,0.9514777838247596,node23019771,11.0,b,152.918009,-31.4680104,
74,0.9544772346759747,cn-cable3336716-t2,11.0,b,152.921581,-31.4728009,
75,0.9990955938792857,node29539823,11.0,b,152.899249,-31.4658981,
76,0.9514777841581876,cn-cable3338201-t2,11.0,b,152.914423,-31.469089,
77,0.9672543912152666,cn-cable3338740-t2,11.0,b,152.906827,-31.4648917,
78,0.9514777535276436,node67193282,11.0,b,152.915244,-31.4689492,
79,0.9514777936705945,node67193200,11.0,b,152.914839,-31.4682144,
80,0.9514777689017172,cubicle35614,11.0,b,152.915229,-31.4657073,
81,0.951477798672718,cn-simulated23032596_100931-t2,11.0,b,152.916343,-31.4677726,
82,0.9544772132086442,cubicle49345,11.0,b,152.921765,-31.4699278,
83,0.9819235067568073,node36726543,11.0,b,152.922026,-31.4684419,
84,0.9544772887314306,node22985154,11.0,b,152.921144,-31.4713401,
85,0.9677038277402286,node65782830,11.0,b,152.910918,-31.4679592,
86,0.9677038535951723,cubicle45120,11.0,b,152.912397,-31.4676132,
87,0.9514777852839833,cn-cable3338204-t2,11.0,b,152.91419,-31.4687842,
88,0.9672544078362731,cn-cable3338474-t2,11.0,b,152.905889,-31.465585,
89,0.9992718614435656,cn-cable1201724-t2,11.0,b,152.900198,-31.4670792,
90,0.9677038391735476,cn-cable3338859-t2,11.0,b,152.911811,-31.4656011,
91,0.9995039643016539,cn-geo_schematic_cable25611-t1,11.0,b,152.895616,-31.4649294,
92,0.9885589234294406,node67831042,11.0,b,152.894447,-31.4624494,
93,0.9677038322470272,node65782798,11.0,b,152.911174,-31.4674786,
94,0.9677038617799392,node59740707,11.0,b,152.912414,-31.4676206,
95,0.9672543814447272,cubicle36297,11.0,b,152.904872,-31.4649949,
96,0.9514777936942489,cubicle37892,11.0,b,152.913834,-31.4671045,
97,0.9514777845736119,cubicle33467,11.0,b,152.914179,-31.4691294,
98,0.9885589097227836,cubicle41037,11.0,b,152.894173,-31.4632754,
99,0.9885589292382968,cubicle46713,11.0,b,152.894776,-31.4625294,
100,0.9514777510230626,cn-cable3338148-t2,11.0,b,152.91695,-31.4684469,
101,0.967703829039087,cubicle102861,11.0,b,152.910787,-31.4678319,
102,0.9514777811081676,node67193624,11.0,b,152.918544,-31.4682765,
103,0.9514777856947397,cn-geo_schematic_cable27524-t2,11.0,b,152.914668,-31.4667337,
104,0.9672543697812638,cubicle69503,11.0,b,152.904949,-31.4634754,
105,0.9995039643016538,cn-geo_schematic_cable380329-t1,11.0,b,152.895608,-31.4649101,
106,0.9514777532997946,cn-cable3338181-t2,11.0,b,152.915252,-31.4690406,
107,0.951477747522102,node102021130,11.0,b,152.917665,-31.4686577,
108,0.9672543746797925,cubicle69500,11.0,b,152.904743,-31.4644956,
109,0.9544772333070368,node69935372,11.0,b,152.921568,-31.4722963,
110,0.9514778207033523,cn-geo_schematic_cable1841-t2,11.0,b,152.914661,-31.4667616,
111,0.9514777550417979,cn-cable3338172-t2,11.0,b,152.916566,-31.4686192,
112,0.9544772039683289,cubicle45981,11.0,b,152.921795,-31.4706225,
113,0.9991452684195821,node29539706,11.0,b,152.901546,-31.4666928,
114,0.954477210831675,cn-cable3336363-t2,11.0,b,152.922016,-31.4694526,
115,0.9819234984295225,node79636605,11.0,b,152.921534,-31.4683737,
116,0.9514777303672293,cn-cable3338913-t2,11.0,b,152.913336,-31.4661787,
117,0.9514777601459621,node71578449,11.0,b,152.914272,-31.4664957,
118,0.9980275926366866,node84338515,11.0,b,152.919042,-31.4705945,
119,0.9672544101436866,node57577378,11.0,b,152.905996,-31.4652987,
120,0.967254370503465,cn-cable3338487-t2,11.0,b,152.904929,-31.4639163,
121,0.9672543881297228,cubicle46861,11.0,b,152.906756,-31.4651631,
122,0.9514777687888002,cn-cable3338932-t2,11.0,b,152.915293,-31.4656528,
123,0.9885589094774766,cubicle38771,11.0,b,152.894282,-31.4633082,
124,0.9544772581815807,node69935532,11.0,b,152.920895,-31.4716813,
125,0.9514777974852805,node71579238,11.0,b,152.914964,-31.4676044,
126,0.9514777905854557,node71578696,11.0,b,152.912876,-31.4669786,
127,0.954477216680336,node69936152,11.0,b,152.921415,-31.4695426,
128,0.9677038389963114,cubicle47400,11.0,b,152.91172,-31.4683695,
129,0.9514777142080372,cn-cable3338864-t2,11.0,b,152.912203,-31.4661881,
130,0.9514777955639856,cn-cable3339037-t2,11.0,b,152.91664,-31.4678804,
131,0.9514777803439336,cubicle41398,11.0,b,152.918425,-31.4682064,
132,0.9984841314950184,node161553390,11.0,b,152.909655,-31.4664391,
133,0.9819235097225557,node101116406,11.0,b,152.921941,-31.4685613,
134,0.9514777680996295,cn-cable3338930-t2,11.0,b,152.915171,-31.4655908,
135,0.9979893778399828,node23506966,11.0,b,152.922335,-31.4684655,
136,0.9514777647388694,node67193326,11.0,b,152.916167,-31.4685306,
137,0.9993467152494387,cn-simulated23058287_112903-t2,11.0,b,152.89401,-31.4661166,
138,0.9672543797555886,node22373296,11.0,b,152.904725,-31.4657738,
139,0.9885589294097964,cubicle47839,11.0,b,152.894923,-31.4624961,
140,0.9819235195625214,node59312998,11.0,b,152.922377,-31.4684175,
141,0.9514777143209541,cubicle50467,11.0,b,152.91234,-31.4660617,
142,0.9984841314950184,cn-busbar355175-t2,11.0,b,152.909634,-31.4664392,
143,0.9544772122423985,cubicle33447,11.0,b,152.921516,-31.4691803,
144,0.9514778382579966,node70361087,11.0,b,152.915981,-31.4676849,
145,0.9672543982439233,cn-cable3338662-t2,11.0,b,152.905946,-31.4652594,
146,0.9672543706316181,cubicle69502,11.0,b,152.904869,-31.4638388,
147,0.9514777990465609,cubicle49322,11.0,b,152.914521,-31.4672716,
148,0.951477798672718,cn-cable1236568-t1,11.0,b,152.916343,-31.4677726,
149,0.9514777479588276,cn-cable3338151-t2,11.0,b,152.917334,-31.4684664,
150,0.9987528439985979,node23065974,11.0,b,152.907996,-31.4678503,
151,0.9514777851301539,node57578106,11.0,b,152.914683,-31.4667267,
152,0.9672543695510049,cubicle69504,11.0,b,152.904993,-31.4632555,
153,0.9544772497892688,node69935902,11.0,b,152.920848,-31.4705966,
154,0.9514777681113,node71578957,11.0,b,152.915193,-31.4656321,
155,0.951477747522102,node67193541,11.0,b,152.917673,-31.4686599,
156,0.9544772505983286,node69935554,11.0,b,152.920533,-31.4719448,
157,0.9544772124544724,cubicle34591,11.0,b,152.9217,-31.4691409,
158,0.9544772571319461,cubicle46068,11.0,b,152.920797,-31.4715627,
159,0.9544772931355805,node58449876,11.0,b,152.920958,-31.4708469,
160,0.9514777841799104,cn-cable3338200-t2,11.0,b,152.914276,-31.4691855,
161,0.9885589126571827,node60264081,11.0,b,152.894155,-31.4632862,
162,0.9885589296313998,cubicle33092,11.0,b,152.894849,-31.4623445,
163,0.951477799972175,node71578611,11.0,b,152.914559,-31.4669988,
164,0.9672543772643486,node67195828,11.0,b,152.907327,-31.4659871,
165,0.9514777151967228,cn-cable3338868-t2,11.0,b,152.912492,-31.4660061,
166,0.9544772269560952,cubicle48221,11.0,b,152.921244,-31.4699828,
167,0.9544772881828494,cn-geo_schematic_cable22431-t1,11.0,b,152.920941,-31.4708425,
168,0.9514777480840548,cubicle36854,11.0,b,152.917428,-31.4685248,
169,0.9514777942886662,node23220059,11.0,b,152.916949,-31.4675311,
170,0.9819235004293582,cn-cable3338285-t2,11.0,b,152.920228,-31.4683935,
171,0.9514777691275511,node71578941,11.0,b,152.915213,-31.4657045,
172,0.9514777469575174,cubicle35717,11.0,b,152.917695,-31.4686252,
173,0.9544772107609003,cubicle41419,11.0,b,152.922104,-31.4692467,
174,0.9672544064782075,node74192384,11.0,b,152.906113,-31.4652451,
175,0.9819234901395771,cubicle110989,11.0,b,152.921634,-31.4679443,
176,0.998752843998698,cn-cable2122107-t2,11.0,b,152.908322,-31.4682887,
177,0.9989276280143657,node84230727,11.0,b,152.903827,-31.4678923,
178,0.9819235150764661,node61343056,11.0,b,152.922346,-31.4677386,
179,0.9514777308486174,cubicle34606,11.0,b,152.913232,-31.4661927,
180,0.9514777854037795,cubicle42552,11.0,b,152.914275,-31.4687228,
181,0.951477751153414,cubicle35723,11.0,b,152.917041,-31.4685151,
182,0.9995039643016542,node59607016,11.0,b,152.895629,-31.4649257,
183,0.951477794959992,node100121487,11.0,b,152.916922,-31.4677077,
184,0.9544772329282847,cn-cable3336353-t2,11.0,b,152.920959,-31.4699874,
185,0.9514777879530777,node59739651,11.0,b,152.91468,-31.466736,
186,0.9672543846763444,node67195367,11.0,b,152.905748,-31.4661841,
187,0.9995536727132079,cn-busbar87061-t2,11.0,b,152.895559,-31.4649602,
188,0.9514777573374045,cubicle44807,11.0,b,152.915469,-31.4682559,
189,0.9672543911688337,node67195581,11.0,b,152.906686,-31.4663487,
190,0.9979883857372744,cn-cable1142178-t2,11.0,b,152.922638,-31.4685013,
191,0.9885589570587863,node23015020,11.0,b,152.895606,-31.4621773,
192,0.9544772823404536,cubicle39162,11.0,b,152.922217,-31.4710278,
193,0.9677038449063718,cn-cable3338852-t2,11.0,b,152.911572,-31.4667606,
194,0.9544772461104889,cubicle41535,11.0,b,152.920818,-31.4722866,
195,0.9544772334415849,node69935927,11.0,b,152.921154,-31.4701097,
196,0.999297001529284,cn-busbar251728-t2,11.0,b,152.896033,-31.4674971,
197,0.9672543912071483,cn-cable3338741-t2,11.0,b,152.906697,-31.4647777,
198,0.9819235010481814,node101116139,11.0,b,152.920461,-31.468362,
199,0.9514777568596854,cn-cable3338996-t2,11.0,b,152.915888,-31.4672411,
200,0.9514778373505506,cn-cable3295683-t1,11.0,b,152.915968,-31.4676743,
201,0.9995039643016538,cn-geo_schematic_cable380327-t2,11.0,b,152.895612,-31.4649198,
202,0.954477223128985,node69936141,11.0,b,152.921244,-31.4699816,
203,0.9544772575999959,cn-cable3269444-t2,11.0,b,152.921032,-31.4717009,
204,0.9514777930343392,node57578117,11.0,b,152.914678,-31.4667453,
205,0.954477190894346,node23030576,11.0,b,152.922661,-31.4689745,
206,0.9885589219154346,cn-cable3341620-t2,11.0,b,152.894343,-31.4627358,
207,0.9544772577271028,cubicle49434,11.0,b,152.920915,-31.4716819,
208,0.9514777680728189,cubicle40150,11.0,b,152.915016,-31.465602,
209,0.9980275926318013,cn-cable4304011-t1,11.0,b,152.920849,-31.4685414,
210,0.9514777809238903,cn-cable3338936-t2,11.0,b,152.91488,-31.4663333,
211,0.9885589146134479,node60264070,11.0,b,152.893751,-31.4627859,
212,0.951477757482047,cn-cable3338952-t2,11.0,b,152.915693,-31.4665237,
213,0.9672543911688338,node74191979,11.0,b,152.906778,-31.4663322,
214,0.9981406594350043,node84142962,11.0,b,152.914638,-31.4667739,
215,0.9989144827531244,cn-cable2937658-t1,11.0,b,152.904178,-31.4672275,
216,0.9514777617572772,cn-cable3338997-t2,11.0,b,152.91599,-31.4667369,
217,0.9672544084775597,node59740028,11.0,b,152.906016,-31.4653159,
218,0.9990955938792861,node29539829,11.0,b,152.898808,-31.4656364,
219,0.9514777992694794,cubicle42443,11.0,b,152.914552,-31.4671192,
220,0.9672543721320879,cubicle69501,11.0,b,152.904811,-31.464159,
221,0.9514777103368337,cn-cable3338860-t2,11.0,b,152.912112,-31.4668368,
224,0.9544772577291123,cubicle39241,11.0,b,152.920724,-31.4717832,
225,0.9514777889110049,node67193139,11.0,b,152.914546,-31.468444,
226,0.9514777868035181,node35591462,11.0,b,152.917556,-31.4679393,
227,0.9885589071882671,cubicle39895,11.0,b,152.89464,-31.4633128,
228,0.9977262130032373,cn-busbar83733-t2,11.0,b,152.921011,-31.4708602,
229,0.9672543821265596,node67195290,11.0,b,152.905412,-31.465996,
230,0.9544772109680818,cubicle40276,11.0,b,152.92214,-31.4694281,
231,0.9819235131069791,node59283145,11.0,b,152.922361,-31.4684858,
232,0.98192349344503,cn-cable3338289-t2,11.0,b,152.920803,-31.468245,
233,0.9672544079748813,cubicle40841,11.0,b,152.906018,-31.4656,
234,0.9514777858062687,node67193101,11.0,b,152.914408,-31.468836,
235,0.9544772459743891,cn-cable3269443-t2,11.0,b,152.920808,-31.4721783,
236,0.9544772190540286,cubicle34619,11.0,b,152.921155,-31.4697341,
237,0.951477710802456,node69936339,11.0,b,152.912351,-31.466795,
238,0.9819235136093905,node24153826,11.0,b,152.922582,-31.4686505,
239,0.9677038410282252,node69877027,11.0,b,152.911959,-31.4686448,
240,0.9514777574382957,cn-cable3338142-t2,11.0,b,152.915583,-31.4682161,
241,0.9514777794843062,node57578105,11.0,b,152.914657,-31.466722,
242,0.9514777882824543,node67193147,11.0,b,152.91442,-31.4683888,
243,0.951477755786518,cubicle44801,11.0,b,152.916619,-31.4686239,
244,0.9983057476766211,node74092492,11.0,b,152.897784,-31.4666787,
245,0.9544772837203359,cubicle48240,11.0,b,152.921791,-31.4713831,
246,0.9819235016350957,cn-cable3304342-t1,11.0,b,152.920857,-31.4685405,
247,0.9984987017760872,node23107373,11.0,b,152.910035,-31.4676441,
249,0.9514777482839492,cubicle34603,11.0,b,152.917407,-31.4687065,
250,0.967254381904409,cubicle43221,11.0,b,152.905428,-31.4659877,
251,0.951477768325729,cubicle39022,11.0,b,152.914966,-31.4656848,
252,0.9677038866492207,cn-geo_schematic_cable27949-t1,11.0,b,152.912399,-31.4676613,
253,0.9514778234198183,node101119362,11.0,b,152.915548,-31.4676414,
254,0.9514777905854557,node102518697,11.0,b,152.912905,-31.4669828,
255,0.9514777572037647,cn-cable3338141-t2,11.0,b,152.915381,-31.4681812,
256,0.9677038393450357,node23529726,11.0,b,152.911719,-31.4654863,
257,0.9514777836594842,cn-cable3339030-t2,11.0,b,152.917872,-31.46807,
258,0.9514777435704619,cubicle43565,11.0,b,152.913762,-31.466483,
259,0.9984710116554972,node67195950,11.0,b,152.907851,-31.4664014,
260,0.9514777434258256,cn-cable3338905-t2,11.0,b,152.913847,-31.4665717,
261,0.951477712051729,cn-cable3338863-t2,11.0,b,152.912182,-31.4664961,
262,0.9672544425776235,cn-geo_schematic_cable1690-t1,11.0,b,152.905991,-31.4653382,
263,0.9514777270601981,node71578394,11.0,b,152.913199,-31.4663653,
264,0.9672543913318095,cubicle50237,11.0,b,152.906719,-31.4648768,
266,0.9998123761537521,node23148406,11.0,b,152.895642,-31.4621709,
267,0.9672543783230169,cubicle37764,11.0,b,152.907354,-31.465532,
269,0.9672543932786919,cubicle47655,11.0,b,152.905658,-31.4651922,
270,0.9514777679599018,cn-cable3338927-t2,11.0,b,152.91496,-31.4655674,
271,0.9819234922927709,cubicle111148,11.0,b,152.921517,-31.4681497,
272,0.9514777926906746,node100121528,11.0,b,152.917031,-31.467113,
273,0.9544772468444238,node69935461,11.0,b,152.920673,-31.4721417,
274,0.9677038534480769,cn-cable3339126-t2,11.0,b,152.912409,-31.4676189,
275,0.9544772318026782,cubicle50506,11.0,b,152.921372,-31.4721269,
276,0.9514777576544761,cubicle45831,11.0,b,152.915759,-31.4663986,
277,0.9998604019429103,cn-cable2122108-t2,11.0,b,152.89587,-31.4616346,
278,0.967254380163056,cn-cable3338466-t2,11.0,b,152.905027,-31.4657604,
279,0.9980275926366866,cn-busbar254942-t2,11.0,b,152.91903,-31.4706068,
280,0.9984462968209178,node24046336,11.0,b,152.905876,-31.4653192,
281,0.981923497593033,node36726535,11.0,b,152.921435,-31.4683603,
282,0.967703855599016,node65782890,11.0,b,152.913166,-31.4677965,
283,0.9819234895181653,cn-cable3713957-t2,11.0,b,152.921929,-31.4678687,
284,0.9514777877082827,node67193128,11.0,b,152.914534,-31.468461,
285,0.951477730872699,cubicle33464,11.0,b,152.913345,-31.4661849,
286,0.9989276280143659,node84230737,11.0,b,152.903841,-31.4679035,
287,0.9980275926318001,node23378215,11.0,b,152.920852,-31.4685328,
288,0.9677038402154413,cn-cable3338856-t2,11.0,b,152.911729,-31.4659927,
289,0.98855891982518,node67830826,11.0,b,152.894118,-31.4625419,
290,0.9514778518527576,cn-simulated84625474_202755-t1,11.0,b,152.915972,-31.4676748,
291,0.9677038301352373,cn-cable3338220-t2,11.0,b,152.911045,-31.4672667,
292,0.9677038701067081,node59740730,11.0,b,152.912386,-31.4676305,
293,0.9514777684500505,cubicle37885,11.0,b,152.915192,-31.4656172,
294,0.9514777662261387,cn-cable3339044-t2,11.0,b,152.915666,-31.4655364,
295,0.9984841049270462,node161553353,11.0,b,152.909593,-31.4664215,
296,0.9514777558258423,cn-cable3338957-t2,11.0,b,152.915851,-31.4660347,
297,0.9672543781952517,cn-cable3338748-t2,11.0,b,152.907438,-31.465606,
298,0.9514777742046512,node71578873,11.0,b,152.91495,-31.4660335,
299,0.9672544054785328,node57577377,11.0,b,152.906024,-31.4652982,
300,0.9672543983697273,cubicle37426,11.0,b,152.905829,-31.4652718,
301,0.9514777818555665,node151251899,11.0,b,152.914561,-31.4667554,
302,0.9672543812766639,cubicle35158,11.0,b,152.904838,-31.4651638,
303,0.9514777976189855,node71578846,11.0,b,152.915095,-31.4673387,
304,0.9995537610230466,node23398575,11.0,b,152.896801,-31.4645406,
305,0.9514777956930011,node23220058,11.0,b,152.916741,-31.4678253,
306,0.9981406397932274,cn-busbar88081-t1,11.0,b,152.914746,-31.4667871,
307,0.967703825381679,node69876850,11.0,b,152.911388,-31.4681823,
308,0.9672543795334376,cubicle48772,11.0,b,152.904725,-31.4657631,
309,0.9514777513023818,cubicle33460,11.0,b,152.917014,-31.4686761,
310,0.9677038297377152,node65782807,11.0,b,152.911009,-31.4677418,
311,0.954477261316749,cn-cable3336351-t2,11.0,b,152.920603,-31.4705971,
312,0.9514777265164358,cn-cable3338908-t2,11.0,b,152.913442,-31.4664682,
313,0.9544772502532772,node69935634,11.0,b,152.92028,-31.4714702,
314,0.9514777557331902,cn-cable3338145-t2,11.0,b,152.916561,-31.4683882,
315,0.9514777122990802,cubicle45948,11.0,b,152.912435,-31.4664598,
316,0.9672544078514445,cn-cable3338475-t2,11.0,b,152.906044,-31.4656975,
317,0.9984841182058587,node161553407,11.0,b,152.909593,-31.466457,
318,0.9978799591186689,cn-simulated23427399_210792-t1,11.0,b,152.904518,-31.4626351,
319,0.9514777540918321,cubicle41409,11.0,b,152.915314,-31.4686933,
320,0.9819235009141895,cn-cable3338283-t2,11.0,b,152.920538,-31.4684501,
321,0.9514778228434426,cn-cable1115303-t1,11.0,b,152.915975,-31.4676754,
322,0.9514777921964316,node73296175,11.0,b,152.916577,-31.4670516,
323,0.9984841381395979,node161553384,11.0,b,152.909675,-31.4664568,
324,0.967254395989641,node67195527,11.0,b,152.906474,-31.4660412,
325,0.9514777600330451,cubicle39028,11.0,b,152.914279,-31.4664834,
326,0.9514777572157826,node71579187,11.0,b,152.915788,-31.467313,
327,0.999346715249472,node84142412,11.0,b,152.89365,-31.4661027,
328,0.9819235006338165,node23381694,11.0,b,152.919292,-31.4685517,
329,0.9514778007274184,cn-cable1144520-t2,11.0,b,152.914465,-31.4674532,
330,0.9672543749019422,node101117387,11.0,b,152.904732,-31.4644755,
331,0.9514777541402677,cn-cable3338179-t2,11.0,b,152.915568,-31.4687194,
332,0.9677038485439454,cubicle49635,11.0,b,152.912399,-31.4681971,
333,0.9514777883953716,cubicle49329,11.0,b,152.914398,-31.4683934,
334,0.9993467152494387,node23058287,11.0,b,152.89402,-31.466117,
335,0.9995537610126902,cn-cable1188760-t1,11.0,b,152.896792,-31.4645411,
336,0.998794323027989,cn-cable1236610-t1,11.0,b,152.907991,-31.4678585,
337,0.9544772322082803,node69935403,11.0,b,152.92158,-31.4722671,
338,0.9990955938792815,node29539805,11.0,b,152.900356,-31.4664187,
339,0.9514777702402399,cubicle41403,11.0,b,152.916253,-31.4683939,
340,0.9677038667760036,node74598356,11.0,b,152.912439,-31.4675348,
341,0.951477788124072,node67193148,11.0,b,152.914505,-31.4682865,
342,0.9514777598961396,cn-cable3338919-t2,11.0,b,152.914207,-31.4663931,
343,0.9677038362850541,cubicle40584,11.0,b,152.911387,-31.4673594,
344,0.9677038616221606,cubicle46265,11.0,b,152.91264,-31.4675187,
345,0.9819235066473911,cubicle77072,11.0,b,152.922029,-31.4684298,
346,0.951477768212812,cn-cable3338926-t2,11.0,b,152.914881,-31.4657172,
347,0.9983182238116627,cn-busbar84114-t2,11.0,b,152.912399,-31.4676613,
348,0.9677038553769689,cubicle40579,11.0,b,152.913162,-31.4678096,
349,0.9514777439451069,node71578408,11.0,b,152.913806,-31.4663387,
350,0.9544772941322298,cn-cable3336327-t2,11.0,b,152.920772,-31.4711244,
351,0.951477753303403,cn-cable3338180-t2,11.0,b,152.915434,-31.4690208,
352,0.9677038532494006,cn-cable3338216-t2,11.0,b,152.912259,-31.4674116,
353,0.9544772457266534,cn-cable3336708-t2,11.0,b,152.92109,-31.472463,
354,0.9819235095785773,cn-cable3338340-t2,11.0,b,152.921824,-31.4686239,
355,0.9672543916065108,cubicle49109,11.0,b,152.90662,-31.4650241,
356,0.981923500661494,node84625716,11.0,b,152.920872,-31.4687987,
357,0.9672544146977633,cn-geo_schematic_cable14365-t2,11.0,b,152.905999,-31.4653206,
358,0.9514777268343643,cubicle47097,11.0,b,152.913164,-31.466339,
359,0.9544772037769126,cn-cable3336380-t2,11.0,b,152.921944,-31.4705391,
360,0.9514777766613822,node71579091,11.0,b,152.914717,-31.4667235,
361,0.9514777155913149,cubicle44805,11.0,b,152.913114,-31.4661885,
362,0.9885589198251803,cn-geo_schematic_cable36510-t2,11.0,b,152.89377,-31.4624034,
363,0.9514778112726053,node57578109,11.0,b,152.914673,-31.4667639,
364,0.9885589220241161,cubicle43298,11.0,b,152.894283,-31.4628071,
365,0.9677038488049275,cn-cable3338259-t2,11.0,b,152.912826,-31.4681239,
366,0.9544772164090587,cn-cable3336368-t2,11.0,b,152.921449,-31.4696724,
367,0.9514777988610492,cn-cable3338902-t2,11.0,b,152.914273,-31.4671802,
368,0.9514778013462757,cn-cable3339592-t2,11.0,b,152.914352,-31.4675273,
369,0.9544772827851765,node60063915,11.0,b,152.92228,-31.4711877,
370,0.967703844602007,node23319269,11.0,b,152.911359,-31.4665022,
371,0.9514777763226314,cn-cable3338950-t2,11.0,b,152.915312,-31.4666327,
372,0.9544771951406603,node22943850,11.0,b,152.922605,-31.4705887,
373,0.967254376431019,cn-geo_schematic_cable1861-t2,11.0,b,152.907356,-31.4663038,
374,0.9677038534169761,cubicle50763,11.0,b,152.912115,-31.4674681,
375,0.9677038538172199,node69876678,11.0,b,152.912397,-31.4676119,
376,0.9514777804410995,cn-cable3338921-t2,11.0,b,152.914496,-31.4664068,
377,0.9672543980586111,cubicle39696,11.0,b,152.905655,-31.4653839,
378,0.9514777806800978,cubicle45838,11.0,b,152.914763,-31.4664105,
379,0.9677038313708847,node69876797,11.0,b,152.910933,-31.4675238,
380,0.981923496231742,node79493030,11.0,b,152.921518,-31.4681632,
381,0.9819234891785715,cubicle111147,11.0,b,152.922031,-31.4680536,
382,0.9514777915568581,node71578708,11.0,b,152.91335,-31.4670396,
383,0.9677038408061777,cubicle43985,11.0,b,152.911958,-31.4686584,
384,0.9514777125249145,node69936372,11.0,b,152.912529,-31.4661908,
385,0.9544772921906847,cn-cable3336729-t2,11.0,b,152.920955,-31.4708875,
386,0.951477839888464,node84625509,11.0,b,152.91597,-31.4676746,
387,0.981923496427452,cubicle77078,11.0,b,152.921242,-31.4683175,
388,0.9514777908138686,node101119328,11.0,b,152.917147,-31.4678866,
389,0.967254401490108,node67195503,11.0,b,152.906418,-31.4657105,
390,0.9984841115405854,node161553431,11.0,b,152.909545,-31.4664216,
391,0.9514777847994461,node67193045,11.0,b,152.914186,-31.4691174,
392,0.9514777922795719,cn-cable3339049-t2,11.0,b,152.916882,-31.4668117,
393,0.9514777764406954,cubicle36749,11.0,b,152.915506,-31.4666161,
394,0.981923496427452,node36726527,11.0,b,152.921246,-31.4683259,
395,0.9677038550390614,cubicle39443,11.0,b,152.913241,-31.4676597,
396,0.9677038364315601,cubicle38311,11.0,b,152.911365,-31.467521,
397,0.9819235005520771,cubicle37985,11.0,b,152.920968,-31.4687653,
398,0.9514777806079311,cubicle49220,11.0,b,152.914608,-31.466315,
399,0.9677038299542597,cn-cable3338222-t2,11.0,b,152.910977,-31.4673646,
400,0.9672543787286514,node67195771,11.0,b,152.907348,-31.4656915,
401,0.9978799587956704,cn-cable3338483-t2,11.0,b,152.904427,-31.4626327,
402,0.9989847736827523,cn-cable1218152-t1,11.0,b,152.903356,-31.4671235,
403,0.9672544124762634,node57577389,11.0,b,152.905992,-31.4653076,
404,0.9514777581287263,node67193367,11.0,b,152.915621,-31.4684345,
405,0.9885589227781909,cn-cable3341619-t2,11.0,b,152.894556,-31.4626398,
406,0.9819234934293698,node36726501,11.0,b,152.920603,-31.4682323,
407,0.9677038250081249,cubicle33777,11.0,b,152.911282,-31.4683033,
408,0.9983821354472785,cn-cable1133130-t1,11.0,b,152.91178,-31.4670577,
409,0.9514777585220641,cubicle33355,11.0,b,152.9157,-31.4668783,
410,0.9514777854296322,cn-cable3338188-t2,11.0,b,152.914516,-31.4687495,
411,0.9544772048122329,node69936009,11.0,b,152.922073,-31.4700642,
412,0.9993470874747357,node141207713,11.0,b,152.898278,-31.4665638,
413,0.951477790678872,cn-cable3339035-t2,11.0,b,152.917039,-31.4679421,
414,0.9514777640613683,cubicle37996,11.0,b,152.916102,-31.468533,
415,0.9993467023177446,cn-busbar87086-t2,11.0,b,152.896034,-31.4675006,
416,0.9990955938792841,node150179237,11.0,b,152.899895,-31.4666596,
417,0.9993467152494712,node84142353,11.0,b,152.893653,-31.4661043,
418,0.9819235195625214,node59312972,11.0,b,152.922392,-31.46844,
419,0.9672543817695534,cn-cable3338470-t2,11.0,b,152.905554,-31.4659744,
420,0.9819234935549395,cubicle97111,11.0,b,152.920737,-31.4682467,
421,0.951477756238186,node67193435,11.0,b,152.916622,-31.4686107,
422,0.9983182303256651,node24069238,11.0,b,152.912278,-31.4676597,
423,0.9514777866511102,cn-cable3339031-t2,11.0,b,152.917642,-31.4680351,
424,0.9992970015292844,cn-busbar251728-t1,11.0,b,152.896034,-31.4675007,
425,0.9514777563562726,node71579002,11.0,b,152.9158,-31.4660416,
427,0.951477785581824,node57578118,11.0,b,152.914653,-31.4667406,
428,0.9544772123419103,cn-cable3336362-t2,11.0,b,152.921621,-31.4690899,
429,0.9514777558633448,cubicle43670,11.0,b,152.916645,-31.4684628,
430,0.9980527240026049,cn-cable3397178-t1,11.0,b,152.919832,-31.4682633,
431,0.9544772348066505,cubicle39191,11.0,b,152.921459,-31.4727988,
432,0.9980275926366866,node84145216,11.0,b,152.919022,-31.4706163,
433,0.9819235132139039,cn-cable3806606-t2,11.0,b,152.922873,-31.468798,
434,0.9672543819824383,cn-cable3338742-t2,11.0,b,152.907275,-31.4652871,
435,0.9672543819792181,cn-cable3338744-t2,11.0,b,152.90713,-31.4651596,
436,0.9514777541594531,cn-cable3338178-t2,11.0,b,152.915526,-31.4688834,
437,0.954477216234718,cubicle38012,11.0,b,152.92129,-31.4694277,
438,0.9544772130362704,node69936185,11.0,b,152.921743,-31.4692912,
439,0.9819235170459528,node59312978,11.0,b,152.922368,-31.4684424,
440,0.9677038274894005,cn-cable3339099-t2,11.0,b,152.911065,-31.4679634,
441,0.9544772575881357,cubicle50571,11.0,b,152.920804,-31.4715438,
442,0.9885589198251803,node60264186,11.0,b,152.893774,-31.4624144,
443,0.9544772835427661,cn-cable3336402-t2,11.0,b,152.921953,-31.4714111,
444,0.9514777669955313,node237087015,11.0,b,152.915574,-31.4655334,
445,0.9514778012186306,cn-geo_schematic_cable69622-t1,11.0,b,152.914663,-31.4667523,
446,0.9672543720033062,cn-cable3338489-t2,11.0,b,152.904861,-31.4642541,
447,0.9672543979226401,cn-cable3338477-t2,11.0,b,152.905527,-31.4653943,
448,0.9885589230582869,cn-cable3341611-t2,11.0,b,152.894294,-31.4624288,
449,0.9544772827851765,cubicle38030,11.0,b,152.922284,-31.4711959,
450,0.9819235006338156,node23226227,11.0,b,152.920073,-31.4682914,
451,0.9993467152371116,cn-simulated23232416_101377-t2,11.0,b,152.895961,-31.4663873,
452,0.9984210981724255,node23107372,11.0,b,152.911245,-31.4669782,
453,0.9819235133233197,node153774263,11.0,b,152.922836,-31.4687401,
454,0.9514777575669059,cubicle45950,11.0,b,152.915665,-31.4682904,
455,0.9672543723542383,node67194656,11.0,b,152.9048,-31.464137,
456,0.9980275926366856,node84338536,11.0,b,152.919017,-31.4706598,
457,0.9984841248504387,cn-busbar355174-t2,11.0,b,152.909613,-31.466457,
458,0.9975416687318761,cn-simulated103968671_324538-t1,11.0,b,152.91839,-31.4680659,
459,0.9992970015292838,cn-busbar251726-t1,11.0,b,152.896035,-31.4674921,
460,0.9885589465791154,cn-geo_schematic_cable233372-t1,11.0,b,152.895603,-31.462179,
461,0.9819235190154397,cn-geo_schematic_cable23106-t2,11.0,b,152.922366,-31.4684306,
462,0.9514777141904723,cn-cable3338866-t2,11.0,b,152.912308,-31.4660772,
463,0.954477249379816,cubicle49429,11.0,b,152.920775,-31.4703899,
464,0.9993474037485953,node124410738,11.0,b,152.89747,-31.4654241,
465,0.9992970015292838,node83235361,11.0,b,152.896033,-31.4674957,
466,0.9819235005105107,cubicle35711,11.0,b,152.920849,-31.4688676,
467,0.9544771926157204,cn-cable3338328-t2,11.0,b,152.922947,-31.4696819,
468,0.9514777151060674,cn-cable3338869-t2,11.0,b,152.912516,-31.4660866,
469,0.9514777556218339,cn-cable3338956-t2,11.0,b,152.91581,-31.4660247,
470,0.9514778379169935,cn-simulated70366883_652558-t2,11.0,b,152.915957,-31.4676811,
471,0.999346715249472,node84142413,11.0,b,152.89365,-31.4661039,
472,0.9514777266775893,cubicle48208,11.0,b,152.913302,-31.4664218,
473,0.9514778232729405,cn-cable3339038-t2,11.0,b,152.915641,-31.4677264,
474,0.9995039643016538,cn-geo_schematic_cable380326-t2,11.0,b,152.895608,-31.4649101,
475,0.9514777574352297,cn-cable3338143-t2,11.0,b,152.915778,-31.4682505,
476,0.9672544012679573,cubicle45373,11.0,b,152.906427,-31.4657047,
477,0.9514777540452013,node67193296,11.0,b,152.915434,-31.4689143,
478,0.9514777664973503,cn-cable3338931-t2,11.0,b,152.915721,-31.4651576,
479,0.954477297525502,node58449856,11.0,b,152.920938,-31.470866,
480,0.9677038248812535,cn-cable3338250-t2,11.0,b,152.911163,-31.468318,
481,0.9514777641567967,cn-cable3338173-t2,11.0,b,152.916248,-31.4686185,
482,0.9544771955190393,cn-cable3255754-t2,11.0,b,152.922595,-31.4702709,
483,0.9978799584251168,node23196578,11.0,b,152.904886,-31.462879,
484,0.9995039643016537,node59607026,11.0,b,152.895606,-31.4649428,
485,0.9990955938792841,node29539787,11.0,b,152.899674,-31.4665405,
486,0.999346715249472,cn-busbar254548-t2,11.0,b,152.893651,-31.4661038,
487,0.9672543822970071,cubicle33239,11.0,b,152.907086,-31.465436,
488,0.9544772035503942,cn-cable3336385-t2,11.0,b,152.921794,-31.4706145,
489,0.9514777615356163,cn-cable3338990-t2,11.0,b,152.91602,-31.466513,
490,0.9672543797555895,node67195151,11.0,b,152.90452,-31.4657283,
491,0.9819234936643553,node52761090,11.0,b,152.920735,-31.4682563,
492,0.9544771910455024,cn-cable2727649-t2,11.0,b,152.922445,-31.4692641,
493,0.9514777701094213,cn-cable3338146-t2,11.0,b,152.916365,-31.4683537,
494,0.9544772921907336,cn-cable3336728-t2,11.0,b,152.920948,-31.4708722,
495,0.9819234900268327,cn-cable3713955-t2,11.0,b,152.921531,-31.4679151,
496,0.9544772923228636,cubicle48307,11.0,b,152.920946,-31.470882,
497,0.9677038248933175,cn-cable3338229-t2,11.0,b,152.91132,-31.4683903,
498,0.9514777618866428,cubicle41305,11.0,b,152.915939,-31.4666438,
499,0.9677038267240204,cn-cable3338228-t2,11.0,b,152.910777,-31.4681492,
500,0.9514777567065548,cn-cable3338945-t2,11.0,b,152.915531,-31.4673634,
501,0.9514777480935932,node67193582,11.0,b,152.917534,-31.4687279,
502,0.9995536727442799,node23398576,11.0,b,152.895667,-31.4649455,
503,0.9544772502532775,cubicle44917,11.0,b,152.920115,-31.4718128,
504,0.9819235019633439,node22959534,11.0,b,152.920852,-31.4685328,
505,0.9514777309856159,cubicle35727,11.0,b,152.913408,-31.4662168,
506,0.9885589116790495,cn-geo_schematic_cable36468-t1,11.0,b,152.894173,-31.4632777,
507,0.981923500661494,cn-geo_schematic_cable235949-t2,11.0,b,152.920592,-31.4693349,
508,0.9514778012186306,cn-geo_schematic_cable14331-t2,11.0,b,152.914663,-31.4667523,
509,0.9514777471833514,cubicle33452,11.0,b,152.91769,-31.4686642,
510,0.9544772352816843,node60063851,11.0,b,152.922025,-31.4730672,
511,0.951477756711218,cn-cable3338944-t2,11.0,b,152.915568,-31.4671908,
512,0.9819234934293698,node36726511,11.0,b,152.920625,-31.4682365,
513,0.999297001529284,cn-busbar251727-t1,11.0,b,152.896033,-31.4674971,
514,0.9677038422549958,node35592335,11.0,b,152.911573,-31.4662722,
515,0.9544772329466463,cn-cable3336713-t2,11.0,b,152.921677,-31.4722299,
516,0.997989370932407,cn-busbar87858-t2,11.0,b,152.922343,-31.4684329,
517,0.9544773180117996,cn-geo_schematic_cable22429-t1,11.0,b,152.92096,-31.4708798,
518,0.9514777305471362,cn-cable3338911-t2,11.0,b,152.913221,-31.4661942,
519,0.9992970015292838,node83235362,11.0,b,152.896035,-31.4674908,
520,0.9819234939926035,node52761082,11.0,b,152.920833,-31.4682695,
521,0.998002400016077,cn-cable1219300-t1,11.0,b,152.92193,-31.4685611,
522,0.9984462901867175,node24046337,11.0,b,152.905893,-31.4652836,
523,0.9885589570587863,node84281688,11.0,b,152.895608,-31.4621771,
524,0.9993467152474671,node23232416,11.0,b,152.895956,-31.4663798,
525,0.967254391717586,node67195658,11.0,b,152.906629,-31.4650125,
526,0.9819234889597399,cubicle111105,11.0,b,152.922005,-31.4679911,
528,0.9975416686241736,node103968671,11.0,b,152.91839,-31.4680659,
529,0.9514777836255205,cn-cable3338999-t2,11.0,b,152.918131,-31.4681299,
530,0.9672543805087503,node67195325,11.0,b,152.905066,-31.4658598,
531,0.981923489750651,cubicle111009,11.0,b,152.921637,-31.4679787,
532,0.9544772860441683,node149685038,11.0,b,152.921214,-31.4715439,
533,0.9514777581182076,node71579058,11.0,b,152.915914,-31.4662704,
534,0.9984463100893185,node24046367,11.0,b,152.905817,-31.4652987,
535,0.9544772496767067,cubicle50566,11.0,b,152.920956,-31.4704179,
536,0.9672543843111064,cn-cable3338469-t2,11.0,b,152.905714,-31.4660684,
537,0.9672543763199439,cn-cable3338749-t2,11.0,b,152.907353,-31.4663116,
538,0.967703861052001,cn-cable3338214-t2,11.0,b,152.912937,-31.4675276,
539,0.9544772111932059,node69936226,11.0,b,152.922146,-31.4694156,
540,0.9993467152494718,cn-busbar254549-t2,11.0,b,152.893651,-31.4661026,
541,0.9672543868587217,node67195412,11.0,b,152.906212,-31.466364,
542,0.9677038302462612,cubicle39448,11.0,b,152.910998,-31.4673279,
543,0.9672543935008426,node67194754,11.0,b,152.905642,-31.4652008,
544,0.9885589198251803,node60264191,11.0,b,152.893763,-31.4624296,
545,0.9885589198251802,node60264190,11.0,b,152.893748,-31.4624338,
546,0.9514778424263775,cn-cable3295685-t1,11.0,b,152.915975,-31.4676754,
547,0.9885589290528318,cn-cable3341615-t2,11.0,b,152.895155,-31.4622277,
548,0.9977262403662087,cn-busbar83732-t2,11.0,b,152.92106,-31.4708667,
549,0.9979893743861947,node24071491,11.0,b,152.922329,-31.4683293,
550,0.9819234888503239,cn-cable3771699-t2,11.0,b,152.922019,-31.4679144,
551,0.9993467023384571,node24056448,11.0,b,152.896034,-31.4675056,
552,0.9672544031459557,node74192361,11.0,b,152.905948,-31.4653545,
553,0.9544771968827122,cn-simulated22958791_144043-t1,11.0,b,152.922689,-31.4701007,
554,0.9672543812978985,cn-cable3338646-t2,11.0,b,152.904773,-31.4649113,
555,0.954477203236364,cn-cable3336383-t2,11.0,b,152.922143,-31.4701195,
556,0.9677038611710617,cubicle45116,11.0,b,152.912833,-31.467564,
557,0.9819234948959309,node36726519,11.0,b,152.921004,-31.4682923,
558,0.951477790221375,cn-cable3338877-t2,11.0,b,152.913028,-31.4669188,
559,0.9677038276292048,cubicle37179,11.0,b,152.910933,-31.4679629,
560,0.9544771913035881,node35592659,11.0,b,152.922681,-31.4693008,
561,0.9672543955780609,cubicle41966,11.0,b,152.906286,-31.4660827,
562,0.9977262130032373,cn-busbar83739-t1,11.0,b,152.921011,-31.4708602,
563,0.9514778005954029,node57578127,11.0,b,152.91465,-31.4667499,
564,0.9514777913310243,cubicle49332,11.0,b,152.913352,-31.4670268,
565,0.9985817546555635,cn-cable1169914-t1,11.0,b,152.910034,-31.467653,
566,0.9984841115612791,node161553414,11.0,b,152.909593,-31.4664393,
567,0.9677038341084594,node65782801,11.0,b,152.911199,-31.4674823,
568,0.9677038450424964,node69876702,11.0,b,152.911794,-31.4675998,
569,0.9677038715500135,cn-geo_schematic_cable27950-t1,11.0,b,152.9124,-31.4676409,
570,0.9885589198251802,node67830839,11.0,b,152.893824,-31.4625094,
571,0.9514777435746482,cn-cable3338916-t2,11.0,b,152.913719,-31.4662414,
572,0.9984462901867175,node24046352,11.0,b,152.905884,-31.4653014,
573,0.9995039643016538,cn-geo_schematic_cable380328-t1,11.0,b,152.895612,-31.4649198,
574,0.9984841447841774,node69876550,11.0,b,152.909441,-31.4664546,
575,0.9819235006614931,node22951175,11.0,b,152.920904,-31.4687464,
576,0.9514777972594466,cubicle43678,11.0,b,152.914994,-31.4680003,
577,0.9544772614533765,cubicle40374,11.0,b,152.920668,-31.4706906,
578,0.9984462901867175,cn-busbar85063-t2,11.0,b,152.905863,-31.4652733,
579,0.9885589071474303,cubicle34229,11.0,b,152.894712,-31.4631494,
580,0.9672543868676954,cubicle46514,11.0,b,152.905251,-31.4652386,
581,0.998484098292813,cn-busbar355169-t1,11.0,b,152.909613,-31.4664215,
582,0.9677038308013794,node69876775,11.0,b,152.910993,-31.4673792,
583,0.9677038545733255,cubicle41722,11.0,b,152.913252,-31.4676764,
584,0.9885589116790495,cn-geo_schematic_cable36502-t2,11.0,b,152.894173,-31.4632777,
585,0.951477754503527,node67193235,11.0,b,152.915464,-31.4687954,
587,0.9514777811081677,node67193623,11.0,b,152.918584,-31.4683116,
588,0.9819234936577952,cn-cable3338286-t2,11.0,b,152.920908,-31.4682012,
589,0.9514777847994461,node102517050,11.0,b,152.914193,-31.4691053,
590,0.9672543869128863,cn-cable3338649-t2,11.0,b,152.905405,-31.4650354,
591,0.9544772827851766,cn-geo_schematic_cable34386-t2,11.0,b,152.922274,-31.4712154,
592,0.9990955938792712,node29539793,11.0,b,152.901546,-31.4666928,
593,0.9677038420849717,cn-cable3338853-t2,11.0,b,152.911691,-31.4661793,
594,0.9677038622193158,node65782916,11.0,b,152.912664,-31.4676786,
595,0.9514777678420854,cubicle41292,11.0,b,152.915092,-31.4655769,
596,0.9672543911688338,cn-geo_schematic_cable137654-t2,11.0,b,152.907383,-31.4663081,
597,0.9544773004521157,node58449861,11.0,b,152.920963,-31.4708563,
598,0.9514777585827725,cn-cable3338994-t2,11.0,b,152.915957,-31.4669039,
599,0.9981406299723389,cn-busbar88081-t2,11.0,b,152.914658,-31.4667709,
600,0.9885589290597762,cn-cable3341614-t2,11.0,b,152.894935,-31.4622644,
601,0.9677038391563568,cubicle48514,11.0,b,152.911607,-31.468507,
602,0.9984841115509322,cn-busbar355177-t2,11.0,b,152.909572,-31.4664393,
603,0.9993467152494703,node33409252,11.0,b,152.893999,-31.4661162,
604,0.9514777562433555,cubicle43556,11.0,b,152.915786,-31.4660345,
605,0.9514777687855038,cn-cable3338933-t2,11.0,b,152.915248,-31.4657984,
606,0.9672543868049597,cn-cable3338647-t2,11.0,b,152.905193,-31.4649821,
607,0.9672543914759655,cn-cable3338687-t2,11.0,b,152.9065,-31.4650016,
608,0.951477748160613,cn-cable3338156-t2,11.0,b,152.917302,-31.4687467,
609,0.95147778230723,cn-geo_schematic_cable14468-t1,11.0,b,152.91467,-31.4667244,
610,0.9514777481538227,cn-cable3338155-t2,11.0,b,152.917486,-31.468785,
611,0.951477788011155,cubicle48205,11.0,b,152.914503,-31.4682676,
612,0.9514777701100777,cn-cable3338144-t2,11.0,b,152.916169,-31.4683192,
613,0.9544772352816843,node60063841,11.0,b,152.922028,-31.4730532,
614,0.9978799571072285,node23212106,11.0,b,152.904729,-31.4636256,
615,0.954477294145529,cn-cable3336328-t2,11.0,b,152.92069,-31.4709704,
616,0.9677038361371995,cn-cable3338219-t2,11.0,b,152.911279,-31.4672837,
617,0.9983057475690009,cn-cable3341083-t2,11.0,b,152.897818,-31.4666451,
618,0.9514777595862349,cn-cable3338906-t2,11.0,b,152.914265,-31.4667238,
619,0.9514777536421539,node67193267,11.0,b,152.915341,-31.468978,
620,0.951477785240298,node67193066,11.0,b,152.91435,-31.4690557,
621,0.999860353511753,node34701112,11.0,b,152.895865,-31.4616425,
622,0.9514777578923733,cubicle44684,11.0,b,152.915929,-31.4662681,
623,0.967254376431019,cubicle45191,11.0,b,152.907298,-31.4662743,
624,0.9984462901867175,cn-busbar85064-t1,11.0,b,152.905863,-31.4652733,
625,0.9544771928821492,node61288125,11.0,b,152.922703,-31.4697205,
626,0.9514777270601981,node71578372,11.0,b,152.91318,-31.4663343,
627,0.9514777465913066,cn-cable3338153-t2,11.0,b,152.917699,-31.4686339,
628,0.9544772352816843,node69935313,11.0,b,152.92187,-31.4730135,
629,0.9514777842928275,cubicle34608,11.0,b,152.914306,-31.4691261,
631,0.9514777580158094,cubicle39130,11.0,b,152.915617,-31.4684477,
632,0.9514777740917343,cubicle34488,11.0,b,152.914984,-31.4660077,
633,0.9544772330458611,cubicle48302,11.0,b,152.920973,-31.4700805,
634,0.9981453295626548,cn-simulated24502843_202755-t2,11.0,b,152.915972,-31.4676748,
635,0.9514777264949752,cn-cable3338909-t2,11.0,b,152.913164,-31.4663484,
636,0.967254410476905,node74192331,11.0,b,152.906079,-31.4654383,
637,0.9514778067382209,cn-cable3339041-t2,11.0,b,152.915163,-31.4676525,
638,0.9885589093687952,cn-cable3341628-t2,11.0,b,152.894196,-31.4633567,
639,0.9672543708537686,node67194635,11.0,b,152.90486,-31.4638379,
640,0.998027592636686,cn-busbar254957-t2,11.0,b,152.919035,-31.4706408,
641,0.9984710116554919,node67195949,11.0,b,152.909416,-31.4663619,
642,0.9998104178504725,cn-cable1219505-t2,11.0,b,152.895606,-31.4621773,
643,0.9514777973931513,cubicle34596,11.0,b,152.915071,-31.4673142,
644,0.9885589570587863,node84281775,11.0,b,152.895605,-31.4621779,
645,0.9514777834364017,node57578136,11.0,b,152.914655,-31.4667313,
646,0.954477233202029,cn-cable3336743-t2,11.0,b,152.92118,-31.4702162,
647,0.9819234952469992,cn-geo_schematic_cable196969-t1,11.0,b,152.921537,-31.4681647,
648,0.9544772881828494,cn-geo_schematic_cable22433-t2,11.0,b,152.920941,-31.4708425,
649,0.9982101099756946,node23378216,11.0,b,152.914462,-31.4674619,
650,0.9514777998592578,cubicle41298,11.0,b,152.914631,-31.4667821,
651,0.9514778424263775,node84625474,11.0,b,152.915972,-31.4676748,
652,0.9514777804759348,cn-cable3339093-t2,11.0,b,152.918584,-31.4684228,
653,0.9989276280134848,node22997808,11.0,b,152.904028,-31.4671829,
654,0.9995039643016531,cn-geo_schematic_cable25607-t1,11.0,b,152.895619,-31.4649391,
655,0.951477780101451,cn-cable3338922-t2,11.0,b,152.914607,-31.466305,
656,0.951477755560684,cubicle45944,11.0,b,152.916557,-31.468613,
657,0.9993467152494718,cn-busbar254547-t1,11.0,b,152.893651,-31.4661026,
658,0.9514777740917342,cubicle46978,11.0,b,152.914964,-31.4660397,
659,0.9514777568418129,cubicle47088,11.0,b,152.915618,-31.4672854,
660,0.9993467152494703,node84142381,11.0,b,152.89365,-31.4661061,
661,0.9544772160968622,cn-cable3336356-t2,11.0,b,152.921184,-31.4694784,
662,0.9819235017283013,cn-cable3255752-t2,11.0,b,152.920675,-31.468652,
663,0.9991452684092293,cn-simulated29539706_245936-t2,11.0,b,152.901546,-31.4666928,
664,0.9672543765518161,node67196314,11.0,b,152.907301,-31.4662506,
665,0.954477261462668,cn-cable3336740-t2,11.0,b,152.920938,-31.470748,
666,0.9544772570050979,cn-cable3336323-t2,11.0,b,152.920513,-31.4716359,
667,0.9514777678854666,cubicle36743,11.0,b,152.915207,-31.4656251,
668,0.9677038444208161,cn-cable3338850-t2,11.0,b,152.911258,-31.4666209,
669,0.9885589074056297,node67830893,11.0,b,152.894197,-31.4632727,
670,0.9989276280143659,node84230717,11.0,b,152.903841,-31.4678917,
671,0.9514777561304386,cn-cable3338954-t2,11.0,b,152.915611,-31.4660729,
672,0.9514777572157826,node71579209,11.0,b,152.915782,-31.4673429,
673,0.9672543880233606,cn-cable3338743-t2,11.0,b,152.906972,-31.4650359,
674,0.9990955938792835,node29539811,11.0,b,152.900033,-31.4662794,
675,0.954477208341655,cubicle50485,11.0,b,152.921826,-31.4701117,
676,0.9514777764554206,cubicle46985,11.0,b,152.914716,-31.4667244,
677,0.9514777554296926,cn-cable3338170-t2,11.0,b,152.916445,-31.4686531,
678,0.9677038590043495,node74598346,11.0,b,152.912416,-31.4676122,
679,0.9979930387751513,node23176244,11.0,b,152.921941,-31.4685613,
680,0.9677038568712513,node65782938,11.0,b,152.912935,-31.4677421,
681,0.9819235209849264,node59313009,11.0,b,152.922365,-31.4684187,
682,0.9677038534589973,cn-cable3339124-t2,11.0,b,152.912387,-31.4676186,
683,0.9672543984808021,node67194808,11.0,b,152.905812,-31.4652794,
684,0.9514777685629674,node71578952,11.0,b,152.915214,-31.4656812,
685,0.9514777811780637,node156687033,11.0,b,152.914758,-31.4663942,
686,0.9514777623383105,node69622925,11.0,b,152.915923,-31.4666419,
687,0.9514777702436061,cubicle39124,11.0,b,152.916057,-31.4683594,
688,0.9819235137074509,cn-cable3256247-t2,11.0,b,152.922447,-31.4687158,
689,0.9819235004010948,cn-cable1194928-t2,11.0,b,152.920842,-31.468948,
690,0.9819234920702777,cubicle111007,11.0,b,152.921514,-31.4680013,
691,0.9544772136343248,node69935978,11.0,b,152.921599,-31.4700204,
692,0.9514777153096396,cubicle49326,11.0,b,152.912506,-31.4660823,
693,0.9819235058588212,cn-cable3338345-t2,11.0,b,152.921395,-31.4686148,
694,0.9514777470704342,cn-cable3338154-t2,11.0,b,152.917714,-31.4687427,
695,0.9677038387138408,cn-cable3339122-t2,11.0,b,152.911985,-31.4683967,
696,1.0,cn-hv_feeder13550-source-t1,11.0,b,152.897304,-31.4609845,
697,0.997726222124228,node24039676,11.0,b,152.921018,-31.4708312,
698,0.9989276280143654,node35224015,11.0,b,152.903864,-31.4678909,
699,0.9980527240026049,cn-cable3517570-t2,11.0,b,152.919832,-31.4682633,
700,0.9514777972802342,cn-cable3338943-t2,11.0,b,152.915168,-31.4672905,
701,0.9990955938792846,node29539817,11.0,b,152.899709,-31.4661267,
702,0.9544772189242088,cn-cable3336354-t2,11.0,b,152.921057,-31.4697955,
703,0.9672543844541941,cubicle44239,11.0,b,152.905753,-31.4661765,
704,0.9514777437192732,cubicle42435,11.0,b,152.91387,-31.4663429,
705,0.9514777561304385,cubicle50353,11.0,b,152.9158,-31.4660278,
706,0.9514778069761637,node22951202,11.0,b,152.914983,-31.4675423,
707,0.9544772319831558,cubicle49365,11.0,b,152.921556,-31.4720855,
708,0.9677038268704826,cubicle36039,11.0,b,152.910746,-31.4680585,
709,0.9514777515282159,node67193477,11.0,b,152.916818,-31.4686415,
710,0.9672543825191576,node67195730,11.0,b,152.907095,-31.4654246,
711,0.9885589070380242,cn-cable3341624-t2,11.0,b,152.894796,-31.4632037,
712,0.9677038678862384,node59740704,11.0,b,152.912414,-31.4676309,
713,0.9672543821158035,cubicle34374,11.0,b,152.907151,-31.4652686,
714,0.9677038610439065,cn-cable3338213-t2,11.0,b,152.912756,-31.4674851,
715,0.998794323027989,cn-cable2937658-t2,11.0,b,152.907991,-31.4678585,
716,0.9677038435923045,node69877043,11.0,b,152.912291,-31.4685167,
717,0.9984462901867175,node24234571,11.0,b,152.905833,-31.4652631,
718,0.998434455888381,node57577957,11.0,b,152.909778,-31.4665989,
719,0.9514778015721095,node22943741,11.0,b,152.914462,-31.4674619,
720,0.9986895978782382,cn-cable1236611-t2,11.0,b,152.909215,-31.4680196,
721,0.9983410195304343,cn-cable1134809-t1,11.0,b,152.912351,-31.4671489,
722,0.9885589069478672,cn-cable3341626-t2,11.0,b,152.894631,-31.4633193,
723,0.9672543745536607,cn-cable3338645-t2,11.0,b,152.904827,-31.464423,
724,0.9514777955415763,cn-cable3339036-t2,11.0,b,152.916839,-31.4679112,
725,0.99848409165858,node161553366,11.0,b,152.909655,-31.4664214,
726,0.9514777882718125,cn-cable3338203-t2,11.0,b,152.91439,-31.4682953,
727,0.9677038366536075,node69876732,11.0,b,152.911368,-31.4675077,
728,0.967703839035875,cn-cable3338251-t2,11.0,b,152.911493,-31.4685046,
729,0.9672543745495723,cn-cable3338640-t2,11.0,b,152.904793,-31.4645919,
730,0.9819235095870392,cn-cable3338343-t2,11.0,b,152.922012,-31.4686541,
731,0.967703839378404,node69876993,11.0,b,152.911617,-31.4684963,
732,0.951477714433871,cubicle42550,11.0,b,152.912303,-31.4660857,
733,0.967254369551005,node31975399,11.0,b,152.904991,-31.4632411,
734,0.9677038691074942,node59740701,11.0,b,152.912414,-31.4676411,
735,0.9885589093372791,cn-cable3341622-t2,11.0,b,152.894414,-31.4630606,
736,0.9672544064782075,node101117485,11.0,b,152.906107,-31.4652595,
737,0.9819235181401161,cn-geo_schematic_cable23101-t1,11.0,b,152.922378,-31.4684294,
738,0.9544772352816843,cn-geo_schematic_cable34381-t2,11.0,b,152.922031,-31.4730392,
739,0.9514778424263775,node73296155,11.0,b,152.915973,-31.467675,
740,0.9544772618543358,node69935872,11.0,b,152.920843,-31.4706342,
741,0.9819234947865151,cubicle77076,11.0,b,152.921003,-31.4682849,
742,0.9995039643016531,cn-geo_schematic_cable25609-t2,11.0,b,152.895619,-31.4649391,
743,0.9514777810651467,cubicle48092,11.0,b,152.914773,-31.4663991,
744,0.9514777542776927,cubicle40264,11.0,b,152.915479,-31.4687981,
745,0.954477257444818,cn-cable3336324-t2,11.0,b,152.920875,-31.4714468,
746,0.9993467444854734,node23167833,11.0,b,152.896828,-31.4664999,
747,0.9984840783901143,node69876538,11.0,b,152.90939,-31.4664185,
748,0.9514777903596214,cubicle50472,11.0,b,152.912909,-31.4669605,
749,0.9677038448204491,cubicle43981,11.0,b,152.91179,-31.4676129,
750,0.9514778013707411,cn-cable3255759-t2,11.0,b,152.914604,-31.4675663,
751,0.9514777587124459,cubicle34495,11.0,b,152.915872,-31.4669776,
752,0.9544772830757452,cn-cable3336389-t2,11.0,b,152.921393,-31.4715593,
754,0.954477216092634,cn-cable3336357-t2,11.0,b,152.921272,-31.4692949,
755,0.9544771968827122,cn-cable2797799-t2,11.0,b,152.922689,-31.4701007,
756,0.9677038311488372,cubicle41727,11.0,b,152.910918,-31.467533,
757,0.9819235138729003,node22932783,11.0,b,152.922332,-31.4686224,
758,0.9514777568721252,cn-cable3338998-t2,11.0,b,152.915843,-31.4674028,
759,0.9980868710277324,node103968618,11.0,b,152.916345,-31.467764,
760,0.9544772347796804,cubicle49393,11.0,b,152.921653,-31.4729085,
761,0.9672544078111097,cn-geo_schematic_cable1684-t2,11.0,b,152.906012,-31.4652941,
762,0.9885589511437314,cn-geo_schematic_cable233327-t1,11.0,b,152.89561,-31.4621766,
763,0.9514777855804345,cubicle35729,11.0,b,152.914423,-31.4688389,
764,0.9672543698923389,node67194604,11.0,b,152.904937,-31.4634545,
765,0.997726249487199,node24039686,11.0,b,152.92108,-31.4708592,
766,0.967703843060556,cubicle50767,11.0,b,152.912306,-31.4685162,
767,0.9544772835287061,cubicle41441,11.0,b,152.921683,-31.4712307,
768,0.9672543802865995,cubicle49885,11.0,b,152.905079,-31.4658496,
769,0.9819235004938746,cubicle36841,11.0,b,152.921065,-31.468706,
770,0.9984841314950184,node161553383,11.0,b,152.909655,-31.4664569,
771,0.9514778014591926,cubicle50462,11.0,b,152.914458,-31.4674796,
772,0.9885589232120773,cubicle48965,11.0,b,152.894442,-31.4624364,
773,0.9514777581182076,node102516890,11.0,b,152.915902,-31.4662637,
774,0.9819234952469992,cn-geo_schematic_cable196966-t2,11.0,b,152.921537,-31.4681647,
775,0.9514777701134598,cn-cable3338147-t2,11.0,b,152.915974,-31.4682848,
776,0.9885589197164987,cubicle50477,11.0,b,152.894118,-31.4625296,
777,0.9677038432592336,cubicle42859,11.0,b,152.912302,-31.4685259,
778,0.9979461085467293,cn-cable1230482-t1,11.0,b,152.922693,-31.4700954,
779,0.9993191032241401,node141770964,11.0,b,152.898704,-31.4664827,
781,0.9514777885389201,cn-cable3338187-t2,11.0,b,152.914685,-31.4684051,
782,0.9672543801220951,node67195187,11.0,b,152.905022,-31.4658463,
783,0.9819235065088994,cn-cable3338322-t2,11.0,b,152.921916,-31.468313,
784,0.9514777468446004,cn-cable3731921-t2,11.0,b,152.917742,-31.4685552,
785,0.9514777972649653,cn-cable3338942-t2,11.0,b,152.91497,-31.46726,
786,0.9544772827851766,node60063905,11.0,b,152.922277,-31.4712016,
787,0.9514777990046038,cubicle40156,11.0,b,152.914364,-31.4670964,
788,0.9672544008133788,node67196002,11.0,b,152.905921,-31.4653383,
789,0.9672543782010458,cn-cable3338745-t2,11.0,b,152.907389,-31.4654381,
790,0.9672543721320879,node31975379,11.0,b,152.904786,-31.4641538,
791,0.9544772333290223,cubicle42569,11.0,b,152.921168,-31.4701154,
792,0.9995536727132079,cn-busbar87065-t1,11.0,b,152.895559,-31.4649602,
793,0.9514777936705945,node102516800,11.0,b,152.914833,-31.4682067,
794,0.9819235060164813,node22955028,11.0,b,152.921499,-31.4685212,
795,0.9672543843009325,cn-cable3338471-t2,11.0,b,152.905906,-31.4661896,
796,0.9819234932775136,node79493025,11.0,b,152.921519,-31.4681507,
797,0.967703849975492,node35592773,11.0,b,152.911791,-31.4670592,
798,0.9672543953058216,cn-cable3338473-t2,11.0,b,152.906231,-31.4658675,
799,0.9992970015292838,cn-busbar251729-t2,11.0,b,152.896031,-31.4674923,
800,0.9514777739460321,cn-cable3338934-t2,11.0,b,152.915101,-31.4659501,
801,0.988558923071288,cn-cable3341612-t2,11.0,b,152.89454,-31.4623552,
802,0.9993467023591691,node151101321,11.0,b,152.895966,-31.4663949,
803,0.9993467152494708,node83235274,11.0,b,152.893653,-31.466106,
804,0.9677038739925328,node59740741,11.0,b,152.912386,-31.4676407,
805,0.9677038615023349,cn-cable3338212-t2,11.0,b,152.912572,-31.4674417,
806,0.9672543696484883,cn-cable3338485-t2,11.0,b,152.905033,-31.4633955,
807,0.9819235004426613,cn-cable1151657-t2,11.0,b,152.920985,-31.4687973,
808,0.9677038361433907,cn-cable3338218-t2,11.0,b,152.911512,-31.4673188,
809,0.9514777552911545,cn-cable3338171-t2,11.0,b,152.916608,-31.4686265,
810,0.9980275926366851,node84144930,11.0,b,152.920846,-31.46855,
811,0.9819234888503239,cn-cable3338324-t2,11.0,b,152.922069,-31.4679324,
812,0.9989144827531244,cn-cable2937656-t2,11.0,b,152.904178,-31.4672275,
813,0.9672544079954197,cn-cable3338664-t2,11.0,b,152.906279,-31.4654919,
814,0.9677038645555288,cn-geo_schematic_cable27942-t2,11.0,b,152.9124,-31.4676205,
815,0.9977262586081898,node160200990,11.0,b,152.922688,-31.4700877,
816,0.954477257601996,cn-cable3269446-t2,11.0,b,152.920842,-31.4717912,
818,0.9677038549056156,cn-cable3338210-t2,11.0,b,152.913157,-31.4675792,
819,0.967254388351873,node67195678,11.0,b,152.906765,-31.4651515,
820,0.9672544031562367,node67195498,11.0,b,152.906369,-31.4656582,
822,0.9544772616292118,cubicle34708,11.0,b,152.920858,-31.4706341,
823,0.9544772329209125,cn-cable3336329-t2,11.0,b,152.920869,-31.4701245,
824,0.9544772346380285,cn-cable3336718-t2,11.0,b,152.921771,-31.4728947,
825,0.9514777582889422,cn-cable3338946-t2,11.0,b,152.915598,-31.4670417,
826,0.9984841115302386,cn-busbar355183-t2,11.0,b,152.909518,-31.4664394,
827,0.9672544081443254,cubicle38562,11.0,b,152.906142,-31.465465,
828,0.9983821354472785,cn-cable2865574-t2,11.0,b,152.91178,-31.4670577,
829,0.9672544083664758,node67195431,11.0,b,152.906125,-31.4654704,
830,0.9672543767089727,cubicle44051,11.0,b,152.907343,-31.4660353,
831,0.954477249805833,cn-cable2879802-t2,11.0,b,152.920316,-31.4713595,
832,0.9672543958785659,cubicle43093,11.0,b,152.906489,-31.4660529,
833,0.9514777485097832,node67193520,11.0,b,152.917412,-31.4686937,
834,0.9544772502532772,node60063771,11.0,b,152.920564,-31.4711863,
835,0.9995039643016539,cn-geo_schematic_cable25610-t2,11.0,b,152.895616,-31.4649294,
836,0.9977262312452182,node24039677,11.0,b,152.921041,-31.4708742,
837,0.9514777510191496,cn-cable3338150-t2,11.0,b,152.91715,-31.4684624,
838,0.9977262403662087,cn-busbar83731-t1,11.0,b,152.92106,-31.4708667,
839,0.9544772041522667,cn-cable3336369-t2,11.0,b,152.921561,-31.4706425,
841,0.967254401142769,cn-cable3338667-t2,11.0,b,152.90654,-31.4657573,
842,0.9819235003684207,cn-cable1191398-t2,11.0,b,152.921181,-31.46868,
843,0.9677038448985903,cn-cable3338851-t2,11.0,b,152.911615,-31.4665525,
844,0.9514777611426675,cn-cable3338992-t2,11.0,b,152.91595,-31.4665996,
845,0.9992970015292838,node83235357,11.0,b,152.896031,-31.4674909,
846,0.9885589126571827,cn-geo_schematic_cable36501-t2,11.0,b,152.89418,-31.4632946,
847,0.9989276280143659,cn-busbar255620-t2,11.0,b,152.903868,-31.4678904,
848,0.967703844266715,cn-cable3338855-t2,11.0,b,152.911366,-31.4664672,
849,0.954477203236364,cubicle35740,11.0,b,152.922075,-31.4700258,
850,0.9514777902404897,cn-cable3338878-t2,11.0,b,152.912809,-31.4669206,
851,0.9514777988750288,cn-cable3338901-t2,11.0,b,152.914313,-31.4670028,
852,0.9514777806564995,cubicle40252,11.0,b,152.918533,-31.4682859,
853,0.9998603535125533,cn-cable2122109-t2,11.0,b,152.895891,-31.4611846,
854,0.9677038552066946,cn-cable3338281-t2,11.0,b,152.913287,-31.4678963,
855,0.9984463034551181,cn-busbar85068-t2,11.0,b,152.905846,-31.4653089,
856,0.9544771909805053,cn-cable3338327-t2,11.0,b,152.92295,-31.469417,
857,0.9514777435771331,cn-cable3338920-t2,11.0,b,152.914,-31.4663218,
859,0.9514777635026606,cn-cable3338176-t2,11.0,b,152.916111,-31.4685392,
860,0.9544772832165445,cubicle47128,11.0,b,152.92177,-31.4713833,
861,0.9544772318705935,cn-cable3336710-t2,11.0,b,152.921558,-31.4720249,
862,0.9514777511731413,cn-cable3338157-t2,11.0,b,152.917108,-31.46874,
863,0.9819234946554106,cn-cable3338320-t2,11.0,b,152.921094,-31.4682255,
864,0.9819235152953056,cn-simulated22932783_101448-t1,11.0,b,152.922342,-31.4686192,
865,0.981923493101122,cn-cable4191430-t2,11.0,b,152.920576,-31.4682003,
866,0.9995039643016528,cn-geo_schematic_cable25609-t1,11.0,b,152.895621,-31.4649457,
867,0.951477753298206,cn-cable3338183-t2,11.0,b,152.915128,-31.4689042,
868,0.9514778024762505,cn-cable3255757-t2,11.0,b,152.91644,-31.4678496,
869,0.9672543794223623,cn-cable3977132-t2,11.0,b,152.904681,-31.4656979,
870,0.9514777539387441,cn-cable3338182-t2,11.0,b,152.915192,-31.4687556,
871,0.9677038429287046,cn-cable3338257-t2,11.0,b,152.912549,-31.4683839,
872,0.967254388007704,cn-cable3338685-t2,11.0,b,152.906768,-31.4652612,
873,0.998484098292813,cn-busbar355167-t2,11.0,b,152.909613,-31.4664215,
874,0.9514777935576775,cubicle47094,11.0,b,152.914847,-31.4682258,
875,0.9544772502532772,node69935613,11.0,b,152.920393,-31.4716968,
876,0.9819234896275812,cubicle111008,11.0,b,152.921878,-31.4679455,
877,0.9677038390180293,cn-cable3338252-t2,11.0,b,152.911657,-31.4686104,
878,0.9514777968330368,cn-cable3338207-t2,11.0,b,152.914731,-31.468005,
879,0.9544772038445605,cn-cable3336384-t2,11.0,b,152.921735,-31.4707072,
880,0.954477190894346,cn-simulated23030576_100934-t2,11.0,b,152.922659,-31.4689657,
881,0.9514777934949632,cn-cable3338879-t2,11.0,b,152.913686,-31.4670092,
882,0.9982101001548883,cn-simulated23378216_40739-t2,11.0,b,152.914462,-31.4674529,
883,0.9983410260444221,node23121435,11.0,b,152.911791,-31.4670592,
884,0.9672543955001942,node67194756,11.0,b,152.905757,-31.465252,
885,0.9672543762834536,cn-cable3338681-t2,11.0,b,152.907088,-31.4658987,
886,0.9993467152371116,cn-cable1155376-t1,11.0,b,152.895961,-31.4663873,
887,0.9819235016350957,cn-simulated22959534_100929-t2,11.0,b,152.920857,-31.4685405,
888,0.9677038287827886,cn-cable3338226-t2,11.0,b,152.910786,-31.4678471,
889,0.9544772613210702,cn-cable3336326-t2,11.0,b,152.920611,-31.4707842,
890,0.9885589291191352,cn-cable3341618-t2,11.0,b,152.894704,-31.4626063,
891,0.9995537610126902,cn-simulated23398575_99463-t2,11.0,b,152.896792,-31.4645411,
892,0.9672543705053372,cn-cable3338486-t2,11.0,b,152.904962,-31.4637486,
893,0.9514778018418586,node57578126,11.0,b,152.914676,-31.4667546,
894,0.9677038447140539,cn-cable3338217-t2,11.0,b,152.911723,-31.4673679,
895,0.9672543696620801,node67194574,11.0,b,152.904974,-31.463271,
896,0.9514777534147265,cubicle36860,11.0,b,152.915222,-31.4689497,
897,0.9885589070387488,cn-cable3341623-t2,11.0,b,152.894735,-31.4630845,
898,0.9514777105766221,cubicle42556,11.0,b,152.912366,-31.4667974,
899,0.9544772346496925,cn-cable3336717-t2,11.0,b,152.921964,-31.4729717,
900,0.9995536727339227,node173091586,11.0,b,152.895489,-31.4649769,
901,0.9514777934447605,cn-cable3338185-t2,11.0,b,152.914873,-31.4682789,
902,0.9819235065198388,cn-cable3713958-t2,11.0,b,152.922078,-31.4683339,
903,0.95147775341632,cubicle38002,11.0,b,152.915344,-31.4689914,
904,0.9672543784762057,cn-cable3338747-t2,11.0,b,152.907424,-31.4657947,
905,0.9975416680151746,node23253360,11.0,b,152.918975,-31.4681447,
906,0.9514777437192729,cubicle50360,11.0,b,152.91381,-31.4663258,
907,0.9677038483472102,cn-cable3339121-t2,11.0,b,152.912232,-31.4682659,
908,0.954477210627991,cn-cable3336360-t2,11.0,b,152.922224,-31.4692199,
909,0.9544772081907507,cn-cable3338329-t2,11.0,b,152.921686,-31.4701253,
910,0.967703842926163,node69877060,11.0,b,152.912263,-31.4685421,
911,0.9819235066473911,node101116426,11.0,b,152.922086,-31.4684897,
912,0.9514777804075343,cn-cable3338923-t2,11.0,b,152.914618,-31.4663057,
913,0.9672543769265214,node67194685,11.0,b,152.904685,-31.4649807,
914,0.9514777969634204,cubicle42546,11.0,b,152.914768,-31.4679062,
915,0.9677038618042585,node23086949,11.0,b,152.912362,-31.4671727,
916,0.9514777556572447,cn-cable3338159-t2,11.0,b,152.916703,-31.4686972,
917,0.9672543794121785,cn-cable3338465-t2,11.0,b,152.904822,-31.4657163,
918,0.9979461176674792,node23052190,11.0,b,152.922699,-31.4701031,
919,0.9677038431409422,cn-cable3338255-t2,11.0,b,152.912412,-31.4685098,
920,0.951477792305227,node67193212,11.0,b,152.914741,-31.4682669,
921,0.9677038483320061,cn-cable3339120-t2,11.0,b,152.912477,-31.468039,
922,0.9514777802310166,cn-cable3339095-t2,11.0,b,152.918436,-31.4682891,
923,0.9514777738305453,cubicle33349,11.0,b,152.914796,-31.4659653,
924,0.9885589291887698,cubicle34222,11.0,b,152.895053,-31.4622983,
925,0.9677038489451567,cubicle37174,11.0,b,152.9127,-31.4681581,
926,0.9993467152494706,cn-busbar251718-t1,11.0,b,152.893652,-31.466106,
927,0.9672543867288144,cn-cable3338480-t2,11.0,b,152.905329,-31.4653289,
928,0.9514777865328461,cn-cable3339092-t2,11.0,b,152.917536,-31.4677245,
929,0.9544771946106791,cn-cable3336387-t2,11.0,b,152.922464,-31.4706991,
930,0.9885589198251803,cn-geo_schematic_cable36513-t2,11.0,b,152.893759,-31.4624186,
931,0.9677038250275888,cn-cable3339097-t2,11.0,b,152.911332,-31.4680778,
932,0.9544772130362704,cubicle47083,11.0,b,152.921739,-31.4693041,
933,0.9672543821615518,cn-cable3338683-t2,11.0,b,152.907091,-31.4655455,
934,0.9885589292410529,cn-cable3341616-t2,11.0,b,152.895083,-31.4625205,
935,0.9677038673311185,node59740715,11.0,b,152.912386,-31.4676203,
936,0.9672543931485984,cn-cable3338660-t2,11.0,b,152.905606,-31.4650968,
937,0.9995039643016542,node74891570,11.0,b,152.895597,-31.4649835,
938,0.999346715249472,node84142372,11.0,b,152.893648,-31.4661027,
939,0.9544771955866268,cn-cable3255753-t2,11.0,b,152.922611,-31.4699899,
940,0.9672543765747182,cn-cable3338746-t2,11.0,b,152.907411,-31.4659438,
941,0.9885589155915806,node74192759,11.0,b,152.894173,-31.4629275,
942,0.9672543869244223,cubicle32899,11.0,b,152.905257,-31.4650618,
943,0.95147778230723,cn-geo_schematic_cable1840-t2,11.0,b,152.91467,-31.4667244,
944,0.9672543870354975,cubicle34140,11.0,b,152.905297,-31.4650717,
945,0.9544772121216258,cn-cable3336358-t2,11.0,b,152.921404,-31.4691721,
946,0.9983057475457624,cn-cable4185370-t2,11.0,b,152.897908,-31.4666558,
947,0.9544772108304459,cn-cable3336364-t2,11.0,b,152.922228,-31.469508,
948,0.9982101001548883,cn-cable1237990-t1,11.0,b,152.914462,-31.4674529,
949,0.9677038552151767,cn-cable3338280-t2,11.0,b,152.913012,-31.4678349,
950,0.9544772135217625,cubicle47109,11.0,b,152.921594,-31.4700325,
951,0.9672543811359378,cn-cable3338481-t2,11.0,b,152.904714,-31.4652047,
952,0.9514777739452722,cn-cable3338935-t2,11.0,b,152.914974,-31.466156,
953,0.9677038532653471,cn-cable3338215-t2,11.0,b,152.911991,-31.4674079,
954,0.9544772959290221,cn-cable3719711-t2,11.0,b,152.92094,-31.4708563,
955,0.9677038645555288,cn-geo_schematic_cable27944-t1,11.0,b,152.9124,-31.4676205,
956,0.9544772907717767,cn-geo_schematic_cable22430-t1,11.0,b,152.920946,-31.4708519,
957,0.9544772830858149,node69935824,11.0,b,152.921845,-31.4713582,
958,0.9514777511719207,cn-cable3338158-t2,11.0,b,152.916907,-31.4687237,
959,0.9983182368396677,node69876900,11.0,b,152.912357,-31.4671564,
960,0.9980275926366866,cn-busbar254971-t2,11.0,b,152.918991,-31.4706109,
961,0.9544772033489262,cubicle33478,11.0,b,152.922089,-31.4700635,
962,0.9677038310183589,cn-cable3338224-t2,11.0,b,152.91081,-31.4676028,
963,0.9993467023281009,cn-busbar87085-t2,11.0,b,152.896034,-31.4675042,
964,0.951477757511404,cn-cable3338953-t2,11.0,b,152.915678,-31.4663081,
965,0.9885589488614234,cn-geo_schematic_cable233372-t2,11.0,b,152.8956,-31.4621954,
966,0.9993467765895075,node23167832,11.0,b,152.897796,-31.466543,
967,0.9819235195625214,cn-geo_schematic_cable23105-t2,11.0,b,152.92239,-31.4684282,
968,0.9981406496141157,node24068798,11.0,b,152.914802,-31.4667975,
969,0.981923500661494,node84625697,11.0,b,152.920827,-31.4693458,
970,0.9672544146977633,cn-geo_schematic_cable14579-t1,11.0,b,152.905999,-31.4653206,
971,0.9544773092319575,node58449867,11.0,b,152.920956,-31.4708705,
972,0.9544772194399824,node69936106,11.0,b,152.921333,-31.4697514,
973,0.9672543797555895,node67195160,11.0,b,152.904502,-31.4657072,
974,0.9514778007274184,cn-simulated22943741_144044-t2,11.0,b,152.914465,-31.4674532,
975,0.9995039643016538,node173091623,11.0,b,152.895621,-31.4649064,
976,0.967254374679793,node31975369,11.0,b,152.904672,-31.464656,
977,0.9979930353213647,cn-simulated23176244_40735-t2,11.0,b,152.922329,-31.4686136,
978,0.9995039643016538,node173091624,11.0,b,152.895599,-31.4649235,
979,0.9677038446811326,cn-cable3339127-t2,11.0,b,152.911664,-31.467644,
980,0.9984841115405854,node161553438,11.0,b,152.909545,-31.4664394,
981,0.9544771927283451,cn-cable2727648-t2,11.0,b,152.922614,-31.4698165,
982,0.967254376431019,node57578180,11.0,b,152.907353,-31.4663171,
983,0.9984463167235188,node67195932,11.0,b,152.906006,-31.4653221,
984,0.9977262038822464,cn-busbar83739-t2,11.0,b,152.92096,-31.4708798,
985,0.9514777905854557,node71578689,11.0,b,152.912905,-31.4669737,
986,0.9819235243768176,cn-geo_schematic_cable23100-t2,11.0,b,152.922355,-31.4684318,
987,0.9819234942622564,node79493008,11.0,b,152.921539,-31.4681527,
988,0.9514777583979694,cn-cable3338947-t2,11.0,b,152.915585,-31.4668823,
989,0.951477767428492,cn-cable3339042-t2,11.0,b,152.915022,-31.4655942,
990,0.9514777886851712,cubicle50469,11.0,b,152.91456,-31.468451,
991,0.9979461085467293,cn-simulated23052190_40598-t2,11.0,b,152.922693,-31.4700954,
992,0.9514777611385333,cn-cable3338993-t2,11.0,b,152.915945,-31.4666355,
993,0.9514777893080814,cn-geo_schematic_cable14329-t2,11.0,b,152.914665,-31.466743,
994,0.9544772370555521,node69935305,11.0,b,152.920713,-31.4721921,
995,0.9995536727235657,node24056328,11.0,b,152.895536,-31.4649658,
996,0.9993467152495012,node37903059,11.0,b,152.893704,-31.4659921,
997,0.9990955938792769,node29539799,11.0,b,152.900928,-31.4666204,
998,0.9672543881541249,cubicle47979,11.0,b,152.906853,-31.4650101,
999,0.9677038391213435,cn-cable3342932-t2,11.0,b,152.91172,-31.4653053,
1000,0.9514777854618351,cn-cable3338189-t2,11.0,b,152.914471,-31.4689239,
1001,0.967254395989641,node67195508,11.0,b,152.906484,-31.4659244,
1002,0.951477710802456,node69936363,11.0,b,152.912346,-31.4668195,
1003,0.9514777265633072,cn-cable3338907-t2,11.0,b,152.913207,-31.4664618,
1004,0.9544772318705935,cn-cable3336712-t2,11.0,b,152.921643,-31.4720792,
1005,0.9677038406646553,cn-cable3338254-t2,11.0,b,152.911831,-31.4686941,
1006,0.9544772832301182,node58449850,11.0,b,152.920928,-31.4708473,
1007,0.9514777577607543,cn-cable3338991-t2,11.0,b,152.916011,-31.4663457,
1008,0.9677038803208766,cn-geo_schematic_cable27945-t1,11.0,b,152.9124,-31.4676511,
1009,0.9819235181401161,cn-geo_schematic_cable23102-t2,11.0,b,152.922378,-31.4684294,
1010,0.9514777569899489,cubicle48199,11.0,b,152.915804,-31.4673154,
1011,0.9514777989336439,cn-cable3338941-t2,11.0,b,152.914594,-31.4672211,
1012,0.9514777432452215,cn-cable3338917-t2,11.0,b,152.913822,-31.4663243,
1013,0.9514777308726987,cn-cable3338915-t2,11.0,b,152.913492,-31.466187,
1014,0.998434455888381,cn-geo_schematic_cable1790-t1,11.0,b,152.909518,-31.4664394,
1015,0.9677038715500135,cn-geo_schematic_cable27947-t2,11.0,b,152.9124,-31.4676409,
1016,0.9672544080243886,cn-cable3338663-t2,11.0,b,152.906113,-31.465371,
1017,0.9672544296929079,cn-geo_schematic_cable14366-t1,11.0,b,152.905995,-31.4653294,
1018,0.954477278277387,node149684990,11.0,b,152.920927,-31.4708478,
1019,0.954477203123802,cn-cable3336365-t2,11.0,b,152.922099,-31.4699545,
1020,0.9993467152494387,cn-cable2098867-t1,11.0,b,152.89401,-31.4661166,
1021,0.9514777852740609,cn-cable3338202-t2,11.0,b,152.91423,-31.4686271,
1022,0.99848409165858,cn-busbar355168-t2,11.0,b,152.909634,-31.4664037,
1023,0.954477235281684,node69935273,11.0,b,152.921634,-31.4729098,
1024,0.9672543784253448,cn-cable3338682-t2,11.0,b,152.907103,-31.4657173,
1025,0.9677038689964733,cn-geo_schematic_cable27951-t2,11.0,b,152.9124,-31.4676307,
1026,0.9980275926318013,cn-simulated23378215_187645-t2,11.0,b,152.920849,-31.4685414,
1027,0.9984841248504387,cn-busbar355176-t1,11.0,b,152.909613,-31.466457,
1028,0.9514777143209541,cn-cable3338865-t2,11.0,b,152.912224,-31.466081,
1029,1.0,cn-cable2122108-t1,11.0,b,152.897304,-31.4609845,
1030,0.981923493101122,cn-cable3338288-t2,11.0,b,152.920684,-31.4681684,
1031,0.9514777893080814,cn-geo_schematic_cable14586-t1,11.0,b,152.914665,-31.466743,
1032,0.9819234974836172,cubicle77075,11.0,b,152.921434,-31.4683438,
1033,0.9995039643016542,node74891588,11.0,b,152.895587,-31.4649578,
1034,0.9514777104482032,cn-cable3338874-t2,11.0,b,152.91245,-31.466725,
1035,0.9672543911688338,node57578187,11.0,b,152.90731,-31.4663277,
1036,0.9514777479053168,cn-cable3338152-t2,11.0,b,152.917581,-31.4684696,
1037,0.9672543786175758,cubicle36626,11.0,b,152.907364,-31.4656925,
1038,0.9985817546555635,cn-cable3368615-t2,11.0,b,152.910034,-31.467653,
1039,0.9544772330819122,cubicle43736,11.0,b,152.921582,-31.4723012,
1040,0.9544772133377468,cn-cable3336744-t2,11.0,b,152.921423,-31.470042,
1041,0.9989276280143659,cn-busbar255626-t2,11.0,b,152.903855,-31.4679028,
1042,0.954477257594355,cn-cable3269445-t2,11.0,b,152.920673,-31.4718816,
1043,0.9672543954003804,cn-cable3338472-t2,11.0,b,152.90621,-31.4662107,
1044,0.9672543797555896,cubicle45380,11.0,b,152.904473,-31.465894,
1045,0.967254374679793,node65782500,11.0,b,152.904709,-31.4646642,
1046,0.9514777533141806,node71578447,11.0,b,152.914078,-31.4664238,
1047,0.9677038448567105,cubicle42854,11.0,b,152.911817,-31.4674506,
1048,0.9677038362717212,cn-cable3339129-t2,11.0,b,152.911221,-31.4675585,
1049,0.9885589195041709,cn-cable3341610-t2,11.0,b,152.893927,-31.4624659,
1050,0.9514777431951109,cn-cable3338918-t2,11.0,b,152.913862,-31.4663358,
1051,0.9997546614463483,cn-cable1235105-t2,11.0,b,152.89603,-31.4626631,
1052,0.998927628014289,node33911479,11.0,b,152.903923,-31.4677301,
1053,0.9544772165677737,cubicle36872,11.0,b,152.921429,-31.4695469,
1054,0.9544772459979268,cn-cable3977142-t2,11.0,b,152.920898,-31.4722884,
1055,0.9677038388717525,cn-cable3339096-t2,11.0,b,152.911683,-31.4682739,
1056,0.9885589095054207,cubicle45569,11.0,b,152.894141,-31.463231,
1057,0.9677038621082924,cubicle38307,11.0,b,152.91266,-31.4676916,
1058,0.9885589107009165,node60264076,11.0,b,152.894179,-31.4632651,
1059,0.9514777121674012,cn-cable3338871-t2,11.0,b,152.912485,-31.4665555,
1060,0.951477799729996,cn-cable3338939-t2,11.0,b,152.914676,-31.4668775,
1061,0.9980275926366862,node84338465,11.0,b,152.919044,-31.4706313,
1062,0.9514777275118652,node71578321,11.0,b,152.913189,-31.4662487,
1063,0.9514778232779705,cn-cable3339040-t2,11.0,b,152.915431,-31.4676939,
1064,0.9672543956017823,node74192374,11.0,b,152.906482,-31.4648916,
1065,0.9672543957071136,cn-cable3338666-t2,11.0,b,152.906568,-31.4659318,
1066,0.9514777911882509,cn-cable3338875-t2,11.0,b,152.913252,-31.4669523,
1067,0.9544772835649422,cn-cable3336401-t2,11.0,b,152.921687,-31.4714692,
1068,0.9672543762421111,cn-cable3338680-t2,11.0,b,152.907067,-31.4661435,
1069,0.9677038431307361,cn-cable3338256-t2,11.0,b,152.912277,-31.4686276,
1070,0.9514777143209541,cubicle43676,11.0,b,152.912302,-31.4660951,
1071,0.9544772502532772,cn-geo_schematic_cable34375-t2,11.0,b,152.920206,-31.4712916,
1072,0.9514777882618479,cn-cable3338205-t2,11.0,b,152.914291,-31.4684476,
1073,0.9677038362860063,cn-cable3339128-t2,11.0,b,152.911469,-31.4675982,
1074,0.9980275926366866,cn-busbar254954-t1,11.0,b,152.91903,-31.4706068,
1075,0.9672543801163686,node67195764,11.0,b,152.907107,-31.4654354,
1076,0.99848409165858,node161553359,11.0,b,152.909655,-31.4664037,
1077,0.9677038491672041,node102516458,11.0,b,152.912681,-31.4681428,
1078,0.9885589136353152,node60264071,11.0,b,152.894161,-31.4632736,
1079,0.951477710448398,cn-cable3338872-t2,11.0,b,152.912414,-31.4668907,
1080,0.9983057478918617,cn-simulated74092492_199824-t1,11.0,b,152.897784,-31.4666787,
1081,0.9993467152494706,cn-busbar254543-t2,11.0,b,152.893652,-31.466106,
1082,0.9514777267214473,cn-cable3338910-t2,11.0,b,152.913091,-31.4662835,
1083,0.9514777303981307,cn-cable3338914-t2,11.0,b,152.913356,-31.4661845,
1084,0.9885589293011152,cn-cable3341617-t2,11.0,b,152.894868,-31.4625692,
1085,0.9544772833969551,cn-cable3336727-t2,11.0,b,152.921564,-31.4712041,
1086,0.9672543693198116,cn-cable3338484-t2,11.0,b,152.905096,-31.4630903,
1087,0.9983410195304343,cn-simulated23121435_58681-t2,11.0,b,152.912351,-31.4671489,
1088,0.9993467152494703,cn-busbar251716-t2,11.0,b,152.89365,-31.4661073,
1089,0.9672543785369223,cubicle35495,11.0,b,152.907335,-31.4656973,
1090,0.9514777763277784,cn-cable3338951-t2,11.0,b,152.915455,-31.4665573,
1091,0.9986895978782382,cn-cable3368615-t1,11.0,b,152.909215,-31.4680196,
1092,0.9819234972164849,node79493065,11.0,b,152.921494,-31.4683443,
1093,0.9514777557316071,cn-cable3338149-t2,11.0,b,152.916758,-31.4684216,
1094,0.9984841115405854,cn-busbar355180-t2,11.0,b,152.909524,-31.4664217,
1095,0.9514778207033523,cn-geo_schematic_cable14330-t1,11.0,b,152.914661,-31.4667616,
1096,0.997541667656854,cn-cable1159589-t2,11.0,b,152.919092,-31.467863,
1097,0.9677038250192842,cn-cable3339098-t2,11.0,b,152.911527,-31.4681743,
1098,0.954477257594264,cn-cable3269442-t2,11.0,b,152.921209,-31.471627,
1099,0.9677038299707023,cn-cable3338221-t2,11.0,b,152.910991,-31.4673305,
1100,0.9514777120589133,cn-cable3338861-t2,11.0,b,152.912216,-31.4663321,
1101,0.9514777103274598,cn-cable3338862-t2,11.0,b,152.912147,-31.4666685,
1102,0.9544772989888087,cn-geo_schematic_cable22425-t2,11.0,b,152.920951,-31.4708611,
1103,0.997726222124228,cn-busbar83735-t2,11.0,b,152.921038,-31.4708237,
1104,0.9992970015292838,cn-busbar251730-t2,11.0,b,152.896035,-31.4674921,
1105,0.9544772316901159,cn-cable3336709-t2,11.0,b,152.921302,-31.4721843,
1106,0.9993467152494703,node83235270,11.0,b,152.893649,-31.4661062,
1107,0.998446283552517,cn-busbar85071-t1,11.0,b,152.905914,-31.4653116,
1108,0.9514777976189855,node71578836,11.0,b,152.91507,-31.4673289,
1109,0.9514777954160928,node71578742,11.0,b,152.914502,-31.4672867,
1110,0.9885589219151221,cn-cable3341621-t2,11.0,b,152.894362,-31.4628666,
1111,0.9885589488614234,cn-geo_schematic_cable233327-t2,11.0,b,152.8956,-31.4621954,
1112,0.9993466767246301,cn-cable1224849-t2,11.0,b,152.897784,-31.4666787,
1113,0.9672543979277619,cn-cable3338476-t2,11.0,b,152.905715,-31.4654762,
1114,0.9544771907501556,cn-cable2729610-t2,11.0,b,152.922581,-31.4690666,
1115,0.9672543908356077,cn-cable3338669-t2,11.0,b,152.906605,-31.4662907,
1116,0.9819235167177108,node59312975,11.0,b,152.92238,-31.4684412,
1117,0.9885589533173579,cn-simulated71243238_1841189-t2,11.0,b,152.895596,-31.4621629,
1118,0.9885589094459608,cubicle44426,11.0,b,152.894324,-31.4630866,
1119,0.9992970015292838,cn-busbar251725-t1,11.0,b,152.896031,-31.4674923,
1120,0.9514777578540861,cn-cable3338177-t2,11.0,b,152.915734,-31.4685281,
1121,0.9514777434283223,cn-cable3338904-t2,11.0,b,152.913634,-31.4665115,
1122,0.9978799569571138,cn-cable3338482-t2,11.0,b,152.904565,-31.4640197,
1123,0.9514777142080372,cn-cable3338867-t2,11.0,b,152.912357,-31.4659945,
1124,0.9993467152494715,node84142367,11.0,b,152.893653,-31.4661025,
1125,0.9514777539112649,cn-cable3338184-t2,11.0,b,152.915292,-31.4685509,
1126,0.9544772041008277,cn-cable3336382-t2,11.0,b,152.921552,-31.4704553,
1127,0.981923489641235,cn-cable3771840-t2,11.0,b,152.9218,-31.4679313,
1128,0.9514777639303343,cn-cable3338174-t2,11.0,b,152.91599,-31.4685731,
1129,0.9979930353213647,cn-cable1210504-t1,11.0,b,152.922329,-31.4686136,
1130,0.9672543811574187,cn-cable3338479-t2,11.0,b,152.904915,-31.4652343,
1131,0.9993467023281009,cn-busbar87086-t1,11.0,b,152.896034,-31.4675042,
1132,0.9672544125873342,node57577399,11.0,b,152.906012,-31.4653247,
1133,0.9544772827048893,cn-cable3336400-t2,11.0,b,152.921483,-31.4714716,
1134,0.9993467023488133,node24056503,11.0,b,152.896034,-31.4675065,
1135,0.9544772130960818,cn-cable3336367-t2,11.0,b,152.921861,-31.4698967,
1136,0.9544772346696181,cn-cable3336715-t2,11.0,b,152.921407,-31.4726992,
1137,0.9885589511437314,cn-geo_schematic_cable233371-t1,11.0,b,152.89561,-31.4621766,
1138,0.9544772130731338,cn-cable3336366-t2,11.0,b,152.921689,-31.4698413,
1139,0.9677038406830846,cn-cable3338253-t2,11.0,b,152.912055,-31.4687134,
1141,0.9514778373505506,cn-cable3261193-t2,11.0,b,152.915968,-31.4676743,
1142,0.9672543764305042,cubicle42924,11.0,b,152.907146,-31.4660068,
1143,0.9885589594497755,cn-simulated23015020_203086-t1,11.0,b,152.895606,-31.4621773,
1144,0.9885589093189129,cn-cable3341627-t2,11.0,b,152.894425,-31.4633544,
1145,0.9997546614463483,cn-cable1228539-t1,11.0,b,152.89603,-31.4626631,
1146,0.9819235195625214,cn-geo_schematic_cable23103-t1,11.0,b,152.92239,-31.4684282,
1147,0.9514777991375719,cn-cable3338940-t2,11.0,b,152.914636,-31.4670434,
1148,0.99909559387927,cn-cable1508102-t1,11.0,b,152.901546,-31.4666928,
1149,0.9672544104769116,cn-geo_schematic_cable14578-t1,11.0,b,152.906004,-31.4653117,
1150,0.9984462769183168,cn-busbar85071-t2,11.0,b,152.905991,-31.4653382,
1151,0.9819235136093905,cn-simulated24153826_100933-t2,11.0,b,152.922591,-31.4686518,
1152,0.998027592636686,cn-busbar254943-t1,11.0,b,152.919035,-31.4706408,
1153,0.9514777763226314,cn-cable3338949-t2,11.0,b,152.914709,-31.466728,
1154,0.9514777856947397,cn-geo_schematic_cable14585-t1,11.0,b,152.914668,-31.4667337,
1155,0.9672543915509607,node67195609,11.0,b,152.906509,-31.4663758,
1156,0.9544772833601818,cn-cable3336726-t2,11.0,b,152.921798,-31.4711394,
1157,0.9989847736827523,cn-cable3517710-t2,11.0,b,152.903356,-31.4671235,
1158,0.9885589093958365,cn-cable3341640-t2,11.0,b,152.894064,-31.4631692,
1159,0.9980868709096384,cn-simulated103968618_324538-t2,11.0,b,152.91839,-31.4680659,
1160,0.9885589228868723,cubicle42166,11.0,b,152.894481,-31.4625961,
1161,0.9819234895181653,cn-cable3713956-t2,11.0,b,152.921891,-31.4680304,
1162,0.9885589092653264,cn-cable3341629-t2,11.0,b,152.89414,-31.4632414,
1163,0.9819234973654543,cn-cable3338321-t2,11.0,b,152.921384,-31.4682719,
1164,0.9672543696620801,node67194584,11.0,b,152.905015,-31.4630789,
1165,0.9980275926366853,node84338546,11.0,b,152.919009,-31.4706694,
1166,0.9672543817769975,cn-cable3338467-t2,11.0,b,152.905375,-31.4658951,
1167,0.9514777671769081,cn-cable3339043-t2,11.0,b,152.915081,-31.4655741,
1168,0.9514777577566476,cn-cable3338959-t2,11.0,b,152.915984,-31.466171,
1169,0.9514777805304907,cn-cable3338938-t2,11.0,b,152.91473,-31.466698,
1170,0.9514777906668279,cn-cable3339033-t2,11.0,b,152.917239,-31.4679729,
1171,0.9885589570587863,cn-cable3246217-t2,11.0,b,152.895603,-31.462179,
1172,0.9544772960621952,cubicle47193,11.0,b,152.920938,-31.4708662,
1173,0.9677038401956171,cn-cable3338858-t2,11.0,b,152.911767,-31.4658063,
1174,0.981923492165081,cn-cable3589940-t2,11.0,b,152.921522,-31.4681603,
1175,0.9514778228434426,cn-geo_schematic_cable235928-t2,11.0,b,152.915975,-31.4676754,
1176,0.9979461176676485,cn-cable1152508-t2,11.0,b,152.922605,-31.4705887,
1177,0.9984840850243472,node161553372,11.0,b,152.909675,-31.4664214,
1178,0.9514777736994475,cn-cable3338925-t2,11.0,b,152.914785,-31.4658613,
1179,0.9819234919608619,cn-cable3339677-t2,11.0,b,152.921442,-31.4679913,
1180,0.9544772458763789,cubicle40392,11.0,b,152.920957,-31.4724265,
1181,0.9514777803314117,cn-cable3339671-t2,11.0,b,152.918824,-31.4682177,
1182,0.967703861970276,cn-cable3339123-t2,11.0,b,152.912534,-31.467722,
1183,0.9677038689964733,cn-geo_schematic_cable27941-t1,11.0,b,152.9124,-31.4676307,
1184,0.9672543931480764,cn-cable3338661-t2,11.0,b,152.905779,-31.4651718,
1185,0.9544772044899532,node102516409,11.0,b,152.921659,-31.4706079,
1186,0.9514777637479471,cn-cable3338175-t2,11.0,b,152.916153,-31.4685465,
1187,0.9544772569974607,cn-cable3336325-t2,11.0,b,152.920688,-31.4715355,
1188,0.9677038289280634,cn-cable3338225-t2,11.0,b,152.91074,-31.46777,
1189,0.9514778024928452,cn-cable3255756-t2,11.0,b,152.91624,-31.4678188,
1190,0.9514777677291683,cn-cable3338929-t2,11.0,b,152.91516,-31.4655272,
1191,0.954477249546028,cn-cable3336742-t2,11.0,b,152.921068,-31.4703777,
1192,0.9672544104769116,cn-geo_schematic_cable14367-t2,11.0,b,152.906004,-31.4653117,
1193,0.9672543908184513,cn-cable3338668-t2,11.0,b,152.906779,-31.4662592,
1194,0.9514777971033013,cn-cable3338089-t2,11.0,b,152.915024,-31.4678786,
1195,0.95447724924245,cn-cable3336352-t2,11.0,b,152.92077,-31.4702669,
1196,0.9819234932562443,cn-cable3338287-t2,11.0,b,152.920762,-31.4682393,
1197,0.9514777563562726,node71579033,11.0,b,152.915774,-31.4660456,
1198,0.9885589294999011,cn-cable3341613-t2,11.0,b,152.894728,-31.4623112,
1199,0.9514777307357005,cn-cable3338912-t2,11.0,b,152.913242,-31.4661271,
1200,0.9514777560175218,cn-cable3338958-t2,11.0,b,152.915926,-31.4660144,
1201,0.9672544296929079,cn-geo_schematic_cable1685-t2,11.0,b,152.905995,-31.4653294,
1202,0.9672543821052214,cn-cable3338684-t2,11.0,b,152.906915,-31.4653849,
1203,0.9677038544488319,cn-cable3338211-t2,11.0,b,152.913366,-31.4676282,
1204,0.9514777616608091,cubicle39034,11.0,b,152.915946,-31.4665903,
1205,0.9544772821777299,cn-cable3336388-t2,11.0,b,152.92228,-31.4709095,
1206,0.9544772884079725,node58449853,11.0,b,152.920933,-31.4708567,
1207,0.9819235243768176,cn-geo_schematic_cable23107-t1,11.0,b,152.922355,-31.4684318,
1208,0.9514777885436166,cn-cable3338186-t2,11.0,b,152.914572,-31.4685632,
1209,0.9677038310207368,cn-cable3338223-t2,11.0,b,152.910879,-31.4674396,
1210,0.9672543867368736,cn-cable3338478-t2,11.0,b,152.905134,-31.4652717,
1211,0.9677038488072616,cn-cable3338258-t2,11.0,b,152.912675,-31.4682676,
1212,0.9514777805425498,cn-cable3338937-t2,11.0,b,152.914798,-31.4665144,
1213,0.9514777968293834,cn-cable3338208-t2,11.0,b,152.914693,-31.4678205,
1214,0.9514777919828749,cn-cable3339048-t2,11.0,b,152.91638,-31.4670637,
1215,0.9819235058695259,cn-cable3338344-t2,11.0,b,152.921604,-31.4686015,
1216,0.9677038803208766,cn-geo_schematic_cable27949-t2,11.0,b,152.9124,-31.4676511,
1217,0.9514777924316076,cn-cable3339091-t2,11.0,b,152.91727,-31.4670907,
1218,0.9981406397932274,cn-busbar354650-t2,11.0,b,152.914746,-31.4667871,
1219,0.9995039643016538,node173091617,11.0,b,152.895625,-31.4649161,
1220,0.9998604019429103,cn-simulated34701112_113872-t1,11.0,b,152.89587,-31.4616346,
1221,0.9544772189268036,cn-cable3336355-t2,11.0,b,152.921122,-31.4696365,
1222,0.9514777560175216,cn-cable3338955-t2,11.0,b,152.915743,-31.465977,
1223,0.9514777121751076,cn-cable3338873-t2,11.0,b,152.912519,-31.4663917,
1224,0.95147782882804,cn-geo_schematic_cable235928-t1,11.0,b,152.915984,-31.4676635,
1225,0.9672543813235407,cn-cable3338648-t2,11.0,b,152.904974,-31.4649512,
1226,0.998002400016077,cn-cable1200969-t2,11.0,b,152.92193,-31.4685611,
1227,0.9514778301340988,node57578110,11.0,b,152.914652,-31.4667599,
1228,0.9672543706316181,node31975389,11.0,b,152.904876,-31.4638114,
1229,0.9885589465791154,cn-cable3246212-t1,11.0,b,152.895603,-31.462179,
1230,0.9514777154783979,cn-cable3338870-t2,11.0,b,152.912601,-31.4662289,
1231,0.9980275926366866,cn-busbar254955-t2,11.0,b,152.919053,-31.4705821,
1232,0.9984841115509322,cn-busbar355182-t1,11.0,b,152.909572,-31.4664393,
1233,0.9677038267505442,cn-cable3338227-t2,11.0,b,152.910966,-31.4682325,
1234,0.9544772907717767,cn-geo_schematic_cable22428-t2,11.0,b,152.920946,-31.4708519,
1235,0.9544772614852296,cn-cable3336741-t2,11.0,b,152.920949,-31.4705499,
1236,0.9672544078111097,cn-geo_schematic_cable14368-t1,11.0,b,152.906012,-31.4652941,
1237,0.9989212892497957,cn-cable1108327-t2,11.0,b,152.904229,-31.4661977,
1238,0.9514777766613822,node102515290,11.0,b,152.914719,-31.4667239,
1239,0.9984463034551181,cn-busbar85067-t1,11.0,b,152.905846,-31.4653089,
1240,0.9514777878932872,cn-cable3338206-t2,11.0,b,152.914522,-31.4681752,
1241,0.9514778381450798,cn-simulated70361087_648891-t2,11.0,b,152.915981,-31.4676849,
1242,0.9819235152953056,cn-geo_schematic_cable65503-t2,11.0,b,152.922342,-31.4686192,
1243,0.967703854402784,cn-cable3338209-t2,11.0,b,152.913569,-31.4676241,
1244,0.9514778395648458,cn-geo_schematic_cable1846-t1,11.0,b,152.914658,-31.4667709,
1245,0.951477793581332,cn-cable3338900-t2,11.0,b,152.913903,-31.4670703,
1246,0.9544771927108618,cn-cable2727646-t2,11.0,b,152.922601,-31.469615,
1247,0.9885589570587863,cn-cable3246213-t2,11.0,b,152.89561,-31.4621766,
1248,0.9514777866535871,cn-cable3339032-t2,11.0,b,152.917439,-31.4680037,
1249,0.95147782882804,cn-geo_schematic_cable235942-t2,11.0,b,152.915984,-31.4676635,
1250,0.9514777763425037,cn-cable3338948-t2,11.0,b,152.914715,-31.4667364,
1251,0.9514777911879254,cn-cable3338876-t2,11.0,b,152.913476,-31.4669859,
1252,0.9677038446917737,cn-cable3339125-t2,11.0,b,152.911877,-31.4676857,
1253,0.9819234896085692,cn-cable3338323-t2,11.0,b,152.921661,-31.4680364,
1254,0.9672543801618507,cn-cable3338468-t2,11.0,b,152.905192,-31.4658209,
1255,0.954477210631199,cn-cable3336361-t2,11.0,b,152.922037,-31.4691609,
1256,0.9819235190154397,cn-geo_schematic_cable22959-t1,11.0,b,152.922366,-31.4684306,
1257,0.9677038421112161,cn-cable3338854-t2,11.0,b,152.911653,-31.4663659,
1258,0.9544771956312833,cn-cable2727645-t2,11.0,b,152.922609,-31.4701676,
1259,0.9995536727235657,cn-busbar87058-t2,11.0,b,152.895529,-31.4649456,
1260,0.9984210981741524,cn-cable1132583-t2,11.0,b,152.9115,-31.4666464,
1261,0.9514777585816362,cn-cable3338995-t2,11.0,b,152.915922,-31.4670724,
