,vm_pu,name,vn_kv,type,zone,in_service
0,0.9514777685359683,cubicle45944,11.0,b,,True
1,0.9544772385454752,cn-cable3336717-t2,11.0,b,,True
2,0.9992970077088075,cn-busbar251728-t2,11.0,b,,True
3,0.9677038366896258,node69876678,11.0,b,,True
4,0.9885589021761713,cn-cable3341624-t2,11.0,b,,True
5,0.9990955929848351,node29539823,11.0,b,,True
6,0.9980275928141112,cn-simulated23378215_187645-t2,11.0,b,,True
7,0.9677038220287436,cubicle48514,11.0,b,,True
8,0.9991452684804255,node29539706,11.0,b,,True
9,0.9514778508922891,cn-simulated70366883_652558-t2,11.0,b,,True
10,0.9672543733990231,cn-cable3338488-t2,11.0,b,,True
11,0.9514777772624864,cubicle40258,11.0,b,,True
12,0.9819235223462696,cubicle77073,11.0,b,,True
13,0.9672543709439629,cubicle69504,11.0,b,,True
14,0.9819235293082588,node245104988,11.0,b,,True
15,0.9544771996528542,node22958791,11.0,b,,True
16,0.9544772369416189,cubicle48302,11.0,b,,True
17,0.9984841116561739,node161553431,11.0,b,,True
18,0.9672543931105667,node67195658,11.0,b,,True
19,0.9819235046586327,cubicle111105,11.0,b,,True
20,0.9514777282848983,cubicle49326,11.0,b,,True
21,0.951477793517841,cn-cable3338937-t2,11.0,b,,True
22,0.9544772536850252,node69935902,11.0,b,,True
23,,node29539546,11.0,b,,True
24,0.9677038259329434,cubicle50767,11.0,b,,True
25,0.9993467153069985,node83235270,11.0,b,,True
26,0.9544772205760914,node69936152,11.0,b,,True
27,0.9514777680170825,cn-cable3338172-t2,11.0,b,,True
28,0.999503962839782,cn-geo_schematic_cable25611-t1,11.0,b,,True
29,0.967254388251744,node67195412,11.0,b,,True
30,0.9514777400354629,node71578372,11.0,b,,True
31,0.9885589243764504,cubicle46713,11.0,b,,True
32,0.9819235347143058,cn-geo_schematic_cable23106-t2,11.0,b,,True
33,0.9514777687084739,cn-cable3338145-t2,11.0,b,,True
34,0.9672544139803265,node57577399,11.0,b,,True
35,0.9983182304435841,node24069238,11.0,b,,True
36,0.9989276280925815,node84230737,11.0,b,,True
37,0.9514777281719813,cn-cable3338868-t2,11.0,b,,True
38,0.9514777985557474,cubicle35729,11.0,b,,True
39,0.9672543929439769,node67195609,11.0,b,,True
40,0.9885589185675928,node67831042,11.0,b,,True
41,0.9672544095373209,cubicle38562,11.0,b,,True
42,0.9819235163603638,node22951175,11.0,b,,True
43,0.9672543897448527,node67195678,11.0,b,,True
44,0.981923505838467,cubicle110989,11.0,b,,True
45,0.9544772541490457,node60063771,11.0,b,,True
46,0.9544772500062613,cubicle41535,11.0,b,,True
47,0.9514777987815816,node67193101,11.0,b,,True
48,0.9984462969401853,node24046336,11.0,b,,True
49,0.9514778528637594,node84625509,11.0,b,,True
50,0.9980275928165122,cn-busbar254942-t2,11.0,b,,True
51,0.9514777612592283,cubicle34603,11.0,b,,True
52,0.9885589048609322,cubicle41037,11.0,b,,True
53,0.9672543836899855,cubicle33239,11.0,b,,True
54,0.9995536727233604,cn-busbar87065-t1,11.0,b,,True
55,0.9984462770375853,cn-busbar85071-t2,11.0,b,,True
56,0.9980275928165111,node84338546,11.0,b,,True
57,0.9514777935832219,cubicle49220,11.0,b,,True
58,0.9514777274091288,cubicle42550,11.0,b,,True
59,0.9544771967779125,node61288125,11.0,b,,True
60,0.9672544026609601,cubicle45373,11.0,b,,True
61,0.9514777804037793,cn-cable3339042-t2,11.0,b,,True
62,0.9993467023728261,cn-busbar87086-t2,11.0,b,,True
63,0.9514777832188914,cubicle39124,11.0,b,,True
64,0.998210110120361,node23378216,11.0,b,,True
65,0.9819235400756801,cn-geo_schematic_cable23100-t2,11.0,b,,True
66,0.9544772007784746,cn-simulated22958791_144043-t1,11.0,b,,True
67,0.9514777869213216,cn-cable3338934-t2,11.0,b,,True
68,0.9544772532755721,cubicle49429,11.0,b,,True
69,0.9885589087734644,node60264071,11.0,b,,True
70,0.9990955929848355,node29539829,11.0,b,,True
71,0.9989276280925816,node35224015,11.0,b,,True
72,0.9983057464297533,node74092492,11.0,b,,True
73,0.9514777670671187,cubicle41409,11.0,b,,True
74,0.9514778018863133,node67193139,11.0,b,,True
75,0.9514777704105138,cn-cable3338143-t2,11.0,b,,True
76,0.9978799558712199,cn-cable3338482-t2,11.0,b,,True
77,0.9989276280923892,node22997808,11.0,b,,True
78,0.9819235132919185,node36726535,11.0,b,,True
79,0.9998603535057883,node34701112,11.0,b,,True
80,0.9514777815382547,node71578952,11.0,b,,True
81,0.9514777794726378,cn-cable3338931-t2,11.0,b,,True
82,0.9544772072446904,cubicle33478,11.0,b,,True
83,0.9677038151194293,node65782798,11.0,b,,True
84,0.9672543811486258,node67195151,11.0,b,,True
85,0.9819235094726612,cubicle97112,11.0,b,,True
86,0.9544773028845625,cn-geo_schematic_cable22425-t2,11.0,b,,True
87,0.9514778043063195,cubicle49332,11.0,b,,True
88,0.9514778100576494,cn-cable3338140-t2,11.0,b,,True
89,0.9514777746361021,cubicle39034,11.0,b,,True
90,0.9544772079965932,cn-cable3336382-t2,11.0,b,,True
91,0.9885589243792067,cn-cable3341616-t2,11.0,b,,True
92,0.9677038384714154,node65782890,11.0,b,,True
93,0.9885589245479502,cubicle47839,11.0,b,,True
94,0.9672544045492375,node67195498,11.0,b,,True
95,0.9514777233120958,cn-cable3338860-t2,11.0,b,,True
96,0.9672543776764314,cn-cable3338681-t2,11.0,b,,True
97,0.9998123761515502,node23148406,11.0,b,,True
98,0.9677038446523466,node59740707,11.0,b,,True
99,0.9544772081605944,cubicle44837,11.0,b,,True
100,0.9514778060096293,node57578117,11.0,b,,True
101,0.9544772228199655,cn-cable3336354-t2,11.0,b,,True
102,0.951477771556931,cn-cable3338995-t2,11.0,b,,True
103,0.951477764128695,cubicle35723,11.0,b,,True
104,0.9672543858472195,cubicle44239,11.0,b,,True
105,0.9544772544940968,node69935554,11.0,b,,True
106,0.9514777714973591,cubicle33355,11.0,b,,True
107,0.9989144828333029,cn-cable2937656-t2,11.0,b,,True
108,0.9672543857041317,cn-cable3338469-t2,11.0,b,,True
109,0.9514777433733983,cn-cable3338914-t2,11.0,b,,True
110,0.9514777398096292,cubicle47097,11.0,b,,True
111,0.9993467153069985,node84142353,11.0,b,,True
112,,node29539588,11.0,b,,True
113,0.9514777731212415,node71578449,11.0,b,,True
114,0.9677038236785648,cubicle43985,11.0,b,,True
115,0.9544772204635295,cubicle36872,11.0,b,,True
116,0.9819235352613864,node59312998,11.0,b,,True
117,0.9514777663916073,cubicle38002,11.0,b,,True
118,0.9677038097428847,cubicle36039,11.0,b,,True
119,0.967254371285296,node67194604,11.0,b,,True
120,0.9514777701910789,node71579187,11.0,b,,True
121,0.9992970077088077,node83235361,11.0,b,,True
122,0.9677038096229463,cn-cable3338227-t2,11.0,b,,True
123,0.9514777896366717,node71579091,11.0,b,,True
124,0.9544772620773434,node69935532,11.0,b,,True
125,,node29539449,11.0,b,,True
126,0.9984841116561739,node161553438,11.0,b,,True
127,0.9672543711742206,cubicle69503,11.0,b,,True
128,0.9672544092040944,cn-geo_schematic_cable1684-t2,11.0,b,,True
129,0.9819235121263385,node36726527,11.0,b,,True
130,0.9544772964437386,node69935711,11.0,b,,True
131,0.9885589242572891,cn-cable3341618-t2,11.0,b,,True
132,0.9514777968000697,node23019771,11.0,b,,True
133,0.9514778009864628,cubicle48205,11.0,b,,True
134,0.954477194790111,node23030576,11.0,b,,True
135,0.9544772652168264,cn-cable3336326-t2,11.0,b,,True
136,0.951477793655389,cubicle45838,11.0,b,,True
137,0.951477772871419,cn-cable3338919-t2,11.0,b,,True
138,0.9885589417172747,cn-cable3246212-t1,11.0,b,,True
139,0.9544772610277084,cubicle46068,11.0,b,,True
140,0.9514777997788241,node35591462,11.0,b,,True
141,,cn-cable3342606-t2,11.0,b,,True
142,0.9514777817607912,cn-cable3338933-t2,11.0,b,,True
143,0.9514777599327968,cubicle35717,11.0,b,,True
144,0.9993467024038926,node24056503,11.0,b,,True
145,0.9514777688011327,cn-cable3338957-t2,11.0,b,,True
146,0.9544771951993521,node35592659,11.0,b,,True
147,0.9514777703126884,cubicle44807,11.0,b,,True
148,0.9819235163603638,node153774208,11.0,b,,True
149,0.9514777692134696,node67193435,11.0,b,,True
150,0.9885589149633341,node60264186,11.0,b,,True
151,0.9514778102402613,cn-cable3338942-t2,11.0,b,,True
152,0.9544772087079971,node69936009,11.0,b,,True
153,0.9885589023264145,cubicle39895,11.0,b,,True
154,0.9885589146423224,cn-cable3341610-t2,11.0,b,,True
155,0.9514777971552263,cn-cable3338200-t2,11.0,b,,True
156,0.9995039628397818,node173091617,11.0,b,,True
157,0.9677038133407118,cubicle46270,11.0,b,,True
158,0.9514777924595959,node57578105,11.0,b,,True
159,0.9514777696818507,cn-cable3338945-t2,11.0,b,,True
160,0.9993467153069252,node23058287,11.0,b,,True
161,0.9514777699652447,cubicle48199,11.0,b,,True
162,0.9514777687068908,cn-cable3338149-t2,11.0,b,,True
163,0.9672544028831109,node67195503,11.0,b,,True
164,,node29539460,11.0,b,,True
165,0.9514778156001059,node23032596,11.0,b,,True
166,0.9677038631932893,cn-geo_schematic_cable27949-t2,11.0,b,,True
167,0.999095592984834,node150179237,11.0,b,,True
168,0.9514777952825199,cn-geo_schematic_cable14468-t1,11.0,b,,True
169,0.9672543998737817,node67194808,11.0,b,,True
170,0.9544772174175248,cubicle47109,11.0,b,,True
171,0.9980275928165122,node84145216,11.0,b,,True
172,0.9984710117723559,node67195949,11.0,b,,True
173,0.9514777250341727,cn-cable3338861-t2,11.0,b,,True
174,0.967254388260667,cubicle46514,11.0,b,,True
175,0.9544772946675321,cn-geo_schematic_cable22430-t1,11.0,b,,True
176,0.9992970077088077,cn-busbar251730-t2,11.0,b,,True
177,0.9514777662734938,cn-cable3338183-t2,11.0,b,,True
178,0.9544772199926181,cn-cable3336356-t2,11.0,b,,True
179,0.967254413869251,node57577389,11.0,b,,True
180,0.9514777610593346,cubicle36854,11.0,b,,True
181,0.9677038217441389,cn-cable3339096-t2,11.0,b,,True
182,0.9514777284536569,cn-cable3338870-t2,11.0,b,,True
183,0.9672543923397002,cubicle44233,11.0,b,,True
184,0.9514778525401357,cn-geo_schematic_cable1846-t1,11.0,b,,True
185,0.9514777709910938,cubicle39130,11.0,b,,True
186,0.999095592984831,node29539805,11.0,b,,True
187,0.967254397382651,node67195527,11.0,b,,True
188,0.9993474037970423,node124410738,11.0,b,,True
189,0.9514777818770047,cubicle35614,11.0,b,,True
190,0.9544772962186141,cubicle48307,11.0,b,,True
191,0.9514777748619359,cubicle41305,11.0,b,,True
192,0.9677038138931395,cn-cable3338223-t2,11.0,b,,True
193,0.9514778012471209,cn-cable3338203-t2,11.0,b,,True
194,0.9672543760727522,node31975369,11.0,b,,True
195,0.9672543835087812,cubicle34374,11.0,b,,True
196,0.9979883859274584,node23166608,11.0,b,,True
197,0.9993467024142481,node151101321,11.0,b,,True
198,0.9514777666174413,node67193267,11.0,b,,True
199,0.9544772270247434,node69936141,11.0,b,,True
200,0.9544772866809249,node60063915,11.0,b,,True
201,0.9544771965114838,cn-cable3338328-t2,11.0,b,,True
202,0.9672543966988314,cn-cable3338473-t2,11.0,b,,True
203,0.9677038169808613,node65782801,11.0,b,,True
204,,node23214017,11.0,b,,True
205,0.9677038374457244,cubicle41722,11.0,b,,True
206,0.9984841050426355,node161553353,11.0,b,,True
207,0.9514777982156118,node67193066,11.0,b,,True
208,0.9975416668758389,node103968671,11.0,b,,True
209,0.9980275928165122,cn-busbar254954-t1,11.0,b,,True
210,0.9514777834413596,node67193396,11.0,b,,True
211,0.9992718614931346,node23009517,11.0,b,,True
212,0.9514777566945474,cubicle50360,11.0,b,,True
213,0.9672543722467247,node67194635,11.0,b,,True
214,0.9514777271657299,cn-cable3338866-t2,11.0,b,,True
215,0.9984841448997587,node69876550,11.0,b,,True
216,0.951477769218646,cubicle43556,11.0,b,,True
217,0.9514777614850629,node67193520,11.0,b,,True
218,0.9819235163326865,node23226227,11.0,b,,True
219,0.9514778066459005,node67193200,11.0,b,,True
220,0.9514777610688728,node67193582,11.0,b,,True
221,0.951477812357689,node71578497,11.0,b,,True
222,0.9885589462818922,cn-geo_schematic_cable233371-t1,11.0,b,,True
223,0.9544772653491327,cubicle40374,11.0,b,,True
224,0.9514777285665739,cubicle44805,11.0,b,,True
225,0.954477208385719,node69936064,11.0,b,,True
226,0.9514777767232313,cn-cable3338175-t2,11.0,b,,True
227,0.98192350925383,cubicle97111,11.0,b,,True
228,0.9514778079352916,node100121487,11.0,b,,True
229,0.9672544025357714,cn-cable3338667-t2,11.0,b,,True
230,0.9544772862362019,cubicle39162,11.0,b,,True
231,0.9885589180250244,cubicle42166,11.0,b,,True
232,0.9677038103618031,cn-cable3339099-t2,11.0,b,,True
233,0.9514777705421901,cubicle45950,11.0,b,,True
234,0.954477261483898,cubicle50571,11.0,b,,True
235,0.9885589182094406,cn-cable3341612-t2,11.0,b,,True
236,0.9514778477879332,node84625589,11.0,b,,True
237,0.9819235309941717,cn-geo_schematic_cable65503-t2,11.0,b,,True
238,0.9514778362532672,cn-cable3339040-t2,11.0,b,,True
239,0.9514777716877406,cubicle34495,11.0,b,,True
240,0.9819235338389816,cn-geo_schematic_cable23101-t1,11.0,b,,True
241,0.9819235163326874,node23381694,11.0,b,,True
242,0.9514777894108384,cubicle35620,11.0,b,,True
243,0.9514777394917001,cn-cable3338908-t2,11.0,b,,True
244,0.9514778129474675,node71578611,11.0,b,,True
245,0.9819235129153704,node79493065,11.0,b,,True
246,0.9672543826696324,cubicle35158,11.0,b,,True
247,0.9672543735250451,cubicle69501,11.0,b,,True
248,0.9819235215683946,cn-cable3338344-t2,11.0,b,,True
249,0.9514778086683003,node23220058,11.0,b,,True
250,0.9677038078805275,cubicle33777,11.0,b,,True
251,0.9514778041635463,cn-cable3338875-t2,11.0,b,,True
252,0.9819235327448211,node59312978,11.0,b,,True
253,,node23179827,11.0,b,,True
254,0.9819235121263385,cubicle77078,11.0,b,,True
255,0.9672543811486252,node22373296,11.0,b,,True
256,0.9514777439608836,cubicle35727,11.0,b,,True
257,0.9672543782130255,node67195826,11.0,b,,True
258,0.9514777813010163,cubicle39022,11.0,b,,True
259,0.9984840785057071,node69876538,11.0,b,,True
260,0.9514778015142279,cn-cable3338187-t2,11.0,b,,True
261,0.954477253138206,cn-cable3336352-t2,11.0,b,,True
262,0.9544772616228648,cubicle49434,11.0,b,,True
263,0.9984462903059854,node24046352,11.0,b,,True
264,0.9977262222959318,node24039676,11.0,b,,True
265,0.9514778083913864,node71578742,11.0,b,,True
266,0.9819235293082588,node24153826,11.0,b,,True
267,0.9819235289127721,cn-cable3806606-t2,11.0,b,,True
268,0.998484124966024,cn-busbar355174-t2,11.0,b,,True
269,0.9544772355722099,cn-cable3336711-t2,11.0,b,,True
270,0.9997546614502045,cn-cable1235105-t2,11.0,b,,True
271,0.9514777565457361,cubicle43565,11.0,b,,True
272,0.9981406595683355,node84142962,11.0,b,,True
273,0.951477767252979,cubicle40264,11.0,b,,True
274,0.9885589077953316,node60264081,11.0,b,,True
275,0.9514777272962118,cn-cable3338865-t2,11.0,b,,True
276,0.9819235324165767,node59312975,11.0,b,,True
277,0.9544772369776969,cubicle43736,11.0,b,,True
278,0.954477235878943,cubicle49365,11.0,b,,True
279,0.9544772171044069,cubicle49345,11.0,b,,True
280,0.9819235163603643,cn-geo_schematic_cable235949-t2,11.0,b,,True
281,0.9514778128345506,cubicle41298,11.0,b,,True
282,0.9995536727337183,node24056328,11.0,b,,True
283,0.981923529022188,node153774263,11.0,b,,True
284,0.967703827770993,cn-cable3338851-t2,11.0,b,,True
285,0.9514777251585631,cubicle39128,11.0,b,,True
286,0.9885589183502298,cubicle48965,11.0,b,,True
287,0.9979930355114818,cn-cable1210504-t1,11.0,b,,True
288,0.9514777237777179,node69936339,11.0,b,,True
289,0.9514777440738006,node71578342,11.0,b,,True
290,0.951477725150368,cn-cable3338873-t2,11.0,b,,True
291,0.9544772498701615,cn-cable3269443-t2,11.0,b,,True
292,0.9672543946716684,cubicle47655,11.0,b,,True
293,0.967254372024574,node31975389,11.0,b,,True
294,0.9514777940404378,cubicle48092,11.0,b,,True
295,0.9514777770366529,cubicle37996,11.0,b,,True
296,0.9672543786573267,node67195828,11.0,b,,True
297,0.9672543895227025,cubicle46861,11.0,b,,True
298,0.997946117856969,node23052190,11.0,b,,True
299,0.9672543819017844,node67195325,11.0,b,,True
300,0.9514777971335037,cn-cable3338201-t2,11.0,b,,True
301,0.9984841116768675,node161553414,11.0,b,,True
302,0.9514777687618019,cubicle44801,11.0,b,,True
303,0.954477216932024,node69936185,11.0,b,,True
304,0.9544772869815636,node69935824,11.0,b,,True
305,0.9677038450917201,node65782916,11.0,b,,True
306,0.9980024002040773,cn-cable1200969-t2,11.0,b,,True
307,0.9514777601586307,cubicle33452,11.0,b,,True
308,0.9984210982910333,node23107372,11.0,b,,True
309,0.9544772653584239,cn-cable3336740-t2,11.0,b,,True
310,0.9514778141939221,cn-geo_schematic_cable14331-t2,11.0,b,,True
311,0.9819235052170561,cn-cable3713957-t2,11.0,b,,True
312,0.9885589044570614,cn-cable3341627-t2,11.0,b,,True
313,0.9514777698171089,cubicle47088,11.0,b,,True
314,0.9677038191441228,cn-cable3339129-t2,11.0,b,,True
315,0.9885589171622675,cubicle43298,11.0,b,,True
316,0.9819235217153499,node22955028,11.0,b,,True
317,0.9514777670204884,node67193296,11.0,b,,True
318,0.9677038276928526,cubicle43981,11.0,b,,True
319,0.981923536683791,node59313009,11.0,b,,True
320,0.9544771994823891,cn-cable3255753-t2,11.0,b,,True
321,0.9677038372751828,cn-cable3338209-t2,11.0,b,,True
322,0.9514778120218542,cubicle49322,11.0,b,,True
323,0.9677038222174387,node23529726,11.0,b,,True
324,0.9514777830853635,cn-cable3338144-t2,11.0,b,,True
325,0.9514778035607503,node71578689,11.0,b,,True
326,0.9672544310858967,cn-geo_schematic_cable14366-t1,11.0,b,,True
327,0.981923529571767,node22932783,11.0,b,,True
328,0.96725437594662,cn-cable3338645-t2,11.0,b,,True
329,0.9885589243269229,cubicle34222,11.0,b,,True
330,0.9677038362893824,cubicle50763,11.0,b,,True
331,0.9514778148171492,node57578126,11.0,b,,True
332,0.9885589521969491,node23015020,11.0,b,,True
333,0.9677038279395,node23319268,11.0,b,,True
334,0.9514777438238851,cubicle34606,11.0,b,,True
335,0.9514777870670237,cubicle34488,11.0,b,,True
336,0.9672543735250451,node31975379,11.0,b,,True
337,0.9544772308518533,cubicle48221,11.0,b,,True
338,0.9672543710550376,node67194574,11.0,b,,True
339,0.9677038264646927,node69877043,11.0,b,,True
340,0.9984841316106025,node161553390,11.0,b,,True
341,0.9819235293082588,cn-simulated24153826_100933-t2,11.0,b,,True
342,0.9885589149633338,node60264191,11.0,b,,True
343,0.9544772541490455,node69935613,11.0,b,,True
344,0.9819235093632458,node52761090,11.0,b,,True
345,0.9544772981649648,cubicle38103,11.0,b,,True
346,0.967703847427937,cn-geo_schematic_cable27944-t1,11.0,b,,True
347,0.9514778052805333,node67193212,11.0,b,,True
348,0.9514777936318155,cubicle40252,11.0,b,,True
349,0.9819235089094299,cubicle77077,11.0,b,,True
350,0.9672544025338068,cn-cable3338665-t2,11.0,b,,True
351,0.9677038119114896,cubicle102861,11.0,b,,True
352,0.9885589241909848,cn-cable3341615-t2,11.0,b,,True
353,0.9514778119798961,cubicle40156,11.0,b,,True
354,0.9544772080480324,cn-cable3336369-t2,11.0,b,,True
355,0.9677038316773207,cn-cable3338259-t2,11.0,b,,True
356,0.9672544118698989,node74192331,11.0,b,,True
357,0.9819235088000139,cn-cable3338288-t2,11.0,b,,True
358,0.9544772386754633,cubicle49393,11.0,b,,True
359,0.9544772356984643,cubicle50506,11.0,b,,True
360,0.9514777662786904,cn-cable3338180-t2,11.0,b,,True
361,0.9514778363951152,node101119362,11.0,b,,True
362,0.9514778052548718,cn-cable3339049-t2,11.0,b,,True
363,0.9672543832974391,cubicle43221,11.0,b,,True
364,0.9672543925618504,node67195581,11.0,b,,True
365,0.9514777972681435,cubicle34608,11.0,b,,True
366,0.9672543927247906,cubicle50237,11.0,b,,True
367,0.9514777272962118,cubicle43676,11.0,b,,True
368,0.951477779970819,node237087015,11.0,b,,True
369,0.9677038631932893,cn-geo_schematic_cable27945-t1,11.0,b,,True
370,0.9544772373373427,node69935927,11.0,b,,True
371,0.9672543881217861,cn-cable3338480-t2,11.0,b,,True
372,0.9544772878412101,node69935686,11.0,b,,True
373,0.9514778336786424,cn-geo_schematic_cable14330-t1,11.0,b,,True
374,0.981923505326472,cubicle111008,11.0,b,,True
375,0.9544772074461602,cn-cable3336385-t2,11.0,b,,True
376,0.9514777691057292,cubicle50353,11.0,b,,True
377,0.9514778099387243,cubicle42546,11.0,b,,True
378,0.9984463102085847,node24046367,11.0,b,,True
379,0.9514777566945474,cubicle42435,11.0,b,,True
380,0.9819235223462697,cubicle77072,11.0,b,,True
381,0.9677038142432873,node69876797,11.0,b,,True
382,0.9672543776350885,cn-cable3338680-t2,11.0,b,,True
383,0.9672544093678774,cubicle40841,11.0,b,,True
384,0.9819235053401246,cn-cable3771840-t2,11.0,b,,True
385,0.9544772871258733,node58449850,11.0,b,,True
386,0.967254397271576,cubicle43093,11.0,b,,True
387,0.9514777404871307,node71578321,11.0,b,,True
388,0.9514777710934993,node102516890,11.0,b,,True
389,0.9514777719135749,node71579154,11.0,b,,True
390,0.9544772150889587,node69936226,11.0,b,,True
391,0.9885589439995836,cn-geo_schematic_cable233372-t2,11.0,b,,True
392,0.9984344558191945,node57577957,11.0,b,,True
393,0.9677038218686977,cubicle47400,11.0,b,,True
394,0.9514777753136033,node69622925,11.0,b,,True
395,0.95147778943071,cubicle46985,11.0,b,,True
396,0.9514777995081517,cn-cable3339092-t2,11.0,b,,True
397,0.9819235104854029,cubicle77076,11.0,b,,True
398,0.9975416662668403,node23253360,11.0,b,,True
399,0.9819235288058513,node59283145,11.0,b,,True
400,0.9672543801216293,node67195771,11.0,b,,True
401,0.951477807263966,node23220059,11.0,b,,True
402,0.9544772531531549,cn-cable3336350-t2,11.0,b,,True
403,0.9514778104605841,node71579238,11.0,b,,True
404,0.9544772145269509,cn-cable3336361-t2,11.0,b,,True
405,0.9672543779447922,node67196314,11.0,b,,True
406,0.9672543945410526,cn-cable3338661-t2,11.0,b,,True
407,0.9677038363314033,cn-cable3339124-t2,11.0,b,,True
408,0.9993191032718965,node141770964,11.0,b,,True
409,0.9984841116561739,cn-busbar355180-t2,11.0,b,,True
410,0.9885589149633336,node60264190,11.0,b,,True
411,0.9677038131186648,cubicle39448,11.0,b,,True
412,0.9514777892979215,cn-cable3338950-t2,11.0,b,,True
413,0.9819235119306281,node79493030,11.0,b,,True
414,0.9514777810749168,cn-cable3338930-t2,11.0,b,,True
415,0.9677038361377537,cn-cable3338215-t2,11.0,b,,True
416,0.9544772201304738,cubicle38012,11.0,b,,True
417,0.9514777271832947,cn-cable3338867-t2,11.0,b,,True
418,0.967254385693958,cn-cable3338471-t2,11.0,b,,True
419,0.951477781048106,cubicle40150,11.0,b,,True
420,0.9514777708676653,cubicle44684,11.0,b,,True
421,0.9984462903059854,node24234571,11.0,b,,True
422,0.9514778010993798,node67193148,11.0,b,,True
423,0.951477782102839,node71578941,11.0,b,,True
424,0.9544771986720273,cubicle68128,11.0,b,,True
425,0.9672543760727522,node65782500,11.0,b,,True
426,0.9677038518688825,cn-geo_schematic_cable27951-t2,11.0,b,,True
427,0.9677038222507908,node69876993,11.0,b,,True
428,0.9544772657500917,node69935872,11.0,b,,True
429,0.9514777233027221,cn-cable3338862-t2,11.0,b,,True
430,0.9993467766397414,node23167832,11.0,b,,True
431,0.9677038260031239,cn-cable3338256-t2,11.0,b,,True
432,0.9544771966066254,cn-cable2727646-t2,11.0,b,,True
433,0.9677038439163115,cn-cable3338213-t2,11.0,b,,True
434,0.9672543781019501,cubicle44051,11.0,b,,True
435,0.9514777598198798,cn-cable3731921-t2,11.0,b,,True
436,0.9514778102347502,cubicle43678,11.0,b,,True
437,0.9885589046435694,cubicle45569,11.0,b,,True
438,0.9514778431093889,node57578110,11.0,b,,True
439,,cn-cable3246211-t1,11.0,b,,True
440,0.9672543894006838,cn-cable3338685-t2,11.0,b,,True
441,0.9514777977747608,node67193045,11.0,b,,True
442,0.9544771966241086,cn-cable2727648-t2,11.0,b,,True
443,0.9819235224556856,node36726543,11.0,b,,True
444,0.9672544022063599,node67196002,11.0,b,,True
445,0.997989378031536,node23506966,11.0,b,,True
446,0.99802759281411,node23378215,11.0,b,,True
447,0.9514778145474044,node22943741,11.0,b,,True
448,0.9514777645034964,node67193477,11.0,b,,True
449,0.967703819157456,cubicle40584,11.0,b,,True
450,0.9819235053074588,cn-cable3338323-t2,11.0,b,,True
451,0.9984462903059854,node24046337,11.0,b,,True
452,0.9544772616248749,cubicle39241,11.0,b,,True
453,0.9672543809264749,cubicle48772,11.0,b,,True
454,0.9819235099611437,node79493008,11.0,b,,True
455,0.9677038130076412,cn-cable3338220-t2,11.0,b,,True
456,0.9993467153069985,cn-busbar254548-t2,11.0,b,,True
457,0.9514777932063335,cn-cable3339094-t2,11.0,b,,True
458,0.9990955929848332,node29539811,11.0,b,,True
459,0.9672543925618505,node74191979,11.0,b,,True
460,0.9993467153069985,cn-busbar254547-t1,11.0,b,,True
461,0.9514778098046873,cn-cable3338208-t2,11.0,b,,True
462,0.9677038279148998,node69876702,11.0,b,,True
463,0.9819235088000139,cn-cable4191430-t2,11.0,b,,True
464,0.9514777810865874,node71578957,11.0,b,,True
465,0.9819235173339659,cn-cable3304342-t1,11.0,b,,True
466,0.9819235223462697,node101116426,11.0,b,,True
467,0.9544772148638344,cubicle40276,11.0,b,,True
468,0.9514778013706797,cubicle49329,11.0,b,,True
469,0.9819235352613864,cn-geo_schematic_cable23103-t1,11.0,b,,True
470,0.9514777830847069,cn-cable3338146-t2,11.0,b,,True
471,0.9544772147261983,cn-cable3336364-t2,11.0,b,,True
472,0.9514778045321529,node71578708,11.0,b,,True
473,0.9544772608932229,cn-cable3336325-t2,11.0,b,,True
474,0.9672543830598461,node67194544,11.0,b,,True
475,0.9990955929848342,node29539817,11.0,b,,True
476,0.9819235103542983,cn-cable3338320-t2,11.0,b,,True
477,0.9544772368166703,cn-cable3336329-t2,11.0,b,,True
478,0.9819235347143058,cn-geo_schematic_cable22959-t1,11.0,b,,True
479,0.9677038502035274,node59740715,11.0,b,,True
480,0.967703812843106,cn-cable3338221-t2,11.0,b,,True
481,0.9514777892979215,cn-cable3338949-t2,11.0,b,,True
482,0.9514778022833704,cn-geo_schematic_cable14329-t2,11.0,b,,True
483,0.9514777727365684,cubicle44692,11.0,b,,True
484,0.9514778036421306,cn-cable3339033-t2,11.0,b,,True
485,0.9819235093566843,cn-cable3338286-t2,11.0,b,,True
486,0.967703851979902,node59740701,11.0,b,,True
487,0.981923510594819,node36726519,11.0,b,,True
488,0.9544772122374188,cubicle50485,11.0,b,,True
489,0.9992970077088077,cn-busbar251726-t1,11.0,b,,True
490,0.9514777564035962,cn-cable3338904-t2,11.0,b,,True
491,0.9980275928165109,node84144930,11.0,b,,True
492,0.988558914963333,node67830839,11.0,b,,True
493,0.951477800928368,node59739651,11.0,b,,True
494,0.9985817547611087,cn-cable3368615-t2,11.0,b,,True
495,0.9514777682664385,cn-cable3338171-t2,11.0,b,,True
496,0.9672543839121358,node67195730,11.0,b,,True
497,0.9677038568649433,node59740741,11.0,b,,True
498,0.9514777604973818,node67193541,11.0,b,,True
499,0.9672543777129191,cn-cable3338749-t2,11.0,b,,True
500,0.9514777706297672,cubicle45831,11.0,b,,True
501,0.9544772150889586,node69936246,11.0,b,,True
502,0.9677038140212398,cubicle41727,11.0,b,,True
503,0.9514777569203813,node71578408,11.0,b,,True
504,0.9514777684049771,cn-cable3338170-t2,11.0,b,,True
505,0.9677038440434668,cubicle45116,11.0,b,,True
506,0.9819235163603643,node84625697,11.0,b,,True
507,0.9514778105942817,node71578836,11.0,b,,True
508,0.9514777611358922,cn-cable3338156-t2,11.0,b,,True
509,0.9885589244392687,cn-cable3341617-t2,11.0,b,,True
510,0.967254416090754,cn-geo_schematic_cable14365-t2,11.0,b,,True
511,0.9677038418767564,node74598346,11.0,b,,True
512,0.9975416669835414,cn-simulated103968671_324538-t1,11.0,b,,True
513,0.9514777609341071,cn-cable3338151-t2,11.0,b,,True
514,0.951477728081326,cn-cable3338869-t2,11.0,b,,True
515,0.9672543825503871,cn-cable3338479-t2,11.0,b,,True
516,0.9672543800105541,cubicle36626,11.0,b,,True
517,0.9514777639944306,cn-cable3338150-t2,11.0,b,,True
518,0.9993467153069985,cn-busbar251718-t1,11.0,b,,True
519,0.967254372024574,cubicle69502,11.0,b,,True
520,0.9983182369575891,node69876900,11.0,b,,True
521,0.9677038446766659,node23086949,11.0,b,,True
522,0.9983410196542003,cn-cable1134809-t1,11.0,b,,True
523,0.9544772391774663,node69935273,11.0,b,,True
524,0.9514778199514622,node22951202,11.0,b,,True
525,0.9677038235554716,cn-cable3338253-t2,11.0,b,,True
526,0.9544772537016014,cn-cable2879802-t2,11.0,b,,True
527,0.9980275928165122,cn-busbar254955-t2,11.0,b,,True
528,0.9514777934163905,cn-cable3338921-t2,11.0,b,,True
529,0.951477769105729,cubicle42428,11.0,b,,True
530,0.9677038251273972,node35592335,11.0,b,,True
531,0.9544772071321284,cn-cable3336383-t2,11.0,b,,True
532,0.9995039628397818,cn-geo_schematic_cable380329-t1,11.0,b,,True
533,0.9514777982592968,cn-cable3338204-t2,11.0,b,,True
534,0.9677038379114606,cubicle39443,11.0,b,,True
535,0.9514777894159855,cubicle36749,11.0,b,,True
536,0.9978799573392252,node23196578,11.0,b,,True
537,0.9514778056659747,node100121528,11.0,b,,True
538,0.9544772541490456,cubicle44917,11.0,b,,True
539,0.9514777893177929,cn-cable3338948-t2,11.0,b,,True
540,0.9514777235518839,cubicle42556,11.0,b,,True
541,0.9514777808173729,cubicle41292,11.0,b,,True
542,0.9677038363204824,cn-cable3339126-t2,11.0,b,,True
543,0.9514778137027126,cn-cable1144520-t2,11.0,b,,True
544,0.9544772161987651,cn-cable3336359-t2,11.0,b,,True
545,0.9885589148546502,cubicle50477,11.0,b,,True
546,0.9672543816796337,cubicle49885,11.0,b,,True
547,0.9989144828333029,cn-cable2937658-t1,11.0,b,,True
548,0.9544772980279812,cn-cable3336327-t2,11.0,b,,True
549,0.9677038138907619,cn-cable3338224-t2,11.0,b,,True
550,0.9984710117723611,node67195950,11.0,b,,True
551,0.9885589247695531,cubicle33092,11.0,b,,True
552,0.9992970077088077,cn-busbar251725-t1,11.0,b,,True
553,0.9672543795940239,cn-cable3338745-t2,11.0,b,,True
554,0.9514777611291017,cn-cable3338155-t2,11.0,b,,True
555,0.9677038232401478,node101118603,11.0,b,,True
556,0.9977262040539502,cn-busbar83739-t2,11.0,b,,True
557,0.9544772999579473,cubicle47193,11.0,b,,True
558,0.9544772146566523,cubicle41419,11.0,b,,True
559,0.9819235176622139,node22959534,11.0,b,,True
560,0.9819235091439192,cn-cable3338289-t2,11.0,b,,True
561,0.9993467153069255,cn-cable2098867-t1,11.0,b,,True
562,0.9672543737471958,node67194656,11.0,b,,True
563,0.9514778032157843,cn-cable3338878-t2,11.0,b,,True
564,0.9980868711966777,node103968618,11.0,b,,True
565,0.9544772866006396,cn-cable3336400-t2,11.0,b,,True
566,0.9981453297193252,cn-simulated24502843_202755-t2,11.0,b,,True
567,0.9514778554016728,node84625474,11.0,b,,True
568,,node29539471,11.0,b,,True
569,0.9980275928165118,cn-busbar254957-t2,11.0,b,,True
570,0.9544772874606919,cn-cable3336401-t2,11.0,b,,True
571,0.9514778037891714,node101119328,11.0,b,,True
572,0.9819235079916596,cubicle111148,11.0,b,,True
573,0.967703821890416,cn-cable3338252-t2,11.0,b,,True
574,0.9544772946675321,cn-geo_schematic_cable22428-t2,11.0,b,,True
575,0.9514777868058344,cubicle33349,11.0,b,,True
576,0.9984840917741716,cn-busbar355168-t2,11.0,b,,True
577,0.9984344558191945,cn-geo_schematic_cable1790-t1,11.0,b,,True
578,0.9672544246435392,node57577381,11.0,b,,True
579,0.9514777663900144,cubicle36860,11.0,b,,True
580,0.9544772998247741,cn-cable3719711-t2,11.0,b,,True
581,0.9672543760727519,cubicle69500,11.0,b,,True
582,0.9993467023935371,node24056448,11.0,b,,True
583,0.9672543835195894,node67195290,11.0,b,,True
584,0.9672543783194839,node67194685,11.0,b,,True
585,0.951477743522404,cn-cable3338911-t2,11.0,b,,True
586,0.967703821586227,cn-cable3339122-t2,11.0,b,,True
587,0.954477216932024,cubicle47083,11.0,b,,True
588,0.9544772370977869,cn-cable3336743-t2,11.0,b,,True
589,0.9544772507401956,node69935461,11.0,b,,True
590,0.9672543826908673,cn-cable3338646-t2,11.0,b,,True
591,0.9819235167470518,node101116139,11.0,b,,True
592,0.9677038312043988,cn-cable3339120-t2,11.0,b,,True
593,0.9677038193039618,cubicle38311,11.0,b,,True
594,0.9819235166130597,cn-cable3338283-t2,11.0,b,,True
595,0.9885589250955977,node67831068,11.0,b,,True
596,0.9672543884284688,cubicle34140,11.0,b,,True
597,0.9984840984084036,cn-busbar355169-t1,11.0,b,,True
598,0.9544772614901172,cn-cable3269445-t2,11.0,b,,True
599,0.9885589044754274,cn-cable3341622-t2,11.0,b,,True
600,0.9819235045492168,cn-cable3338324-t2,11.0,b,,True
601,0.9514777870670237,cubicle46978,11.0,b,,True
602,0.9993467153069985,node84142412,11.0,b,,True
603,0.9672544097594713,node67195431,11.0,b,,True
604,0.9514777871799406,node71578873,11.0,b,,True
605,0.951477768992812,cn-cable3338958-t2,11.0,b,,True
606,0.9514777698349817,cn-cable3338996-t2,11.0,b,,True
607,0.9672543993207415,cn-cable3338476-t2,11.0,b,,True
608,0.9677038082540815,node69876850,11.0,b,,True
609,0.9819235096914931,node52761082,11.0,b,,True
610,0.9544772652125053,cn-cable3336351-t2,11.0,b,,True
611,0.9514777642776624,cubicle33460,11.0,b,,True
612,0.9544772872927049,cn-cable3336727-t2,11.0,b,,True
613,0.9544772163502263,cubicle34591,11.0,b,,True
614,0.9977262405379127,cn-busbar83731-t1,11.0,b,,True
615,0.9677038380790938,cn-cable3338281-t2,11.0,b,,True
616,0.9993467153069985,node83235274,11.0,b,,True
617,0.9819235091282612,node36726511,11.0,b,,True
618,0.9885589107297306,node74192759,11.0,b,,True
619,0.954477194790111,cn-simulated23030576_100934-t2,11.0,b,,True
620,0.9544771946459203,cn-cable2729610-t2,11.0,b,,True
621,0.9514778031966696,cn-cable3338877-t2,11.0,b,,True
622,0.9514777711040109,node67193367,11.0,b,,True
623,0.9885589068171983,cn-geo_schematic_cable36468-t1,11.0,b,,True
624,0.9672543948938191,node67194754,11.0,b,,True
625,0.9514778103684477,cubicle34596,11.0,b,,True
626,0.9677038529791178,node59740730,11.0,b,,True
627,0.9819235254214235,node101116406,11.0,b,,True
628,0.988558917916343,cn-cable3341619-t2,11.0,b,,True
629,0.9514778122447719,cubicle42443,11.0,b,,True
630,0.9989276280925815,node84230727,11.0,b,,True
631,0.9995536727337183,cn-busbar87058-t2,11.0,b,,True
632,0.9677038118004659,cn-cable3338225-t2,11.0,b,,True
633,0.9672543883173936,cubicle32899,11.0,b,,True
634,0.9977262131749409,cn-busbar83739-t1,11.0,b,,True
635,0.9677038274744096,node23319269,11.0,b,,True
636,0.9544772866809249,cubicle38030,11.0,b,,True
637,0.9514778064702574,cn-cable3338879-t2,11.0,b,,True
638,0.9514777608805965,cn-cable3338152-t2,11.0,b,,True
639,0.9987528440875408,node23065974,11.0,b,,True
640,0.9514778418033359,cn-geo_schematic_cable235928-t1,11.0,b,,True
641,0.999553672744076,node173091586,11.0,b,,True
642,0.9514777394702403,cn-cable3338909-t2,11.0,b,,True
643,0.9977262587798938,node160200990,11.0,b,,True
644,0.9544772496224255,cn-cable3336708-t2,11.0,b,,True
645,0.9984987018896969,node23107373,11.0,b,,True
646,0.954477208385719,node102516409,11.0,b,,True
647,0.954477301421255,node58449856,11.0,b,,True
648,0.9672543798691838,cn-cable3338747-t2,11.0,b,,True
649,0.9989276280925815,cn-busbar255626-t2,11.0,b,,True
650,0.9514778035607503,node102518697,11.0,b,,True
651,0.9514777674788134,node67193235,11.0,b,,True
652,0.9672544375282545,node57577382,11.0,b,,True
653,0.9677038314163381,cubicle49635,11.0,b,,True
654,0.9819235434675695,cn-geo_schematic_cable23100-t1,11.0,b,,True
655,0.9544772391774666,node60063851,11.0,b,,True
656,0.9677038320395971,node69877101,11.0,b,,True
657,0.9672543834981997,cn-cable3338684-t2,11.0,b,,True
658,0.9514778051717312,node73296175,11.0,b,,True
659,0.9514777747325698,cn-cable3338997-t2,11.0,b,,True
660,0.9885589097515973,node60264070,11.0,b,,True
661,0.9672543718982929,cn-cable3338486-t2,11.0,b,,True
662,0.951477770736046,cn-cable3338991-t2,11.0,b,,True
663,0.9677038261316212,cubicle42859,11.0,b,,True
664,0.9672543969947643,node74192374,11.0,b,,True
665,0.9514777600457137,cn-cable3338154-t2,11.0,b,,True
666,,node29539482,11.0,b,,True
667,0.9677038106126311,node65782830,11.0,b,,True
668,0.9885589025437771,node67830893,11.0,b,,True
669,0.9819235131825028,cubicle77075,11.0,b,,True
670,0.9544772871122946,cubicle47128,11.0,b,,True
671,0.9514777688386286,cubicle43670,11.0,b,,True
672,0.9514778012577622,node67193147,11.0,b,,True
673,0.9979930389652664,node23176244,11.0,b,,True
674,0.9672544092444407,cn-cable3338475-t2,11.0,b,,True
675,0.9514778015189244,cn-cable3338186-t2,11.0,b,,True
676,,node29539497,11.0,b,,True
677,0.9672543994515909,cubicle39696,11.0,b,,True
678,0.9819235054495407,cubicle111009,11.0,b,,True
679,0.9677038257985512,node69877060,11.0,b,,True
680,0.9672543922114686,cn-cable3338668-t2,11.0,b,,True
681,0.9544772071321284,cubicle35740,11.0,b,,True
682,0.9514778503258463,cn-cable3261193-t2,11.0,b,,True
683,0.9672543833754159,cn-cable3338742-t2,11.0,b,,True
684,0.9514777662894579,node71578447,11.0,b,,True
685,0.9983821355683968,cn-cable1133130-t1,11.0,b,,True
686,0.9993467153069985,node84142372,11.0,b,,True
687,0.9514777271832947,cn-cable3338864-t2,11.0,b,,True
688,0.9977262222959318,node24039692,11.0,b,,True
689,0.9672544098705457,node59740028,11.0,b,,True
690,0.9514778064200665,cn-cable3338185-t2,11.0,b,,True
691,0.9997546614502045,cn-cable1228539-t1,11.0,b,,True
692,0.9514777866747366,cn-cable3338925-t2,11.0,b,,True
693,0.9995537610376493,cn-cable1188760-t1,11.0,b,,True
694,0.9514778066459005,node102516800,11.0,b,,True
695,0.9677038078916868,cn-cable3339098-t2,11.0,b,,True
696,0.9514778006835929,node67193128,11.0,b,,True
697,0.9672543760727522,node101117404,11.0,b,,True
698,0.9885589417172747,cn-geo_schematic_cable233372-t1,11.0,b,,True
699,0.981923504877464,cubicle111147,11.0,b,,True
700,0.9544772147274274,cn-cable3336363-t2,11.0,b,,True
701,0.9677038080320344,cubicle34905,11.0,b,,True
702,0.9544772372247802,cubicle42569,11.0,b,,True
703,0.967254416090754,cn-geo_schematic_cable14579-t1,11.0,b,,True
704,0.9514778065566261,cn-cable3338900-t2,11.0,b,,True
705,0.9544772899399252,node149685038,11.0,b,,True
706,0.9978799560213347,node23212106,11.0,b,,True
707,1.0,cn-cable2122108-t1,11.0,b,,True
708,0.9984840917741716,node161553366,11.0,b,,True
709,0.9677038239006123,node69877027,11.0,b,,True
710,0.951477770457338,cn-cable3338952-t2,11.0,b,,True
711,0.9544773043478699,node58449861,11.0,b,,True
712,0.9544772233357394,node69936106,11.0,b,,True
713,0.9819235309941717,cn-simulated22932783_101448-t1,11.0,b,,True
714,0.9544772986072023,node69935742,11.0,b,,True
715,0.9514777396528536,cubicle48208,11.0,b,,True
716,0.9672543718964206,cn-cable3338487-t2,11.0,b,,True
717,0.9544772391774666,node60063841,11.0,b,,True
718,0.9544772613405802,cn-cable3336324-t2,11.0,b,,True
719,0.9514778554016728,cn-cable3295685-t1,11.0,b,,True
720,0.9514777832155256,cubicle41403,11.0,b,,True
721,0.9885589045841089,cubicle44426,11.0,b,,True
722,0.9672544310858967,cn-geo_schematic_cable1685-t2,11.0,b,,True
723,0.981923525285907,cn-cable3338343-t2,11.0,b,,True
724,0.951477780935189,cn-cable3338927-t2,11.0,b,,True
725,0.9885589044034748,cn-cable3341629-t2,11.0,b,,True
726,0.988558904615625,cubicle38771,11.0,b,,True
727,0.9514777975489274,cubicle33467,11.0,b,,True
728,0.9677038190157923,cn-cable3338218-t2,11.0,b,,True
729,0.951477770179049,cn-cable3338141-t2,11.0,b,,True
730,0.9672543811486258,cubicle45380,11.0,b,,True
731,0.9514777665029315,node67193282,11.0,b,,True
732,0.9989276280926076,node33911479,11.0,b,,True
733,0.9819235089764016,node79493025,11.0,b,,True
734,0.9995537610480064,node23398575,11.0,b,,True
735,0.9544772538350056,cubicle43784,11.0,b,,True
736,0.9995039628397817,cn-geo_schematic_cable25609-t2,11.0,b,,True
737,0.9672543881979311,cn-cable3338647-t2,11.0,b,,True
738,0.9993467153069986,node84142381,11.0,b,,True
739,0.954477292627181,node22985154,11.0,b,,True
740,0.9677038318175496,cubicle37174,11.0,b,,True
741,0.9672543778234817,cubicle42924,11.0,b,,True
742,0.9514777693315631,node71579002,11.0,b,,True
743,0.9981406399265583,cn-busbar354650-t2,11.0,b,,True
744,0.9979461087362185,cn-cable1230482-t1,11.0,b,,True
745,0.9998104178474106,cn-cable1219505-t2,11.0,b,,True
746,0.9672543815560902,cn-cable3338466-t2,11.0,b,,True
747,0.9514778041632208,cn-cable3338876-t2,11.0,b,,True
748,0.9984462903059854,cn-busbar85063-t2,11.0,b,,True
749,0.9514777935057819,cn-cable3338938-t2,11.0,b,,True
750,0.9819235089551345,cn-cable3338287-t2,11.0,b,,True
751,0.9544772228225606,cn-cable3336355-t2,11.0,b,,True
752,0.9672543798183231,cn-cable3338682-t2,11.0,b,,True
753,0.9677038249836174,cn-cable3338854-t2,11.0,b,,True
754,0.9672544115366728,node57577378,11.0,b,,True
755,0.9672544182011815,node57577398,11.0,b,,True
756,0.9544772614977586,cn-cable3269446-t2,11.0,b,,True
757,0.9885589149633315,node67830826,11.0,b,,True
758,0.999346715291784,cn-cable1155376-t1,11.0,b,,True
759,0.9980275928165118,cn-busbar254943-t1,11.0,b,,True
760,0.9544771995270457,cn-cable2727645-t2,11.0,b,,True
761,0.9993467445380301,node23167833,11.0,b,,True
762,0.9984840851399394,node161553372,11.0,b,,True
763,0.951477851005206,node70366883,11.0,b,,True
764,0.9514777930767422,cn-cable3338922-t2,11.0,b,,True
765,0.9514777933192504,cubicle41398,11.0,b,,True
766,0.9514778035607503,node71578696,11.0,b,,True
767,0.9514777689928122,cn-cable3338955-t2,11.0,b,,True
768,0.9514777562204961,cn-cable3338917-t2,11.0,b,,True
769,0.9544772655249676,cubicle34708,11.0,b,,True
770,0.9995039628397819,node59607026,11.0,b,,True
771,0.9980275928165122,node84338613,11.0,b,,True
772,0.9514777982493743,cn-cable3338202-t2,11.0,b,,True
773,0.954477217530087,node69935978,11.0,b,,True
774,0.9544772160173803,cn-cable3336358-t2,11.0,b,,True
775,0.9514777564010998,cn-cable3338905-t2,11.0,b,,True
776,0.988558917053586,cn-cable3341620-t2,11.0,b,,True
777,0.9672544092292689,cn-cable3338474-t2,11.0,b,,True
778,0.9677038443747394,cn-cable3338212-t2,11.0,b,,True
779,0.9672544078711929,node101117485,11.0,b,,True
780,0.9677038275641772,cn-cable3339125-t2,11.0,b,,True
781,0.9819235174271713,cn-cable3255752-t2,11.0,b,,True
782,0.9544772409513329,node69935305,11.0,b,,True
783,0.9544772357663811,cn-cable3336712-t2,11.0,b,,True
784,0.9514777255001745,node69936372,11.0,b,,True
785,0.9989276280925815,cn-busbar255620-t2,11.0,b,,True
786,0.9993467153069985,node84142413,11.0,b,,True
787,0.9672543881298452,cn-cable3338478-t2,11.0,b,,True
788,0.9989276280925815,node84230717,11.0,b,,True
789,0.9984463035743848,cn-busbar85067-t1,11.0,b,,True
790,0.9514777671347393,cn-cable3338178-t2,11.0,b,,True
791,0.9885589521969491,cn-cable3246217-t2,11.0,b,,True
792,0.9819235215576896,cn-cable3338345-t2,11.0,b,,True
793,0.9672543886506196,node67194728,11.0,b,,True
794,0.9993467153069985,cn-busbar254543-t2,11.0,b,,True
795,0.9677038136737826,node69876775,11.0,b,,True
796,0.954477296086435,cn-cable3336729-t2,11.0,b,,True
797,0.9993467153021393,node23232416,11.0,b,,True
798,0.9514777745109096,cn-cable3338990-t2,11.0,b,,True
799,0.9885589022855773,cubicle34229,11.0,b,,True
800,0.9672543860693699,node67195367,11.0,b,,True
801,0.9985817547611087,cn-cable1169914-t1,11.0,b,,True
802,0.9672543828376959,cubicle36297,11.0,b,,True
803,0.9995039628397823,node59607016,11.0,b,,True
804,0.9514778144344873,cubicle50462,11.0,b,,True
805,0.9672543778239945,cn-geo_schematic_cable1861-t2,11.0,b,,True
806,0.9672544439706123,cn-geo_schematic_cable1690-t1,11.0,b,,True
807,0.998027592816512,node84338465,11.0,b,,True
808,0.9514777896366717,node102515290,11.0,b,,True
809,0.9677038220459505,cn-cable3338859-t2,11.0,b,,True
810,0.9544772387024331,cubicle39191,11.0,b,,True
811,0.9544772199883899,cn-cable3336357-t2,11.0,b,,True
812,0.9514777933828253,cn-cable3338923-t2,11.0,b,,True
813,0.9980275928141112,cn-cable4304011-t1,11.0,b,,True
814,0.9677038449806968,cubicle38307,11.0,b,,True
815,0.9819235163603643,node84625716,11.0,b,,True
816,0.9984841316106025,node161553383,11.0,b,,True
817,0.9885589521969491,node84281775,11.0,b,,True
818,0.951477794083483,node67193624,11.0,b,,True
819,,node29539535,11.0,b,,True
820,0.9672543833721958,cn-cable3338744-t2,11.0,b,,True
821,0.9544772372028216,node69935372,11.0,b,,True
822,0.9995039628397816,cn-geo_schematic_cable25609-t1,11.0,b,,True
823,,node23198147,11.0,b,,True
824,0.9672544045389382,node74192361,11.0,b,,True
825,0.9819235076597507,cn-cable3339677-t2,11.0,b,,True
826,0.9677038116551911,cn-cable3338226-t2,11.0,b,,True
827,0.9995039628397823,node74891588,11.0,b,,True
828,0.9544772391774666,node69935313,11.0,b,,True
829,0.9885589181964397,cn-cable3341611-t2,11.0,b,,True
830,0.9993467153069985,cn-busbar254549-t2,11.0,b,,True
831,0.9981406399265583,cn-busbar88081-t1,11.0,b,,True
832,0.9514778358187385,cn-cable1115303-t1,11.0,b,,True
833,0.9544772920786044,cn-geo_schematic_cable22433-t2,11.0,b,,True
834,0.9819235141284074,node79636605,11.0,b,,True
835,0.9672543762949022,node101117387,11.0,b,,True
836,0.967703836467578,cubicle45120,11.0,b,,True
837,0.9514777985571118,node57578118,11.0,b,,True
838,0.9514777941533549,node156687033,11.0,b,,True
839,0.9819235400756801,cn-geo_schematic_cable23107-t1,11.0,b,,True
840,0.9885589545879394,cn-simulated23015020_203086-t1,11.0,b,,True
841,0.9819235161415318,cn-cable1151657-t2,11.0,b,,True
842,0.9993467153069984,node33409252,11.0,b,,True
843,0.9514777701910789,node71579209,11.0,b,,True
844,0.9514778016604792,cubicle50469,11.0,b,,True
845,0.9514778143215703,cn-cable3339592-t2,11.0,b,,True
846,0.9672543808052156,cn-cable3338465-t2,11.0,b,,True
847,0.9979893711239644,cn-busbar87858-t2,11.0,b,,True
848,0.9677038105016075,cubicle37179,11.0,b,,True
849,0.9885589484555194,cn-simulated71243238_1841189-t2,11.0,b,,True
850,0.9544772876160857,cubicle48240,11.0,b,,True
851,0.9989847737569122,cn-cable1218152-t1,11.0,b,,True
852,0.9514777641472014,cn-cable3338158-t2,11.0,b,,True
853,0.9672543797159953,cubicle37764,11.0,b,,True
854,0.9514777726072958,cn-cable3338903-t2,11.0,b,,True
855,0.9984841382551809,node161553384,11.0,b,,True
856,0.9677038439244062,cn-cable3338214-t2,11.0,b,,True
857,0.9544772229497855,cubicle34619,11.0,b,,True
858,0.9672543710550378,node67194584,11.0,b,,True
859,0.9979883859274743,cn-cable1142178-t2,11.0,b,,True
860,0.9819235077691664,cubicle111007,11.0,b,,True
861,0.9672543778239945,node57578180,11.0,b,,True
862,0.9514777893030687,cn-cable3338951-t2,11.0,b,,True
863,0.951477810078605,cn-cable3338089-t2,11.0,b,,True
864,0.9514777777141542,node67193326,11.0,b,,True
865,0.9514777730083247,cubicle39028,11.0,b,,True
866,0.9819235162509478,cubicle37985,11.0,b,,True
867,0.9984462836717855,cn-busbar85071-t1,11.0,b,,True
868,0.9544771994148019,cn-cable3255754-t2,11.0,b,,True
869,,node29539599,11.0,b,,True
870,0.9995039628397823,node74891570,11.0,b,,True
871,0.9677038328478955,node35592773,11.0,b,,True
872,0.9514777438479668,cubicle33464,11.0,b,,True
873,0.9514778554016728,node73296155,11.0,b,,True
874,0.9672543893922043,cn-cable3338686-t2,11.0,b,,True
875,0.9672543894163397,cn-cable3338743-t2,11.0,b,,True
876,0.9993470875240837,node141207713,11.0,b,,True
877,0.9992970077088077,node83235362,11.0,b,,True
878,0.9995537610376493,cn-simulated23398575_99463-t2,11.0,b,,True
879,0.9514777696865141,cn-cable3338944-t2,11.0,b,,True
880,0.951477806669543,cubicle37892,11.0,b,,True
881,0.9983821355683968,cn-cable2865574-t2,11.0,b,,True
882,1.0,cn-hv_feeder13550-source-t1,11.0,b,,True
883,0.9514778137027126,cn-simulated22943741_144044-t2,11.0,b,,True
884,0.9672543811486258,node67195160,11.0,b,,True
885,0.9514778118503211,cn-cable3338901-t2,11.0,b,,True
886,0.9544772923037286,node58449853,11.0,b,,True
887,0.9980527241792486,cn-cable3397178-t1,11.0,b,,True
888,0.9514777272962118,cubicle50467,11.0,b,,True
889,0.9989212893291621,cn-cable1108327-t2,11.0,b,,True
890,0.951477798379093,cubicle42552,11.0,b,,True
891,0.9987528440876411,cn-cable2122107-t2,11.0,b,,True
892,0.997879958032778,cn-simulated23427399_210792-t1,11.0,b,,True
893,0.9514778648280529,cn-simulated84625474_202755-t1,11.0,b,,True
894,0.9677038695216357,cn-geo_schematic_cable27949-t1,11.0,b,,True
895,,node29539621,11.0,b,,True
896,0.9544772497721511,cubicle40392,11.0,b,,True
897,0.9677038444945651,cubicle46265,11.0,b,,True
898,0.9544771990364228,node22943850,11.0,b,,True
899,0.9514778036541748,cn-cable3339035-t2,11.0,b,,True
900,0.9544772169688966,cn-cable3336366-t2,11.0,b,,True
901,0.981923525277445,cn-cable3338340-t2,11.0,b,,True
902,0.9677038190096012,cn-cable3338219-t2,11.0,b,,True
903,0.9885589077953316,cn-geo_schematic_cable36501-t2,11.0,b,,True
904,0.9885589020860144,cn-cable3341626-t2,11.0,b,,True
905,0.9819235173339659,cn-simulated22959534_100929-t2,11.0,b,,True
906,0.967254392600129,cn-cable3338741-t2,11.0,b,,True
907,0.9984840917741716,node161553359,11.0,b,,True
908,0.9514777996288931,cn-cable3339032-t2,11.0,b,,True
909,0.9983182239295796,cn-busbar84114-t2,11.0,b,,True
910,0.9544773131277119,node58449867,11.0,b,,True
911,0.9677038380875759,cn-cable3338280-t2,11.0,b,,True
912,0.9677038126101173,node65782807,11.0,b,,True
913,0.9992970077088075,cn-busbar251727-t1,11.0,b,,True
914,0.9514778033349162,cubicle50472,11.0,b,,True
915,0.9544772534417845,cn-cable3336742-t2,11.0,b,,True
916,0.9544772970313355,node58449876,11.0,b,,True
917,0.9979893745777502,node24071491,11.0,b,,True
918,0.9514777710934993,node71579058,11.0,b,,True
919,0.9993467153069986,node84142367,11.0,b,,True
920,0.9981453395347575,node24502843,11.0,b,,True
921,0.9514777712642374,cn-cable3338946-t2,11.0,b,,True
922,0.9514777708293704,cn-cable3338177-t2,11.0,b,,True
923,0.9819235045492168,cn-cable3771699-t2,11.0,b,,True
924,0.9677038448426807,cn-cable3339123-t2,11.0,b,,True
925,0.9672543815093468,node67195764,11.0,b,,True
926,0.9514777252743404,cubicle45948,11.0,b,,True
927,0.9544772541490457,node69935634,11.0,b,,True
928,0.9672543971001237,cn-cable3338666-t2,11.0,b,,True
929,0.9544773219075537,cn-geo_schematic_cable22429-t1,11.0,b,,True
930,0.9544771948762695,cn-cable3338327-t2,11.0,b,,True
931,0.9514777741138263,cn-cable3338993-t2,11.0,b,,True
932,0.9819235109458859,cn-geo_schematic_cable196969-t1,11.0,b,,True
933,0.9677038191584081,cn-cable3339128-t2,11.0,b,,True
934,0.9979930355114818,cn-simulated23176244_40735-t2,11.0,b,,True
935,0.9544772070195662,cn-cable3336365-t2,11.0,b,,True
936,0.9514777866765766,cn-cable3338924-t2,11.0,b,,True
937,0.998484124966024,cn-busbar355176-t1,11.0,b,,True
938,0.9514777792014263,cn-cable3339044-t2,11.0,b,,True
939,0.9819235078639699,cn-cable3589940-t2,11.0,b,,True
940,0.9514777668865513,cn-cable3338184-t2,11.0,b,,True
941,0.9514778154515452,cn-cable3255757-t2,11.0,b,,True
942,0.9514777704135795,cn-cable3338142-t2,11.0,b,,True
943,0.9819235091282612,node36726501,11.0,b,,True
944,0.9984840984084036,cn-busbar355167-t2,11.0,b,,True
945,0.9514777693315631,node71579033,11.0,b,,True
946,0.9677038495373814,node74598367,11.0,b,,True
947,0.9514778008685949,cn-cable3338206-t2,11.0,b,,True
948,0.9998604019369461,cn-cable2122108-t2,11.0,b,,True
949,0.9977262131749409,cn-busbar83733-t2,11.0,b,,True
950,0.967703827729114,cubicle42854,11.0,b,,True
951,0.9514777234376076,cubicle33471,11.0,b,,True
952,0.9984462903059854,cn-busbar85064-t1,11.0,b,,True
953,0.9984841316106025,cn-busbar355175-t2,11.0,b,,True
954,0.9677038507586473,node59740704,11.0,b,,True
955,0.9514778358187385,cn-geo_schematic_cable235928-t2,11.0,b,,True
956,0.9819235352613864,cn-geo_schematic_cable23105-t2,11.0,b,,True
957,0.9990955929848201,node29539793,11.0,b,,True
958,0.9514778511203752,cn-simulated70361087_648891-t2,11.0,b,,True
959,0.9514777764779445,cn-cable3338176-t2,11.0,b,,True
960,0.9677038316796545,cn-cable3338258-t2,11.0,b,,True
961,0.9672543925618505,node57578187,11.0,b,,True
962,0.9544772869714953,cn-cable3336389-t2,11.0,b,,True
963,0.9983410261681903,node23121435,11.0,b,,True
964,0.9819235162093811,cubicle35711,11.0,b,,True
965,0.951477799626416,cn-cable3339031-t2,11.0,b,,True
966,0.9677038518688825,cn-geo_schematic_cable27941-t1,11.0,b,,True
967,0.9995039628397818,node173091624,11.0,b,,True
968,0.9544772498936989,cn-cable3977142-t2,11.0,b,,True
969,0.9885589068171983,cn-geo_schematic_cable36502-t2,11.0,b,,True
970,0.9819235109458859,cn-geo_schematic_cable196966-t2,11.0,b,,True
971,0.9995039628397818,cn-geo_schematic_cable380327-t2,11.0,b,,True
972,0.9544772078640946,cubicle45981,11.0,b,,True
973,0.9514778119089373,cn-cable3338941-t2,11.0,b,,True
974,0.9514778012371562,cn-cable3338205-t2,11.0,b,,True
975,0.9677038128266632,cn-cable3338222-t2,11.0,b,,True
976,0.9514777817640878,cn-cable3338932-t2,11.0,b,,True
977,0.9672543808153996,cn-cable3977132-t2,11.0,b,,True
978,0.9885589241979293,cn-cable3341614-t2,11.0,b,,True
979,0.9514777811880992,cn-cable3338926-t2,11.0,b,,True
980,0.9514778135706948,node57578127,11.0,b,,True
981,0.9819235307753361,node61343056,11.0,b,,True
982,0.9514777639983436,cn-cable3338148-t2,11.0,b,,True
983,0.9993467153069255,cn-simulated23058287_112903-t2,11.0,b,,True
984,0.9514777940834831,node67193623,11.0,b,,True
985,0.951477771373265,cn-cable3338947-t2,11.0,b,,True
986,0.9984463035743848,cn-busbar85068-t2,11.0,b,,True
987,0.9514777251426612,cn-cable3338871-t2,11.0,b,,True
988,0.9514777741179608,cn-cable3338992-t2,11.0,b,,True
989,0.9984462836717855,cn-busbar85065-t2,11.0,b,,True
990,0.9977262314169222,node24039677,11.0,b,,True
991,0.9672543827165093,cn-cable3338648-t2,11.0,b,,True
992,0.999503962839782,cn-geo_schematic_cable25610-t2,11.0,b,,True
993,0.9544772368424312,cn-cable3336713-t2,11.0,b,,True
994,0.9677038397436514,node65782938,11.0,b,,True
995,0.9980527241792486,cn-cable3517570-t2,11.0,b,,True
996,0.9544772361040668,node69935403,11.0,b,,True
997,0.9544772866809249,cn-geo_schematic_cable34386-t2,11.0,b,,True
998,0.9672543969710706,cubicle41966,11.0,b,,True
999,0.9514777986700304,cn-geo_schematic_cable14585-t1,11.0,b,,True
1000,0.9514778098083408,cn-cable3338207-t2,11.0,b,,True
1001,0.9987943231129095,cn-cable1236610-t1,11.0,b,,True
1002,0.9514778054069077,cn-cable3339091-t2,11.0,b,,True
1003,0.9990955929848262,node29539799,11.0,b,,True
1004,0.9514777686325288,cn-cable3338159-t2,11.0,b,,True
1005,0.9514777400354629,node71578394,11.0,b,,True
1006,0.9672543997627068,cubicle37426,11.0,b,,True
1007,0.9672544118698984,cn-geo_schematic_cable14367-t2,11.0,b,,True
1008,0.9989847737569122,cn-cable3517710-t2,11.0,b,,True
1009,0.9514778085392848,cn-cable3339037-t2,11.0,b,,True
1010,0.9544772614900262,cn-cable3269442-t2,11.0,b,,True
1011,0.9819235222187174,cn-cable3713958-t2,11.0,b,,True
1012,0.9677038496484122,node74598356,11.0,b,,True
1013,0.9885589149633341,cn-geo_schematic_cable36510-t2,11.0,b,,True
1014,0.9514778065329835,cubicle47094,11.0,b,,True
1015,0.9514777814253379,cubicle37885,11.0,b,,True
1016,0.9977262496589031,node24039686,11.0,b,,True
1017,0.9544772866809249,node60063905,11.0,b,,True
1018,0.9514778512332923,node70361087,11.0,b,,True
1019,0.9885589521969491,cn-cable3246213-t2,11.0,b,,True
1020,0.9514777396967127,cn-cable3338910-t2,11.0,b,,True
1021,0.9544772172335092,cn-cable3336744-t2,11.0,b,,True
1022,0.9514777932063335,cn-cable3339095-t2,11.0,b,,True
1023,0.9995536727544336,node23398576,11.0,b,,True
1024,0.9980275928165114,node84338536,11.0,b,,True
1025,0.967254370943963,node31975399,11.0,b,,True
1026,0.9885589022177331,cn-cable3341625-t2,11.0,b,,True
1027,0.9998604019369461,cn-simulated34701112_113872-t1,11.0,b,,True
1028,0.9984841183214457,node161553407,11.0,b,,True
1029,0.9677038077536559,cn-cable3338250-t2,11.0,b,,True
1030,0.9672543778239945,cubicle45191,11.0,b,,True
1031,0.9978799578174457,node23427399,11.0,b,,True
1032,0.96725439931562,cn-cable3338477-t2,11.0,b,,True
1033,0.98192351306434,cn-cable3338321-t2,11.0,b,,True
1034,0.9995039628397817,cn-geo_schematic_cable25607-t1,11.0,b,,True
1035,0.9514778116480117,cn-simulated23032596_100931-t2,11.0,b,,True
1036,0.9544772860629106,cn-cable3336386-t2,11.0,b,,True
1037,0.9990955929848341,node29539787,11.0,b,,True
1038,0.9514777952825199,cn-geo_schematic_cable1840-t2,11.0,b,,True
1039,0.9984841116665205,cn-busbar355177-t2,11.0,b,,True
1040,0.967703821908262,cn-cable3338251-t2,11.0,b,,True
1041,0.9819235294063172,cn-cable3256247-t2,11.0,b,,True
1042,0.9514777948308529,node151251899,11.0,b,,True
1043,0.9980024002040773,cn-cable1219300-t1,11.0,b,,True
1044,0.9672544078711929,node74192384,11.0,b,,True
1045,0.9677038219937465,cn-cable3342932-t2,11.0,b,,True
1046,0.9672543967933901,cn-cable3338472-t2,11.0,b,,True
1047,0.9544772535724632,cubicle50566,11.0,b,,True
1048,0.9544772874244557,cubicle41441,11.0,b,,True
1049,0.9672543835545303,cn-cable3338683-t2,11.0,b,,True
1050,0.9979461178571379,cn-cable1152508-t2,11.0,b,,True
1051,0.9981406497474472,node24068798,11.0,b,,True
1052,0.9885589246380544,cn-cable3341613-t2,11.0,b,,True
1053,0.9980275928165122,cn-busbar254971-t2,11.0,b,,True
1054,0.9514778418033359,cn-geo_schematic_cable235942-t2,11.0,b,,True
1055,0.9992718614932082,cn-cable1201724-t2,11.0,b,,True
1056,0.9885589521969491,node84281688,11.0,b,,True
1057,0.9885589058390651,node60264076,11.0,b,,True
1058,0.9514777565524071,cn-cable3338920-t2,11.0,b,,True
1059,0.9677038382493682,cubicle40579,11.0,b,,True
1060,0.9993467023935371,cn-busbar87095-t2,11.0,b,,True
1061,0.9514778085168754,cn-cable3339036-t2,11.0,b,,True
1062,0.9514778197135194,cn-cable3339041-t2,11.0,b,,True
1063,0.9514777250269887,cn-cable3338863-t2,11.0,b,,True
1064,0.9544772874385158,cn-cable3336402-t2,11.0,b,,True
1065,0.9984463168427846,node67195932,11.0,b,,True
1066,0.9514777808607542,cubicle36743,11.0,b,,True
1067,0.9672543815151305,node67195187,11.0,b,,True
1068,0.967703847427937,cn-geo_schematic_cable27942-t2,11.0,b,,True
1069,0.9514777662750818,cn-cable3338181-t2,11.0,b,,True
1070,0.9993467153069986,cn-busbar251716-t2,11.0,b,,True
1071,0.9514777671155539,cn-cable3338179-t2,11.0,b,,True
1072,0.9992970077088071,cn-busbar251728-t1,11.0,b,,True
1073,0.9514778049581747,cn-cable3339048-t2,11.0,b,,True
1074,0.9672544068715163,node57577377,11.0,b,,True
1075,0.9514777769056189,cn-cable3338174-t2,11.0,b,,True
1076,0.9544772368468785,cn-cable3336714-t2,11.0,b,,True
1077,0.9677038260133295,cn-cable3338255-t2,11.0,b,,True
1078,0.9514778102555308,cn-cable3338943-t2,11.0,b,,True
1079,0.9544772980412803,cn-cable3336328-t2,11.0,b,,True
1080,0.9885589462818922,cn-geo_schematic_cable233327-t1,11.0,b,,True
1081,0.9677038271391176,cn-cable3338855-t2,11.0,b,,True
1082,0.9514777698474209,cn-cable3338998-t2,11.0,b,,True
1083,0.9990955929848191,cn-cable1508102-t1,11.0,b,,True
1084,0.9885589485642008,node71243238,11.0,b,,True
1085,0.9975416659085198,cn-cable1159589-t2,11.0,b,,True
1086,0.9993467023831817,cn-busbar87086-t1,11.0,b,,True
1087,0.9677038377780147,cn-cable3338210-t2,11.0,b,,True
1088,0.9677038078999909,cn-cable3339097-t2,11.0,b,,True
1089,0.9677038195260093,node69876732,11.0,b,,True
1090,0.9819235161927451,cubicle36841,11.0,b,,True
1091,0.9514777685971245,cn-cable3338956-t2,11.0,b,,True
1092,0.951477793306728,cn-cable3339671-t2,11.0,b,,True
1093,0.9819235160999654,cn-cable1194928-t2,11.0,b,,True
1094,0.9677038095964231,cn-cable3338228-t2,11.0,b,,True
1095,0.9514778242478957,node57578109,11.0,b,,True
1096,0.998305746644994,cn-simulated74092492_199824-t1,11.0,b,,True
1097,0.9514777438479666,cn-cable3338915-t2,11.0,b,,True
1098,0.9514777984371481,cn-cable3338189-t2,11.0,b,,True
1099,0.9544772653809858,cn-cable3336741-t2,11.0,b,,True
1100,0.9672543945415745,cn-cable3338660-t2,11.0,b,,True
1101,,node29539518,11.0,b,,True
1102,0.9544772960864839,cn-cable3336728-t2,11.0,b,,True
1103,0.967254389547104,cubicle47979,11.0,b,,True
1104,0.9544773028845625,cn-geo_schematic_cable22427-t1,11.0,b,,True
1105,0.9672543968931722,node67194756,11.0,b,,True
1106,0.981923516067291,cn-cable1191398-t2,11.0,b,,True
1107,0.9544772872559313,cn-cable3336726-t2,11.0,b,,True
1108,0.9986895979733167,cn-cable1236611-t2,11.0,b,,True
1109,0.9544772357663811,cn-cable3336710-t2,11.0,b,,True
1110,0.9993466767747735,cn-cable1224849-t2,11.0,b,,True
1111,0.9672543928689465,cn-cable3338687-t2,11.0,b,,True
1112,0.9514777395385714,cn-cable3338907-t2,11.0,b,,True
1113,0.9544772920786044,cn-geo_schematic_cable22431-t1,11.0,b,,True
1114,0.9672544092040944,cn-geo_schematic_cable14368-t1,11.0,b,,True
1115,0.9514777595665858,cn-cable3338153-t2,11.0,b,,True
1116,0.9544772077403263,cn-cable3336384-t2,11.0,b,,True
1117,0.9544772076726785,cn-cable3336380-t2,11.0,b,,True
1118,0.9983057463221331,cn-cable3341083-t2,11.0,b,,True
1119,,node29539432,11.0,b,,True
1120,0.9514777771320809,cn-cable3338173-t2,11.0,b,,True
1121,0.9514778503258463,cn-cable3295683-t1,11.0,b,,True
1122,0.9980275928165122,node84338515,11.0,b,,True
1123,0.9514778336786424,cn-geo_schematic_cable1841-t2,11.0,b,,True
1124,0.9982101002995545,cn-cable1237990-t1,11.0,b,,True
1125,0.9885589045339848,cn-cable3341640-t2,11.0,b,,True
1126,0.9514778022833704,cn-geo_schematic_cable14586-t1,11.0,b,,True
1127,0.9514777801521958,cn-cable3339043-t2,11.0,b,,True
1128,0.951477743710968,cn-cable3338912-t2,11.0,b,,True
1129,0.9819235294335635,cn-cable3256246-t2,11.0,b,,True
1130,0.9544772368240427,cn-cable3336353-t2,11.0,b,,True
1131,0.967254399636903,cn-cable3338662-t2,11.0,b,,True
1132,0.9984841116665205,cn-busbar355182-t1,11.0,b,,True
1133,0.951477780704456,cn-cable3338929-t2,11.0,b,,True
1134,0.9672543825289063,cn-cable3338481-t2,11.0,b,,True
1135,0.9672543799299007,cubicle35495,11.0,b,,True
1136,0.999145268470073,cn-simulated29539706_245936-t2,11.0,b,,True
1137,0.967254409388415,cn-cable3338664-t2,11.0,b,,True
1138,0.9672543795882301,cn-cable3338748-t2,11.0,b,,True
1139,0.9885589439995836,cn-geo_schematic_cable233327-t2,11.0,b,,True
1140,0.9819235161282287,cn-cable3338285-t2,11.0,b,,True
1141,,node29539610,11.0,b,,True
1142,0.967703824957373,cn-cable3338853-t2,11.0,b,,True
1143,0.9514777604973818,node102021130,11.0,b,,True
1144,0.9672543929994918,cubicle49109,11.0,b,,True
1145,0.9672543710414454,cn-cable3338485-t2,11.0,b,,True
1146,0.9672543759425318,cn-cable3338640-t2,11.0,b,,True
1147,0.9544772391774666,cn-geo_schematic_cable34381-t2,11.0,b,,True
1148,0.9677038544224227,cn-geo_schematic_cable27947-t2,11.0,b,,True
1149,0.9677038320395971,node102516458,11.0,b,,True
1150,0.9544772355859024,cn-cable3336709-t2,11.0,b,,True
1151,0.9998603535065884,cn-cable2122109-t2,11.0,b,,True
1152,0.9885589021768958,cn-cable3341623-t2,11.0,b,,True
1153,0.9544772120865144,cn-cable3338329-t2,11.0,b,,True
1154,0.9544772860734783,cn-cable3336388-t2,11.0,b,,True
1155,0.9514778127052889,cn-cable3338939-t2,11.0,b,,True
1156,0.9984210982927599,cn-cable1132583-t2,11.0,b,,True
1157,0.9544772541490457,cn-geo_schematic_cable34375-t2,11.0,b,,True
1158,0.9514777725615141,cn-cable3338906-t2,11.0,b,,True
1159,0.9514777986700304,cn-geo_schematic_cable27524-t2,11.0,b,,True
1160,0.9677038544224227,cn-geo_schematic_cable27950-t1,11.0,b,,True
1161,0.9514777234234649,cn-cable3338874-t2,11.0,b,,True
1162,0.9979461087362185,cn-simulated23052190_40598-t2,11.0,b,,True
1163,0.9993467153069876,node37903059,11.0,b,,True
1164,0.9677038275535358,cn-cable3339127-t2,11.0,b,,True
1165,0.9544772821731421,node149684990,11.0,b,,True
1166,0.9544772162376641,cn-cable3336362-t2,11.0,b,,True
1167,0.9677038361218069,cn-cable3338216-t2,11.0,b,,True
1168,0.9819235338389816,cn-geo_schematic_cable23102-t2,11.0,b,,True
1169,0.9514777984049454,cn-cable3338188-t2,11.0,b,,True
1170,0.967254409417384,cn-cable3338663-t2,11.0,b,,True
1171,0.9672543831625829,cn-cable3338470-t2,11.0,b,,True
1172,0.9544772385717575,cn-cable3336716-t2,11.0,b,,True
1173,0.951477798105444,node57578106,11.0,b,,True
1174,0.9819235052170561,cn-cable3713956-t2,11.0,b,,True
1175,0.9544771985064419,cn-cable3336387-t2,11.0,b,,True
1176,0.9995536727233604,cn-busbar87061-t2,11.0,b,,True
1177,0.9819235352613864,node59312972,11.0,b,,True
1178,0.9885589170532737,cn-cable3341621-t2,11.0,b,,True
1179,0.9981406301056698,cn-busbar88081-t2,11.0,b,,True
1180,0.9514778118363414,cn-cable3338902-t2,11.0,b,,True
1181,0.9544771949412668,cn-cable2727649-t2,11.0,b,,True
1182,0.9980868710785834,cn-simulated103968618_324538-t2,11.0,b,,True
1183,0.9677038312196028,cn-cable3339121-t2,11.0,b,,True
1184,0.951477770486695,cn-cable3338953-t2,11.0,b,,True
1185,0.9978799577097796,cn-cable3338483-t2,11.0,b,,True
1186,0.9672543707127697,cn-cable3338484-t2,11.0,b,,True
1187,0.9514777966008306,cn-cable3338999-t2,11.0,b,,True
1188,0.9514777938991812,cn-cable3338936-t2,11.0,b,,True
1189,0.9514777966347946,cn-cable3339030-t2,11.0,b,,True
1190,0.9995039628397818,cn-geo_schematic_cable380328-t1,11.0,b,,True
1191,0.9986895979733167,cn-cable3368615-t1,11.0,b,,True
1192,0.9677038272932185,cn-cable3338850-t2,11.0,b,,True
1193,0.9672543779676955,cn-cable3338746-t2,11.0,b,,True
1194,0.9514777830887452,cn-cable3338147-t2,11.0,b,,True
1195,0.9514777234236598,cn-cable3338872-t2,11.0,b,,True
1196,0.9677038235370422,cn-cable3338254-t2,11.0,b,,True
1197,0.9514777641484219,cn-cable3338157-t2,11.0,b,,True
1198,0.9885589149633341,cn-geo_schematic_cable36513-t2,11.0,b,,True
1199,0.9677038275864575,cn-cable3338217-t2,11.0,b,,True
1200,0.9514777715580675,cn-cable3338994-t2,11.0,b,,True
1201,0.954477214523743,cn-cable3336360-t2,11.0,b,,True
1202,0.9993467023831817,cn-busbar87085-t2,11.0,b,,True
1203,0.9514777869205614,cn-cable3338935-t2,11.0,b,,True
1204,0.9514777964116924,node57578136,11.0,b,,True
1205,0.9992970077088077,node83235357,11.0,b,,True
1206,0.9677038230680198,cn-cable3338858-t2,11.0,b,,True
1207,0.9992970077088077,cn-busbar251729-t2,11.0,b,,True
1208,0.9514778121128642,cn-cable3338940-t2,11.0,b,,True
1209,0.9677038373212306,cn-cable3338211-t2,11.0,b,,True
1210,0.951477793451251,cn-cable3339093-t2,11.0,b,,True
1211,0.9514778116480117,cn-cable1236568-t1,11.0,b,,True
1212,0.9982101002995545,cn-simulated23378216_40739-t2,11.0,b,,True
1213,0.9672543815548852,cn-cable3338468-t2,11.0,b,,True
1214,0.9983410196542003,cn-simulated23121435_58681-t2,11.0,b,,True
1215,0.9514778141939221,cn-geo_schematic_cable69622-t1,11.0,b,,True
1216,0.9672543831700273,cn-cable3338467-t2,11.0,b,,True
1217,0.9514777707319394,cn-cable3338959-t2,11.0,b,,True
1218,0.9672543922286252,cn-cable3338669-t2,11.0,b,,True
1219,0.9544772161381531,cubicle33447,11.0,b,,True
1220,0.9672544118698984,cn-geo_schematic_cable14578-t1,11.0,b,,True
1221,0.9514778105942817,node71578846,11.0,b,,True
1222,0.9544772007784746,cn-cable2797799-t2,11.0,b,,True
1223,0.9514778362482376,cn-cable3339038-t2,11.0,b,,True
1224,0.9514777977747608,node102517050,11.0,b,,True
1225,0.9819235222077778,cn-cable3338322-t2,11.0,b,,True
1226,0.9885589045069434,cn-cable3341628-t2,11.0,b,,True
1227,0.9544772070178488,cn-cable3336381-t2,11.0,b,,True
1228,0.9987943231129095,cn-cable2937658-t2,11.0,b,,True
1229,0.999346715291784,cn-simulated23232416_101377-t2,11.0,b,,True
1230,0.9984841116458268,cn-busbar355183-t2,11.0,b,,True
1231,0.9677038277787746,cn-cable3338852-t2,11.0,b,,True
1232,0.9672543883058576,cn-cable3338649-t2,11.0,b,,True
1233,0.951477814346036,cn-cable3255759-t2,11.0,b,,True
1234,0.951477769105729,cn-cable3338954-t2,11.0,b,,True
1235,0.9672543973826508,node67195508,11.0,b,,True
1236,0.95447726090086,cn-cable3336323-t2,11.0,b,,True
1237,0.9983057462988942,cn-cable4185370-t2,11.0,b,,True
1238,0.9544772385654008,cn-cable3336715-t2,11.0,b,,True
1239,0.9977262405379127,cn-busbar83732-t2,11.0,b,,True
1240,0.95147781546814,cn-cable3255756-t2,11.0,b,,True
1241,0.9977262222959318,cn-busbar83735-t2,11.0,b,,True
1242,0.9995536727130027,cn-busbar87065-t2,11.0,b,,True
1243,0.954477216991845,cn-cable3336367-t2,11.0,b,,True
1244,0.967703825801092,cn-cable3338257-t2,11.0,b,,True
1245,0.9514777669140309,cn-cable3338182-t2,11.0,b,,True
1246,0.951477756549923,cn-cable3338916-t2,11.0,b,,True
1247,0.9819235057257224,cn-cable3713955-t2,11.0,b,,True
1248,0.9677038077657203,cn-cable3338229-t2,11.0,b,,True
1249,0.9672543925618505,cn-geo_schematic_cable137654-t2,11.0,b,,True
1250,0.954477238533811,cn-cable3336718-t2,11.0,b,,True
1251,0.954477261495758,cn-cable3269444-t2,11.0,b,,True
1252,0.9677038230878441,cn-cable3338856-t2,11.0,b,,True
1253,0.9514777561703852,cn-cable3338918-t2,11.0,b,,True
1254,0.9672543733962634,cn-cable3338489-t2,11.0,b,,True
1255,,node29539569,11.0,b,,True
1256,0.951477743342497,cn-cable3338913-t2,11.0,b,,True
1257,0.9995039628397818,cn-geo_schematic_cable380326-t2,11.0,b,,True
1258,0.9672543926082475,cn-cable3338740-t2,11.0,b,,True
1259,0.9514777237777179,node69936363,11.0,b,,True
1260,0.9544772203048143,cn-cable3336368-t2,11.0,b,,True
1261,0.9995039628397818,node173091623,11.0,b,,True
