,name,vn_kv,type,zone,in_service,x,y,coords
0,cubicle45944,11.0,b,,True,152.916557,-31.468613,
1,cn-cable3336717-t2,11.0,b,,True,152.921964,-31.4729717,
2,cn-busbar251728-t2,11.0,b,,True,152.896033,-31.4674971,
3,node69876678,11.0,b,,True,152.912397,-31.4676119,
4,cn-cable3341624-t2,11.0,b,,True,152.894796,-31.4632037,
5,node29539823,11.0,b,,True,152.899249,-31.4658981,
6,cn-simulated23378215_187645-t2,11.0,b,,True,152.920849,-31.4685414,
7,cubicle48514,11.0,b,,True,152.911607,-31.468507,
8,node29539706,11.0,b,,True,152.900617,-31.4664997,
9,cn-simulated70366883_652558-t2,11.0,b,,True,152.915957,-31.4676811,
10,cn-cable3338488-t2,11.0,b,,True,152.904895,-31.4640864,
11,cubicle40258,11.0,b,,True,152.916164,-31.4685439,
12,cubicle77073,11.0,b,,True,152.922017,-31.4684283,
13,cubicle69504,11.0,b,,True,152.904993,-31.4632555,
14,node245104988,11.0,b,,True,152.922551,-31.4686921,
15,node22958791,11.0,b,,True,152.922699,-31.4701031,
16,cubicle48302,11.0,b,,True,152.920973,-31.4700805,
17,node161553431,11.0,b,,True,152.909545,-31.4664216,
18,node67195658,11.0,b,,True,152.90654,-31.4649352,
19,cubicle111105,11.0,b,,True,152.922005,-31.4679911,
20,cubicle49326,11.0,b,,True,152.912506,-31.4660823,
21,cn-cable3338937-t2,11.0,b,,True,152.914798,-31.4665144,
22,node69935902,11.0,b,,True,152.920944,-31.4704128,
23,node29539546,11.0,b,,True,152.896277,-31.4622524,
24,cubicle50767,11.0,b,,True,152.912306,-31.4685162,
25,node83235270,11.0,b,,True,152.893649,-31.4661062,
26,node69936152,11.0,b,,True,152.921415,-31.4695426,
27,cn-cable3338172-t2,11.0,b,,True,152.916566,-31.4686192,
28,cn-geo_schematic_cable25611-t1,11.0,b,,True,152.895616,-31.4649294,
29,node67195412,11.0,b,,True,152.905968,-31.4662981,
30,node71578372,11.0,b,,True,152.91318,-31.4663343,
31,cubicle46713,11.0,b,,True,152.894904,-31.4624865,
32,cn-geo_schematic_cable23106-t2,11.0,b,,True,152.922366,-31.4684306,
33,cn-cable3338145-t2,11.0,b,,True,152.916561,-31.4683882,
34,node57577399,11.0,b,,True,152.906012,-31.4653247,
35,node24069238,11.0,b,,True,152.912278,-31.4676597,
36,node84230737,11.0,b,,True,152.903841,-31.4679035,
37,cn-cable3338868-t2,11.0,b,,True,152.912492,-31.4660061,
38,cubicle35729,11.0,b,,True,152.914423,-31.4688389,
39,node67195609,11.0,b,,True,152.90645,-31.4663312,
40,node67831042,11.0,b,,True,152.894447,-31.4624494,
41,cubicle38562,11.0,b,,True,152.906142,-31.465465,
42,node22951175,11.0,b,,True,152.920904,-31.4687464,
43,node67195678,11.0,b,,True,152.906765,-31.4651515,
44,cubicle110989,11.0,b,,True,152.921634,-31.4679443,
45,node60063771,11.0,b,,True,152.920214,-31.4713033,
46,cubicle41535,11.0,b,,True,152.920818,-31.4722866,
47,node67193101,11.0,b,,True,152.914408,-31.468836,
48,node24046336,11.0,b,,True,152.905876,-31.4653192,
49,node84625509,11.0,b,,True,152.91597,-31.4676746,
50,cn-busbar254942-t2,11.0,b,,True,152.91903,-31.4706068,
51,cubicle34603,11.0,b,,True,152.917407,-31.4687065,
52,cubicle41037,11.0,b,,True,152.894173,-31.4632754,
53,cubicle33239,11.0,b,,True,152.907086,-31.465436,
54,cn-busbar87065-t1,11.0,b,,True,152.895559,-31.4649602,
55,cn-busbar85071-t2,11.0,b,,True,152.905991,-31.4653382,
56,node84338546,11.0,b,,True,152.919009,-31.4706694,
57,cubicle49220,11.0,b,,True,152.914608,-31.466315,
58,cubicle42550,11.0,b,,True,152.912303,-31.4660857,
59,node61288125,11.0,b,,True,152.922703,-31.4697205,
60,cubicle45373,11.0,b,,True,152.906436,-31.4657088,
61,cn-cable3339042-t2,11.0,b,,True,152.915022,-31.4655942,
62,cn-busbar87086-t2,11.0,b,,True,152.896034,-31.4675006,
63,cubicle39124,11.0,b,,True,152.916057,-31.4683594,
64,node23378216,11.0,b,,True,152.912831,-31.4672154,
65,cn-geo_schematic_cable23100-t2,11.0,b,,True,152.922355,-31.4684318,
66,cn-simulated22958791_144043-t1,11.0,b,,True,152.922689,-31.4701007,
67,cn-cable3338934-t2,11.0,b,,True,152.915101,-31.4659501,
68,cubicle49429,11.0,b,,True,152.920775,-31.4703899,
69,node60264071,11.0,b,,True,152.894161,-31.4632736,
70,node29539829,11.0,b,,True,152.898808,-31.4656364,
71,node35224015,11.0,b,,True,152.903864,-31.4678909,
72,node74092492,11.0,b,,True,152.897784,-31.4666787,
73,cubicle41409,11.0,b,,True,152.915314,-31.4686933,
74,node67193139,11.0,b,,True,152.914726,-31.4682753,
75,cn-cable3338143-t2,11.0,b,,True,152.915778,-31.4682505,
76,cn-cable3338482-t2,11.0,b,,True,152.904565,-31.4640197,
77,node22997808,11.0,b,,True,152.904028,-31.4671829,
78,node36726535,11.0,b,,True,152.92143,-31.4683488,
79,node34701112,11.0,b,,True,152.895865,-31.4616425,
80,node71578952,11.0,b,,True,152.915214,-31.4656812,
81,cn-cable3338931-t2,11.0,b,,True,152.915721,-31.4651576,
82,cubicle33478,11.0,b,,True,152.922089,-31.4700635,
83,node65782798,11.0,b,,True,152.911098,-31.4675294,
84,node67195151,11.0,b,,True,152.90452,-31.4657283,
85,cubicle97112,11.0,b,,True,152.920828,-31.4682577,
86,cn-geo_schematic_cable22425-t2,11.0,b,,True,152.920951,-31.4708611,
87,cubicle49332,11.0,b,,True,152.913352,-31.4670268,
88,cn-cable3338140-t2,11.0,b,,True,152.915135,-31.4680736,
89,cubicle39034,11.0,b,,True,152.915935,-31.4666343,
90,cn-cable3336382-t2,11.0,b,,True,152.921552,-31.4704553,
91,cn-cable3341616-t2,11.0,b,,True,152.895083,-31.4625205,
92,node65782890,11.0,b,,True,152.913166,-31.4677965,
93,cubicle47839,11.0,b,,True,152.894923,-31.4624961,
94,node67195498,11.0,b,,True,152.906176,-31.4655086,
95,cn-cable3338860-t2,11.0,b,,True,152.912112,-31.4668368,
96,cn-cable3338681-t2,11.0,b,,True,152.907088,-31.4658987,
97,node23148406,11.0,b,,True,152.895642,-31.4621709,
98,node59740707,11.0,b,,True,152.912414,-31.4676206,
99,cubicle44837,11.0,b,,True,152.9216,-31.4705797,
100,node57578117,11.0,b,,True,152.914678,-31.4667453,
101,cn-cable3336354-t2,11.0,b,,True,152.921057,-31.4697955,
102,cn-cable3338995-t2,11.0,b,,True,152.915922,-31.4670724,
103,cubicle35723,11.0,b,,True,152.917041,-31.4685151,
104,cubicle44239,11.0,b,,True,152.905753,-31.4661765,
105,node69935554,11.0,b,,True,152.920533,-31.4719448,
106,cubicle33355,11.0,b,,True,152.9157,-31.4668783,
107,cn-cable2937656-t2,11.0,b,,True,152.904178,-31.4672275,
108,cn-cable3338469-t2,11.0,b,,True,152.905714,-31.4660684,
109,cn-cable3338914-t2,11.0,b,,True,152.913356,-31.4661845,
110,cubicle47097,11.0,b,,True,152.913164,-31.466339,
111,node84142353,11.0,b,,True,152.893653,-31.4661043,
112,node29539588,11.0,b,,True,152.897017,-31.4633647,
113,node71578449,11.0,b,,True,152.914272,-31.4664957,
114,cubicle43985,11.0,b,,True,152.911958,-31.4686584,
115,cubicle36872,11.0,b,,True,152.921429,-31.4695469,
116,node59312998,11.0,b,,True,152.922377,-31.4684175,
117,cubicle38002,11.0,b,,True,152.915344,-31.4689914,
118,cubicle36039,11.0,b,,True,152.910915,-31.468146,
119,node67194604,11.0,b,,True,152.904937,-31.4634545,
120,node71579187,11.0,b,,True,152.915788,-31.467313,
121,node83235361,11.0,b,,True,152.896033,-31.4674957,
122,cn-cable3338227-t2,11.0,b,,True,152.910966,-31.4682325,
123,node71579091,11.0,b,,True,152.914717,-31.4667235,
124,node69935532,11.0,b,,True,152.920895,-31.4716813,
125,node29539449,11.0,b,,True,152.896333,-31.4612763,
126,node161553438,11.0,b,,True,152.909545,-31.4664394,
127,cubicle69503,11.0,b,,True,152.904949,-31.4634754,
128,cn-geo_schematic_cable1684-t2,11.0,b,,True,152.906012,-31.4652941,
129,node36726527,11.0,b,,True,152.921246,-31.4683259,
130,node69935711,11.0,b,,True,152.920944,-31.4708825,
131,cn-cable3341618-t2,11.0,b,,True,152.894704,-31.4626063,
132,node23019771,11.0,b,,True,152.918009,-31.4680104,
133,cubicle48205,11.0,b,,True,152.914503,-31.4682676,
134,node23030576,11.0,b,,True,152.922661,-31.4689745,
135,cn-cable3336326-t2,11.0,b,,True,152.920611,-31.4707842,
136,cubicle45838,11.0,b,,True,152.914763,-31.4664105,
137,cn-cable3338919-t2,11.0,b,,True,152.914207,-31.4663931,
138,cn-cable3246212-t1,11.0,b,,True,152.895603,-31.462179,
139,cubicle46068,11.0,b,,True,152.920631,-31.471631,
140,node35591462,11.0,b,,True,152.917556,-31.4679393,
141,cn-cable3342606-t2,11.0,b,,True,152.896106,-31.4626567,
142,cn-cable3338933-t2,11.0,b,,True,152.915248,-31.4657984,
143,cubicle35717,11.0,b,,True,152.917686,-31.4686526,
144,node24056503,11.0,b,,True,152.896034,-31.4675065,
145,cn-cable3338957-t2,11.0,b,,True,152.915851,-31.4660347,
146,node35592659,11.0,b,,True,152.922681,-31.4693008,
147,cubicle44807,11.0,b,,True,152.915469,-31.4682559,
148,node153774208,11.0,b,,True,152.920916,-31.4687574,
149,node67193435,11.0,b,,True,152.916622,-31.4686107,
150,node60264186,11.0,b,,True,152.893774,-31.4624144,
151,cn-cable3338942-t2,11.0,b,,True,152.91497,-31.46726,
152,node69936009,11.0,b,,True,152.922073,-31.4700642,
153,cubicle39895,11.0,b,,True,152.89464,-31.4633128,
154,cn-cable3341610-t2,11.0,b,,True,152.893927,-31.4624659,
155,cn-cable3338200-t2,11.0,b,,True,152.914276,-31.4691855,
156,node173091617,11.0,b,,True,152.895625,-31.4649161,
157,cubicle46270,11.0,b,,True,152.910978,-31.4673746,
158,node57578105,11.0,b,,True,152.914657,-31.466722,
159,cn-cable3338945-t2,11.0,b,,True,152.915531,-31.4673634,
160,node23058287,11.0,b,,True,152.89402,-31.466117,
161,cubicle48199,11.0,b,,True,152.915804,-31.4673154,
162,cn-cable3338149-t2,11.0,b,,True,152.916758,-31.4684216,
163,node67195503,11.0,b,,True,152.906383,-31.4656702,
164,node29539460,11.0,b,,True,152.896339,-31.4618081,
165,node23032596,11.0,b,,True,152.916345,-31.467764,
166,cn-geo_schematic_cable27949-t2,11.0,b,,True,152.9124,-31.4676511,
167,node150179237,11.0,b,,True,152.899895,-31.4666596,
168,cn-geo_schematic_cable14468-t1,11.0,b,,True,152.91467,-31.4667244,
169,node67194808,11.0,b,,True,152.905812,-31.4652794,
170,cubicle47109,11.0,b,,True,152.921594,-31.4700325,
171,node84145216,11.0,b,,True,152.919022,-31.4706163,
172,node67195949,11.0,b,,True,152.907827,-31.4663992,
173,cn-cable3338861-t2,11.0,b,,True,152.912216,-31.4663321,
174,cubicle46514,11.0,b,,True,152.905251,-31.4652386,
175,cn-geo_schematic_cable22430-t1,11.0,b,,True,152.920946,-31.4708519,
176,cn-busbar251730-t2,11.0,b,,True,152.896035,-31.4674921,
177,cn-cable3338183-t2,11.0,b,,True,152.915128,-31.4689042,
178,cn-cable3336356-t2,11.0,b,,True,152.921184,-31.4694784,
179,node57577389,11.0,b,,True,152.905992,-31.4653076,
180,cubicle36854,11.0,b,,True,152.917428,-31.4685248,
181,cn-cable3339096-t2,11.0,b,,True,152.911683,-31.4682739,
182,cn-cable3338870-t2,11.0,b,,True,152.912601,-31.4662289,
183,cubicle44233,11.0,b,,True,152.906694,-31.4663332,
184,cn-geo_schematic_cable1846-t1,11.0,b,,True,152.914658,-31.4667709,
185,cubicle39130,11.0,b,,True,152.915617,-31.4684477,
186,node29539805,11.0,b,,True,152.900356,-31.4664187,
187,node67195527,11.0,b,,True,152.906474,-31.4660412,
188,node124410738,11.0,b,,True,152.898269,-31.4661434,
189,cubicle35614,11.0,b,,True,152.915229,-31.4657073,
190,cubicle48307,11.0,b,,True,152.920946,-31.470882,
191,cubicle41305,11.0,b,,True,152.915939,-31.4666438,
192,cn-cable3338223-t2,11.0,b,,True,152.910879,-31.4674396,
193,cn-cable3338203-t2,11.0,b,,True,152.91439,-31.4682953,
194,node31975369,11.0,b,,True,152.904672,-31.464656,
195,cubicle34374,11.0,b,,True,152.907151,-31.4652686,
196,node23166608,11.0,b,,True,152.9226,-31.4686532,
197,node151101321,11.0,b,,True,152.896034,-31.4674896,
198,node67193267,11.0,b,,True,152.915341,-31.468978,
199,node69936141,11.0,b,,True,152.921244,-31.4699816,
200,node60063915,11.0,b,,True,152.92228,-31.4711877,
201,cn-cable3338328-t2,11.0,b,,True,152.922947,-31.4696819,
202,cn-cable3338473-t2,11.0,b,,True,152.906231,-31.4658675,
203,node65782801,11.0,b,,True,152.911199,-31.4674823,
204,node23214017,11.0,b,,True,152.896032,-31.4626718,
205,cubicle41722,11.0,b,,True,152.91344,-31.4677064,
206,node161553353,11.0,b,,True,152.909593,-31.4664215,
207,node67193066,11.0,b,,True,152.91435,-31.4690557,
208,node103968671,11.0,b,,True,152.91839,-31.4680659,
209,cn-busbar254954-t1,11.0,b,,True,152.91903,-31.4706068,
210,node67193396,11.0,b,,True,152.91634,-31.4677813,
211,node23009517,11.0,b,,True,152.900194,-31.4667549,
212,cubicle50360,11.0,b,,True,152.91381,-31.4663258,
213,node67194635,11.0,b,,True,152.90486,-31.4638379,
214,cn-cable3338866-t2,11.0,b,,True,152.912308,-31.4660772,
215,node69876550,11.0,b,,True,152.909441,-31.4664546,
216,cubicle43556,11.0,b,,True,152.915713,-31.4660515,
217,node67193520,11.0,b,,True,152.917412,-31.4686937,
218,node23226227,11.0,b,,True,152.920073,-31.4682914,
219,node67193200,11.0,b,,True,152.914839,-31.4682144,
220,node67193582,11.0,b,,True,152.917534,-31.4687279,
221,node71578497,11.0,b,,True,152.914539,-31.4671013,
222,cn-geo_schematic_cable233371-t1,11.0,b,,True,152.89561,-31.4621766,
223,cubicle40374,11.0,b,,True,152.920668,-31.4706906,
224,cubicle44805,11.0,b,,True,152.913114,-31.4661885,
225,node69936064,11.0,b,,True,152.921846,-31.4701204,
226,cn-cable3338175-t2,11.0,b,,True,152.916153,-31.4685465,
227,cubicle97111,11.0,b,,True,152.920737,-31.4682467,
228,node100121487,11.0,b,,True,152.916922,-31.4677077,
229,cn-cable3338667-t2,11.0,b,,True,152.90654,-31.4657573,
230,cubicle39162,11.0,b,,True,152.922217,-31.4710278,
231,cubicle42166,11.0,b,,True,152.894481,-31.4625961,
232,cn-cable3339099-t2,11.0,b,,True,152.911065,-31.4679634,
233,cubicle45950,11.0,b,,True,152.915665,-31.4682904,
234,cubicle50571,11.0,b,,True,152.920804,-31.4715438,
235,cn-cable3341612-t2,11.0,b,,True,152.89454,-31.4623552,
236,node84625589,11.0,b,,True,152.915965,-31.4676739,
237,cn-geo_schematic_cable65503-t2,11.0,b,,True,152.922342,-31.4686192,
238,cn-cable3339040-t2,11.0,b,,True,152.915431,-31.4676939,
239,cubicle34495,11.0,b,,True,152.915872,-31.4669776,
240,cn-geo_schematic_cable23101-t1,11.0,b,,True,152.922378,-31.4684294,
241,node23381694,11.0,b,,True,152.919292,-31.4685517,
242,cubicle35620,11.0,b,,True,152.914715,-31.4667233,
243,cn-cable3338908-t2,11.0,b,,True,152.913442,-31.4664682,
244,node71578611,11.0,b,,True,152.914559,-31.4669988,
245,node79493065,11.0,b,,True,152.921514,-31.4681628,
246,cubicle35158,11.0,b,,True,152.904838,-31.4651638,
247,cubicle69501,11.0,b,,True,152.904811,-31.464159,
248,cn-cable3338344-t2,11.0,b,,True,152.921604,-31.4686015,
249,node23220058,11.0,b,,True,152.916741,-31.4678253,
250,cubicle33777,11.0,b,,True,152.911282,-31.4683033,
251,cn-cable3338875-t2,11.0,b,,True,152.913252,-31.4669523,
252,node59312978,11.0,b,,True,152.922368,-31.4684424,
253,node23179827,11.0,b,,True,152.895642,-31.4621709,
254,cubicle77078,11.0,b,,True,152.921242,-31.4683175,
255,node22373296,11.0,b,,True,152.904846,-31.4657991,
256,cubicle35727,11.0,b,,True,152.913357,-31.4661949,
257,node67195826,11.0,b,,True,152.907327,-31.4660347,
258,cubicle39022,11.0,b,,True,152.914966,-31.4656848,
259,node69876538,11.0,b,,True,152.90939,-31.4664185,
260,cn-cable3338187-t2,11.0,b,,True,152.914685,-31.4684051,
261,cn-cable3336352-t2,11.0,b,,True,152.92077,-31.4702669,
262,cubicle49434,11.0,b,,True,152.920915,-31.4716819,
263,node24046352,11.0,b,,True,152.905884,-31.4653014,
264,node24039676,11.0,b,,True,152.921018,-31.4708312,
265,node71578742,11.0,b,,True,152.914502,-31.4672867,
266,node24153826,11.0,b,,True,152.922582,-31.4686505,
267,cn-cable3806606-t2,11.0,b,,True,152.922873,-31.468798,
268,cn-busbar355174-t2,11.0,b,,True,152.909613,-31.466457,
269,cn-cable3336711-t2,11.0,b,,True,152.921407,-31.4720306,
270,cn-cable1235105-t2,11.0,b,,True,152.89603,-31.4626631,
271,cubicle43565,11.0,b,,True,152.913762,-31.466483,
272,node84142962,11.0,b,,True,152.914462,-31.4674439,
273,cubicle40264,11.0,b,,True,152.915479,-31.4687981,
274,node60264081,11.0,b,,True,152.894168,-31.4632904,
275,cn-cable3338865-t2,11.0,b,,True,152.912224,-31.466081,
276,node59312975,11.0,b,,True,152.92238,-31.4684412,
277,cubicle43736,11.0,b,,True,152.921582,-31.4723012,
278,cubicle49365,11.0,b,,True,152.921556,-31.4720855,
279,cubicle49345,11.0,b,,True,152.921765,-31.4699278,
280,cn-geo_schematic_cable235949-t2,11.0,b,,True,152.920592,-31.4693349,
281,cubicle41298,11.0,b,,True,152.914631,-31.4667821,
282,node24056328,11.0,b,,True,152.895536,-31.4649658,
283,node153774263,11.0,b,,True,152.922836,-31.4687401,
284,cn-cable3338851-t2,11.0,b,,True,152.911615,-31.4665525,
285,cubicle39128,11.0,b,,True,152.912267,-31.4664208,
286,cubicle48965,11.0,b,,True,152.894442,-31.4624364,
287,cn-cable1210504-t1,11.0,b,,True,152.922329,-31.4686136,
288,node69936339,11.0,b,,True,152.912351,-31.466795,
289,node71578342,11.0,b,,True,152.913339,-31.4661979,
290,cn-cable3338873-t2,11.0,b,,True,152.912519,-31.4663917,
291,cn-cable3269443-t2,11.0,b,,True,152.920808,-31.4721783,
292,cubicle47655,11.0,b,,True,152.905658,-31.4651922,
293,node31975389,11.0,b,,True,152.904876,-31.4638114,
294,cubicle48092,11.0,b,,True,152.914773,-31.4663991,
295,cubicle37996,11.0,b,,True,152.916155,-31.4685377,
296,node67195828,11.0,b,,True,152.907327,-31.4659404,
297,cubicle46861,11.0,b,,True,152.906756,-31.4651631,
298,node23052190,11.0,b,,True,152.922699,-31.4701031,
299,node67195325,11.0,b,,True,152.905066,-31.4658598,
300,cn-cable3338201-t2,11.0,b,,True,152.914423,-31.469089,
301,node161553414,11.0,b,,True,152.909593,-31.4664393,
302,cubicle44801,11.0,b,,True,152.916619,-31.4686239,
303,node69936185,11.0,b,,True,152.921743,-31.4692912,
304,node69935824,11.0,b,,True,152.922166,-31.4712596,
305,node65782916,11.0,b,,True,152.912664,-31.4676786,
306,cn-cable1200969-t2,11.0,b,,True,152.92193,-31.4685611,
307,cubicle33452,11.0,b,,True,152.91769,-31.4686642,
308,node23107372,11.0,b,,True,152.911245,-31.4669782,
309,cn-cable3336740-t2,11.0,b,,True,152.920938,-31.470748,
310,cn-geo_schematic_cable14331-t2,11.0,b,,True,152.914663,-31.4667523,
311,cn-cable3713957-t2,11.0,b,,True,152.921929,-31.4678687,
312,cn-cable3341627-t2,11.0,b,,True,152.894425,-31.4633544,
313,cubicle47088,11.0,b,,True,152.915618,-31.4672854,
314,cn-cable3339129-t2,11.0,b,,True,152.911221,-31.4675585,
315,cubicle43298,11.0,b,,True,152.894283,-31.4628071,
316,node22955028,11.0,b,,True,152.921499,-31.4685212,
317,node67193296,11.0,b,,True,152.915434,-31.4689143,
318,cubicle43981,11.0,b,,True,152.91179,-31.4676129,
319,node59313009,11.0,b,,True,152.922365,-31.4684187,
320,cn-cable3255753-t2,11.0,b,,True,152.922611,-31.4699899,
321,cn-cable3338209-t2,11.0,b,,True,152.913569,-31.4676241,
322,cubicle49322,11.0,b,,True,152.914521,-31.4672716,
323,node23529726,11.0,b,,True,152.911719,-31.4654863,
324,cn-cable3338144-t2,11.0,b,,True,152.916169,-31.4683192,
325,node71578689,11.0,b,,True,152.913126,-31.4670063,
326,cn-geo_schematic_cable14366-t1,11.0,b,,True,152.905995,-31.4653294,
327,node22932783,11.0,b,,True,152.922332,-31.4686224,
328,cn-cable3338645-t2,11.0,b,,True,152.904827,-31.464423,
329,cubicle34222,11.0,b,,True,152.895053,-31.4622983,
330,cubicle50763,11.0,b,,True,152.912115,-31.4674681,
331,node57578126,11.0,b,,True,152.914676,-31.4667546,
332,node23015020,11.0,b,,True,152.895606,-31.4621773,
333,node23319268,11.0,b,,True,152.9115,-31.4666464,
334,cubicle34606,11.0,b,,True,152.913232,-31.4661927,
335,cubicle34488,11.0,b,,True,152.914984,-31.4660077,
336,node31975379,11.0,b,,True,152.904786,-31.4641538,
337,cubicle48221,11.0,b,,True,152.921189,-31.4700518,
338,node67194574,11.0,b,,True,152.904974,-31.463271,
339,node69877043,11.0,b,,True,152.912291,-31.4685167,
340,node161553390,11.0,b,,True,152.909655,-31.4664391,
341,cn-simulated24153826_100933-t2,11.0,b,,True,152.922591,-31.4686518,
342,node60264191,11.0,b,,True,152.893763,-31.4624296,
343,node69935613,11.0,b,,True,152.920393,-31.4716968,
344,node52761090,11.0,b,,True,152.920735,-31.4682563,
345,cubicle38103,11.0,b,,True,152.920792,-31.4710165,
346,cn-geo_schematic_cable27944-t1,11.0,b,,True,152.9124,-31.4676205,
347,node67193212,11.0,b,,True,152.914741,-31.4682669,
348,cubicle40252,11.0,b,,True,152.918533,-31.4682859,
349,cubicle77077,11.0,b,,True,152.920627,-31.4682271,
350,cn-cable3338665-t2,11.0,b,,True,152.906427,-31.4656062,
351,cubicle102861,11.0,b,,True,152.910857,-31.4677032,
352,cn-cable3341615-t2,11.0,b,,True,152.895155,-31.4622277,
353,cubicle40156,11.0,b,,True,152.914364,-31.4670964,
354,cn-cable3336369-t2,11.0,b,,True,152.921561,-31.4706425,
355,cn-cable3338259-t2,11.0,b,,True,152.912826,-31.4681239,
356,node74192331,11.0,b,,True,152.905885,-31.4658533,
357,cn-cable3338288-t2,11.0,b,,True,152.920684,-31.4681684,
358,cubicle49393,11.0,b,,True,152.921844,-31.4729891,
359,cubicle50506,11.0,b,,True,152.921531,-31.4720929,
360,cn-cable3338180-t2,11.0,b,,True,152.915434,-31.4690208,
361,node101119362,11.0,b,,True,152.915548,-31.4676414,
362,cn-cable3339049-t2,11.0,b,,True,152.916882,-31.4668117,
363,cubicle43221,11.0,b,,True,152.905416,-31.4659894,
364,node67195581,11.0,b,,True,152.906686,-31.4663487,
365,cubicle34608,11.0,b,,True,152.914195,-31.4691294,
366,cubicle50237,11.0,b,,True,152.906719,-31.4648768,
367,cubicle43676,11.0,b,,True,152.912267,-31.4661447,
368,node237087015,11.0,b,,True,152.915574,-31.4655334,
369,cn-geo_schematic_cable27945-t1,11.0,b,,True,152.9124,-31.4676511,
370,node69935927,11.0,b,,True,152.920979,-31.4703634,
371,cn-cable3338480-t2,11.0,b,,True,152.905329,-31.4653289,
372,node69935686,11.0,b,,True,152.921274,-31.4715218,
373,cn-geo_schematic_cable14330-t1,11.0,b,,True,152.914661,-31.4667616,
374,cubicle111008,11.0,b,,True,152.921878,-31.4679455,
375,cn-cable3336385-t2,11.0,b,,True,152.921794,-31.4706145,
376,cubicle50353,11.0,b,,True,152.9158,-31.4660278,
377,cubicle42546,11.0,b,,True,152.914768,-31.4679062,
378,node24046367,11.0,b,,True,152.905817,-31.4652987,
379,cubicle42435,11.0,b,,True,152.91387,-31.4663429,
380,cubicle77072,11.0,b,,True,152.922029,-31.4684298,
381,node69876797,11.0,b,,True,152.910933,-31.4675238,
382,cn-cable3338680-t2,11.0,b,,True,152.907067,-31.4661435,
383,cubicle40841,11.0,b,,True,152.906018,-31.4656,
384,cn-cable3771840-t2,11.0,b,,True,152.9218,-31.4679313,
385,node58449850,11.0,b,,True,152.920928,-31.4708473,
386,cubicle43093,11.0,b,,True,152.906487,-31.466044,
387,node71578321,11.0,b,,True,152.913189,-31.4662487,
388,node102516890,11.0,b,,True,152.915902,-31.4662637,
389,node71579154,11.0,b,,True,152.915917,-31.466677,
390,node69936226,11.0,b,,True,152.921805,-31.469302,
391,cn-geo_schematic_cable233372-t2,11.0,b,,True,152.8956,-31.4621954,
392,node57577957,11.0,b,,True,152.909778,-31.4665989,
393,cubicle47400,11.0,b,,True,152.91172,-31.4683695,
394,node69622925,11.0,b,,True,152.915923,-31.4666419,
395,cubicle46985,11.0,b,,True,152.914723,-31.4667346,
396,cn-cable3339092-t2,11.0,b,,True,152.917536,-31.4677245,
397,cubicle77076,11.0,b,,True,152.920987,-31.4682818,
398,node23253360,11.0,b,,True,152.918975,-31.4681447,
399,node59283145,11.0,b,,True,152.922361,-31.4684858,
400,node67195771,11.0,b,,True,152.907348,-31.4656915,
401,node23220059,11.0,b,,True,152.916949,-31.4675311,
402,cn-cable3336350-t2,11.0,b,,True,152.920664,-31.4704252,
403,node71579238,11.0,b,,True,152.914981,-31.4680053,
404,cn-cable3336361-t2,11.0,b,,True,152.922037,-31.4691609,
405,node67196314,11.0,b,,True,152.907301,-31.4662506,
406,cn-cable3338661-t2,11.0,b,,True,152.905779,-31.4651718,
407,cn-cable3339124-t2,11.0,b,,True,152.912387,-31.4676186,
408,node141770964,11.0,b,,True,152.898704,-31.4664827,
409,cn-busbar355180-t2,11.0,b,,True,152.909524,-31.4664217,
410,node60264190,11.0,b,,True,152.893748,-31.4624338,
411,cubicle39448,11.0,b,,True,152.910998,-31.4673279,
412,cn-cable3338950-t2,11.0,b,,True,152.915312,-31.4666327,
413,node79493030,11.0,b,,True,152.921518,-31.4681632,
414,cn-cable3338930-t2,11.0,b,,True,152.915171,-31.4655908,
415,cn-cable3338215-t2,11.0,b,,True,152.911991,-31.4674079,
416,cubicle38012,11.0,b,,True,152.92129,-31.4694277,
417,cn-cable3338867-t2,11.0,b,,True,152.912357,-31.4659945,
418,cn-cable3338471-t2,11.0,b,,True,152.905906,-31.4661896,
419,cubicle40150,11.0,b,,True,152.915016,-31.465602,
420,cubicle44684,11.0,b,,True,152.915929,-31.4662681,
421,node24234571,11.0,b,,True,152.905833,-31.4652631,
422,node67193148,11.0,b,,True,152.914429,-31.4683752,
423,node71578941,11.0,b,,True,152.91497,-31.4660012,
424,cubicle68128,11.0,b,,True,152.922588,-31.4706028,
425,node65782500,11.0,b,,True,152.904709,-31.4646642,
426,cn-geo_schematic_cable27951-t2,11.0,b,,True,152.9124,-31.4676307,
427,node69876993,11.0,b,,True,152.911617,-31.4684963,
428,node69935872,11.0,b,,True,152.920879,-31.4708131,
429,cn-cable3338862-t2,11.0,b,,True,152.912147,-31.4666685,
430,node23167832,11.0,b,,True,152.897796,-31.466543,
431,cn-cable3338256-t2,11.0,b,,True,152.912277,-31.4686276,
432,cn-cable2727646-t2,11.0,b,,True,152.922601,-31.469615,
433,cn-cable3338213-t2,11.0,b,,True,152.912756,-31.4674851,
434,cubicle44051,11.0,b,,True,152.907343,-31.4660353,
435,cn-cable3731921-t2,11.0,b,,True,152.917742,-31.4685552,
436,cubicle43678,11.0,b,,True,152.914994,-31.4680003,
437,cubicle45569,11.0,b,,True,152.894141,-31.463231,
438,node57578110,11.0,b,,True,152.914658,-31.4667709,
439,cn-cable3246211-t1,11.0,b,,True,152.89561,-31.4621766,
440,cn-cable3338685-t2,11.0,b,,True,152.906768,-31.4652612,
441,node67193045,11.0,b,,True,152.914186,-31.4691174,
442,cn-cable2727648-t2,11.0,b,,True,152.922614,-31.4698165,
443,node36726543,11.0,b,,True,152.922026,-31.4684419,
444,node67196002,11.0,b,,True,152.905921,-31.4653383,
445,node23506966,11.0,b,,True,152.922335,-31.4684655,
446,node23378215,11.0,b,,True,152.919843,-31.4682646,
447,node22943741,11.0,b,,True,152.914462,-31.4674619,
448,node67193477,11.0,b,,True,152.917015,-31.4686626,
449,cubicle40584,11.0,b,,True,152.911387,-31.4673594,
450,cn-cable3338323-t2,11.0,b,,True,152.921661,-31.4680364,
451,node24046337,11.0,b,,True,152.905893,-31.4652836,
452,cubicle39241,11.0,b,,True,152.920724,-31.4717832,
453,cubicle48772,11.0,b,,True,152.904718,-31.4657575,
454,node79493008,11.0,b,,True,152.921539,-31.4681527,
455,cn-cable3338220-t2,11.0,b,,True,152.911045,-31.4672667,
456,cn-busbar254548-t2,11.0,b,,True,152.893651,-31.4661038,
457,cn-cable3339094-t2,11.0,b,,True,152.918326,-31.4682181,
458,node29539811,11.0,b,,True,152.900033,-31.4662794,
459,node74191979,11.0,b,,True,152.906778,-31.4663322,
460,cn-busbar254547-t1,11.0,b,,True,152.893651,-31.4661026,
461,cn-cable3338208-t2,11.0,b,,True,152.914693,-31.4678205,
462,node69876702,11.0,b,,True,152.911794,-31.4675998,
463,cn-cable4191430-t2,11.0,b,,True,152.920576,-31.4682003,
464,node71578957,11.0,b,,True,152.915193,-31.4656321,
465,cn-cable3304342-t1,11.0,b,,True,152.920857,-31.4685405,
466,node101116426,11.0,b,,True,152.922086,-31.4684897,
467,cubicle40276,11.0,b,,True,152.92214,-31.4694281,
468,cubicle49329,11.0,b,,True,152.914398,-31.4683934,
469,cn-geo_schematic_cable23103-t1,11.0,b,,True,152.92239,-31.4684282,
470,cn-cable3338146-t2,11.0,b,,True,152.916365,-31.4683537,
471,cn-cable3336364-t2,11.0,b,,True,152.922228,-31.469508,
472,node71578708,11.0,b,,True,152.91335,-31.4670396,
473,cn-cable3336325-t2,11.0,b,,True,152.920688,-31.4715355,
474,node67194544,11.0,b,,True,152.904869,-31.4650082,
475,node29539817,11.0,b,,True,152.899709,-31.4661267,
476,cn-cable3338320-t2,11.0,b,,True,152.921094,-31.4682255,
477,cn-cable3336329-t2,11.0,b,,True,152.920869,-31.4701245,
478,cn-geo_schematic_cable22959-t1,11.0,b,,True,152.922366,-31.4684306,
479,node59740715,11.0,b,,True,152.912386,-31.4676203,
480,cn-cable3338221-t2,11.0,b,,True,152.910991,-31.4673305,
481,cn-cable3338949-t2,11.0,b,,True,152.914709,-31.466728,
482,cn-geo_schematic_cable14329-t2,11.0,b,,True,152.914665,-31.466743,
483,cubicle44692,11.0,b,,True,152.914162,-31.4666162,
484,cn-cable3339033-t2,11.0,b,,True,152.917239,-31.4679729,
485,cn-cable3338286-t2,11.0,b,,True,152.920908,-31.4682012,
486,node59740701,11.0,b,,True,152.912414,-31.4676411,
487,node36726519,11.0,b,,True,152.921004,-31.4682923,
488,cubicle50485,11.0,b,,True,152.921826,-31.4701117,
489,cn-busbar251726-t1,11.0,b,,True,152.896035,-31.4674921,
490,cn-cable3338904-t2,11.0,b,,True,152.913634,-31.4665115,
491,node84144930,11.0,b,,True,152.919068,-31.4705694,
492,node67830839,11.0,b,,True,152.894091,-31.4625447,
493,node59739651,11.0,b,,True,152.91468,-31.466736,
494,cn-cable3368615-t2,11.0,b,,True,152.910034,-31.467653,
495,cn-cable3338171-t2,11.0,b,,True,152.916608,-31.4686265,
496,node67195730,11.0,b,,True,152.906813,-31.4651975,
497,node59740741,11.0,b,,True,152.912386,-31.4676407,
498,node67193541,11.0,b,,True,152.917673,-31.4686599,
499,cn-cable3338749-t2,11.0,b,,True,152.907353,-31.4663116,
500,cubicle45831,11.0,b,,True,152.915759,-31.4663986,
501,node69936246,11.0,b,,True,152.922184,-31.4694254,
502,cubicle41727,11.0,b,,True,152.910909,-31.46754,
503,node71578408,11.0,b,,True,152.913865,-31.4663557,
504,cn-cable3338170-t2,11.0,b,,True,152.916445,-31.4686531,
505,cubicle45116,11.0,b,,True,152.912833,-31.467564,
506,node84625697,11.0,b,,True,152.920827,-31.4693458,
507,node71578836,11.0,b,,True,152.91452,-31.4673045,
508,cn-cable3338156-t2,11.0,b,,True,152.917302,-31.4687467,
509,cn-cable3341617-t2,11.0,b,,True,152.894868,-31.4625692,
510,cn-geo_schematic_cable14365-t2,11.0,b,,True,152.905999,-31.4653206,
511,node74598346,11.0,b,,True,152.912417,-31.4676207,
512,cn-simulated103968671_324538-t1,11.0,b,,True,152.91839,-31.4680659,
513,cn-cable3338151-t2,11.0,b,,True,152.917334,-31.4684664,
514,cn-cable3338869-t2,11.0,b,,True,152.912516,-31.4660866,
515,cn-cable3338479-t2,11.0,b,,True,152.904915,-31.4652343,
516,cubicle36626,11.0,b,,True,152.907364,-31.4656925,
517,cn-cable3338150-t2,11.0,b,,True,152.91715,-31.4684624,
518,cn-busbar251718-t1,11.0,b,,True,152.893652,-31.466106,
519,cubicle69502,11.0,b,,True,152.904879,-31.4638217,
520,node69876900,11.0,b,,True,152.912467,-31.4676131,
521,node23086949,11.0,b,,True,152.912362,-31.4671727,
522,cn-cable1134809-t1,11.0,b,,True,152.912351,-31.4671489,
523,node69935273,11.0,b,,True,152.921634,-31.4729098,
524,node22951202,11.0,b,,True,152.914983,-31.4675423,
525,cn-cable3338253-t2,11.0,b,,True,152.912055,-31.4687134,
526,cn-cable2879802-t2,11.0,b,,True,152.920316,-31.4713595,
527,cn-busbar254955-t2,11.0,b,,True,152.919053,-31.4705821,
528,cn-cable3338921-t2,11.0,b,,True,152.914496,-31.4664068,
529,cubicle42428,11.0,b,,True,152.915858,-31.466042,
530,node35592335,11.0,b,,True,152.911573,-31.4662722,
531,cn-cable3336383-t2,11.0,b,,True,152.922143,-31.4701195,
532,cn-geo_schematic_cable380329-t1,11.0,b,,True,152.895608,-31.4649101,
533,cn-cable3338204-t2,11.0,b,,True,152.91419,-31.4687842,
534,cubicle39443,11.0,b,,True,152.913241,-31.4676597,
535,cubicle36749,11.0,b,,True,152.915359,-31.4666932,
536,node23196578,11.0,b,,True,152.904886,-31.462879,
537,node100121528,11.0,b,,True,152.917031,-31.467113,
538,cubicle44917,11.0,b,,True,152.920115,-31.4718128,
539,cn-cable3338948-t2,11.0,b,,True,152.914715,-31.4667364,
540,cubicle42556,11.0,b,,True,152.912366,-31.4667974,
541,cubicle41292,11.0,b,,True,152.915092,-31.4655769,
542,cn-cable3339126-t2,11.0,b,,True,152.912409,-31.4676189,
543,cn-cable1144520-t2,11.0,b,,True,152.914465,-31.4674532,
544,cn-cable3336359-t2,11.0,b,,True,152.921829,-31.4690921,
545,cubicle50477,11.0,b,,True,152.894118,-31.4625296,
546,cubicle49885,11.0,b,,True,152.905079,-31.4658496,
547,cn-cable2937658-t1,11.0,b,,True,152.904178,-31.4672275,
548,cn-cable3336327-t2,11.0,b,,True,152.920772,-31.4711244,
549,cn-cable3338224-t2,11.0,b,,True,152.91081,-31.4676028,
550,node67195950,11.0,b,,True,152.907851,-31.4664014,
551,cubicle33092,11.0,b,,True,152.894849,-31.4623445,
552,cn-busbar251725-t1,11.0,b,,True,152.896031,-31.4674923,
553,cn-cable3338745-t2,11.0,b,,True,152.907389,-31.4654381,
554,cn-cable3338155-t2,11.0,b,,True,152.917486,-31.468785,
555,node101118603,11.0,b,,True,152.911642,-31.4658949,
556,cn-busbar83739-t2,11.0,b,,True,152.92096,-31.4708798,
557,cubicle47193,11.0,b,,True,152.920938,-31.4708662,
558,cubicle41419,11.0,b,,True,152.922104,-31.4692467,
559,node22959534,11.0,b,,True,152.920852,-31.4685328,
560,cn-cable3338289-t2,11.0,b,,True,152.920803,-31.468245,
561,cn-cable2098867-t1,11.0,b,,True,152.89401,-31.4661166,
562,node67194656,11.0,b,,True,152.9048,-31.464137,
563,cn-cable3338878-t2,11.0,b,,True,152.912809,-31.4669206,
564,node103968618,11.0,b,,True,152.91839,-31.4680659,
565,cn-cable3336400-t2,11.0,b,,True,152.921483,-31.4714716,
566,cn-simulated24502843_202755-t2,11.0,b,,True,152.915972,-31.4676748,
567,node84625474,11.0,b,,True,152.915972,-31.4676748,
568,node29539471,11.0,b,,True,152.896173,-31.4619203,
569,cn-busbar254957-t2,11.0,b,,True,152.919035,-31.4706408,
570,cn-cable3336401-t2,11.0,b,,True,152.921687,-31.4714692,
571,node101119328,11.0,b,,True,152.917147,-31.4678866,
572,cubicle111148,11.0,b,,True,152.921517,-31.4681497,
573,cn-cable3338252-t2,11.0,b,,True,152.911657,-31.4686104,
574,cn-geo_schematic_cable22428-t2,11.0,b,,True,152.920946,-31.4708519,
575,cubicle33349,11.0,b,,True,152.914796,-31.4659653,
576,cn-busbar355168-t2,11.0,b,,True,152.909634,-31.4664037,
577,cn-geo_schematic_cable1790-t1,11.0,b,,True,152.909518,-31.4664394,
578,node57577381,11.0,b,,True,152.905983,-31.4653252,
579,cubicle36860,11.0,b,,True,152.915222,-31.4689497,
580,cn-cable3719711-t2,11.0,b,,True,152.92094,-31.4708563,
581,cubicle69500,11.0,b,,True,152.904743,-31.4644956,
582,node24056448,11.0,b,,True,152.896034,-31.4675056,
583,node67195290,11.0,b,,True,152.905412,-31.465996,
584,node67194685,11.0,b,,True,152.904685,-31.4649807,
585,cn-cable3338911-t2,11.0,b,,True,152.913221,-31.4661942,
586,cn-cable3339122-t2,11.0,b,,True,152.911985,-31.4683967,
587,cubicle47083,11.0,b,,True,152.921739,-31.4693041,
588,cn-cable3336743-t2,11.0,b,,True,152.92118,-31.4702162,
589,node69935461,11.0,b,,True,152.920673,-31.4721417,
590,cn-cable3338646-t2,11.0,b,,True,152.904773,-31.4649113,
591,node101116139,11.0,b,,True,152.920461,-31.468362,
592,cn-cable3339120-t2,11.0,b,,True,152.912477,-31.468039,
593,cubicle38311,11.0,b,,True,152.911365,-31.467521,
594,cn-cable3338283-t2,11.0,b,,True,152.920538,-31.4684501,
595,node67831068,11.0,b,,True,152.894853,-31.4623576,
596,cubicle34140,11.0,b,,True,152.905297,-31.4650717,
597,cn-busbar355169-t1,11.0,b,,True,152.909613,-31.4664215,
598,cn-cable3269445-t2,11.0,b,,True,152.920673,-31.4718816,
599,cn-cable3341622-t2,11.0,b,,True,152.894414,-31.4630606,
600,cn-cable3338324-t2,11.0,b,,True,152.922069,-31.4679324,
601,cubicle46978,11.0,b,,True,152.914964,-31.4660397,
602,node84142412,11.0,b,,True,152.89365,-31.4661027,
603,node67195431,11.0,b,,True,152.906125,-31.4654704,
604,node71578873,11.0,b,,True,152.91495,-31.4660335,
605,cn-cable3338958-t2,11.0,b,,True,152.915926,-31.4660144,
606,cn-cable3338996-t2,11.0,b,,True,152.915888,-31.4672411,
607,cn-cable3338476-t2,11.0,b,,True,152.905715,-31.4654762,
608,node69876850,11.0,b,,True,152.91091,-31.4679777,
609,node52761082,11.0,b,,True,152.920833,-31.4682695,
610,cn-cable3336351-t2,11.0,b,,True,152.920603,-31.4705971,
611,cubicle33460,11.0,b,,True,152.917014,-31.4686761,
612,cn-cable3336727-t2,11.0,b,,True,152.921564,-31.4712041,
613,cubicle34591,11.0,b,,True,152.9217,-31.4691409,
614,cn-busbar83731-t1,11.0,b,,True,152.92106,-31.4708667,
615,cn-cable3338281-t2,11.0,b,,True,152.913287,-31.4678963,
616,node83235274,11.0,b,,True,152.893653,-31.466106,
617,node36726511,11.0,b,,True,152.920625,-31.4682365,
618,node74192759,11.0,b,,True,152.894173,-31.4629275,
619,cn-simulated23030576_100934-t2,11.0,b,,True,152.922659,-31.4689657,
620,cn-cable2729610-t2,11.0,b,,True,152.922581,-31.4690666,
621,cn-cable3338877-t2,11.0,b,,True,152.913028,-31.4669188,
622,node67193367,11.0,b,,True,152.915621,-31.4684345,
623,cn-geo_schematic_cable36468-t1,11.0,b,,True,152.894173,-31.4632777,
624,node67194754,11.0,b,,True,152.905642,-31.4652008,
625,cubicle34596,11.0,b,,True,152.915071,-31.4673142,
626,node59740730,11.0,b,,True,152.912386,-31.4676305,
627,node101116406,11.0,b,,True,152.921941,-31.4685613,
628,cn-cable3341619-t2,11.0,b,,True,152.894556,-31.4626398,
629,cubicle42443,11.0,b,,True,152.914552,-31.4671192,
630,node84230727,11.0,b,,True,152.903827,-31.4678923,
631,cn-busbar87058-t2,11.0,b,,True,152.895529,-31.4649456,
632,cn-cable3338225-t2,11.0,b,,True,152.91074,-31.46777,
633,cubicle32899,11.0,b,,True,152.905257,-31.4650618,
634,cn-busbar83739-t1,11.0,b,,True,152.921011,-31.4708602,
635,node23319269,11.0,b,,True,152.911359,-31.4665022,
636,cubicle38030,11.0,b,,True,152.9222,-31.4712413,
637,cn-cable3338879-t2,11.0,b,,True,152.913686,-31.4670092,
638,cn-cable3338152-t2,11.0,b,,True,152.917581,-31.4684696,
639,node23065974,11.0,b,,True,152.908474,-31.4679194,
640,cn-geo_schematic_cable235928-t1,11.0,b,,True,152.915984,-31.4676635,
641,node173091586,11.0,b,,True,152.895489,-31.4649769,
642,cn-cable3338909-t2,11.0,b,,True,152.913164,-31.4663484,
643,node160200990,11.0,b,,True,152.920941,-31.470886,
644,cn-cable3336708-t2,11.0,b,,True,152.92109,-31.472463,
645,node23107373,11.0,b,,True,152.910198,-31.4668229,
646,node102516409,11.0,b,,True,152.921659,-31.4706079,
647,node58449856,11.0,b,,True,152.920938,-31.470866,
648,cn-cable3338747-t2,11.0,b,,True,152.907424,-31.4657947,
649,cn-busbar255626-t2,11.0,b,,True,152.903855,-31.4679028,
650,node102518697,11.0,b,,True,152.912905,-31.4669828,
651,node67193235,11.0,b,,True,152.915464,-31.4687954,
652,node57577382,11.0,b,,True,152.906004,-31.4653323,
653,cubicle49635,11.0,b,,True,152.912399,-31.4681971,
654,cn-geo_schematic_cable23100-t1,11.0,b,,True,152.922343,-31.4684329,
655,node60063851,11.0,b,,True,152.922025,-31.4730672,
656,node69877101,11.0,b,,True,152.912688,-31.4681489,
657,cn-cable3338684-t2,11.0,b,,True,152.906915,-31.4653849,
658,node73296175,11.0,b,,True,152.916577,-31.4670516,
659,cn-cable3338997-t2,11.0,b,,True,152.91599,-31.4667369,
660,node60264070,11.0,b,,True,152.893751,-31.4627859,
661,cn-cable3338486-t2,11.0,b,,True,152.904962,-31.4637486,
662,cn-cable3338991-t2,11.0,b,,True,152.916011,-31.4663457,
663,cubicle42859,11.0,b,,True,152.912302,-31.4685259,
664,node74192374,11.0,b,,True,152.906482,-31.4648916,
665,cn-cable3338154-t2,11.0,b,,True,152.917714,-31.4687427,
666,node29539482,11.0,b,,True,152.896635,-31.461799,
667,node65782830,11.0,b,,True,152.910918,-31.4679592,
668,node67830893,11.0,b,,True,152.894197,-31.4632727,
669,cubicle77075,11.0,b,,True,152.921434,-31.4683438,
670,cubicle47128,11.0,b,,True,152.921472,-31.4714699,
671,cubicle43670,11.0,b,,True,152.916645,-31.4684628,
672,node67193147,11.0,b,,True,152.91442,-31.4683888,
673,node23176244,11.0,b,,True,152.922332,-31.4686224,
674,cn-cable3338475-t2,11.0,b,,True,152.906044,-31.4656975,
675,cn-cable3338186-t2,11.0,b,,True,152.914572,-31.4685632,
676,node29539497,11.0,b,,True,152.89664,-31.4612687,
677,cubicle39696,11.0,b,,True,152.905655,-31.4653839,
678,cubicle111009,11.0,b,,True,152.921782,-31.4679835,
679,node69877060,11.0,b,,True,152.912234,-31.468566,
680,cn-cable3338668-t2,11.0,b,,True,152.906779,-31.4662592,
681,cubicle35740,11.0,b,,True,152.922075,-31.4700258,
682,cn-cable3261193-t2,11.0,b,,True,152.915968,-31.4676743,
683,cn-cable3338742-t2,11.0,b,,True,152.907275,-31.4652871,
684,node71578447,11.0,b,,True,152.914078,-31.4664238,
685,cn-cable1133130-t1,11.0,b,,True,152.91178,-31.4670577,
686,node84142372,11.0,b,,True,152.893648,-31.4661027,
687,cn-cable3338864-t2,11.0,b,,True,152.912203,-31.4661881,
688,node24039692,11.0,b,,True,152.92103,-31.4708527,
689,node59740028,11.0,b,,True,152.906016,-31.4653159,
690,cn-cable3338185-t2,11.0,b,,True,152.914873,-31.4682789,
691,cn-cable1228539-t1,11.0,b,,True,152.89603,-31.4626631,
692,cn-cable3338925-t2,11.0,b,,True,152.914785,-31.4658613,
693,cn-cable1188760-t1,11.0,b,,True,152.896792,-31.4645411,
694,node102516800,11.0,b,,True,152.914833,-31.4682067,
695,cn-cable3339098-t2,11.0,b,,True,152.911527,-31.4681743,
696,node67193128,11.0,b,,True,152.914473,-31.4685899,
697,node101117404,11.0,b,,True,152.904708,-31.464664,
698,cn-geo_schematic_cable233372-t1,11.0,b,,True,152.895603,-31.462179,
699,cubicle111147,11.0,b,,True,152.922031,-31.4680536,
700,cn-cable3336363-t2,11.0,b,,True,152.922016,-31.4694526,
701,cubicle34905,11.0,b,,True,152.911395,-31.4681702,
702,cubicle42569,11.0,b,,True,152.921168,-31.4701154,
703,cn-geo_schematic_cable14579-t1,11.0,b,,True,152.905999,-31.4653206,
704,cn-cable3338900-t2,11.0,b,,True,152.913903,-31.4670703,
705,node149685038,11.0,b,,True,152.920904,-31.4709499,
706,node23212106,11.0,b,,True,152.904729,-31.4636256,
707,cn-cable2122108-t1,11.0,b,,True,152.897304,-31.4609845,
708,node161553366,11.0,b,,True,152.909655,-31.4664214,
709,node69877027,11.0,b,,True,152.911959,-31.4686448,
710,cn-cable3338952-t2,11.0,b,,True,152.915693,-31.4665237,
711,node58449861,11.0,b,,True,152.920963,-31.4708563,
712,node69936106,11.0,b,,True,152.921333,-31.4697514,
713,cn-simulated22932783_101448-t1,11.0,b,,True,152.922342,-31.4686192,
714,node69935742,11.0,b,,True,152.920937,-31.4708676,
715,cubicle48208,11.0,b,,True,152.913175,-31.4663463,
716,cn-cable3338487-t2,11.0,b,,True,152.904929,-31.4639163,
717,node60063841,11.0,b,,True,152.922028,-31.4730532,
718,cn-cable3336324-t2,11.0,b,,True,152.920875,-31.4714468,
719,cn-cable3295685-t1,11.0,b,,True,152.915975,-31.4676754,
720,cubicle41403,11.0,b,,True,152.916253,-31.4683939,
721,cubicle44426,11.0,b,,True,152.894324,-31.4630866,
722,cn-geo_schematic_cable1685-t2,11.0,b,,True,152.905995,-31.4653294,
723,cn-cable3338343-t2,11.0,b,,True,152.922012,-31.4686541,
724,cn-cable3338927-t2,11.0,b,,True,152.91496,-31.4655674,
725,cn-cable3341629-t2,11.0,b,,True,152.89414,-31.4632414,
726,cubicle38771,11.0,b,,True,152.894282,-31.4633082,
727,cubicle33467,11.0,b,,True,152.914179,-31.4691294,
728,cn-cable3338218-t2,11.0,b,,True,152.911512,-31.4673188,
729,cn-cable3338141-t2,11.0,b,,True,152.915381,-31.4681812,
730,cubicle45380,11.0,b,,True,152.904473,-31.465894,
731,node67193282,11.0,b,,True,152.915244,-31.4689492,
732,node33911479,11.0,b,,True,152.903934,-31.4676733,
733,node79493025,11.0,b,,True,152.921519,-31.4681507,
734,node23398575,11.0,b,,True,152.896032,-31.4626718,
735,cubicle43784,11.0,b,,True,152.920295,-31.4714645,
736,cn-geo_schematic_cable25609-t2,11.0,b,,True,152.895619,-31.4649391,
737,cn-cable3338647-t2,11.0,b,,True,152.905193,-31.4649821,
738,node84142381,11.0,b,,True,152.89365,-31.4661061,
739,node22985154,11.0,b,,True,152.921265,-31.471515,
740,cubicle37174,11.0,b,,True,152.9127,-31.4681581,
741,cubicle42924,11.0,b,,True,152.907146,-31.4660068,
742,node71579002,11.0,b,,True,152.9158,-31.4660416,
743,cn-busbar354650-t2,11.0,b,,True,152.914746,-31.4667871,
744,cn-cable1230482-t1,11.0,b,,True,152.922693,-31.4700954,
745,cn-cable1219505-t2,11.0,b,,True,152.895606,-31.4621773,
746,cn-cable3338466-t2,11.0,b,,True,152.905027,-31.4657604,
747,cn-cable3338876-t2,11.0,b,,True,152.913476,-31.4669859,
748,cn-busbar85063-t2,11.0,b,,True,152.905863,-31.4652733,
749,cn-cable3338938-t2,11.0,b,,True,152.91473,-31.466698,
750,cn-cable3338287-t2,11.0,b,,True,152.920762,-31.4682393,
751,cn-cable3336355-t2,11.0,b,,True,152.921122,-31.4696365,
752,cn-cable3338682-t2,11.0,b,,True,152.907103,-31.4657173,
753,cn-cable3338854-t2,11.0,b,,True,152.911653,-31.4663659,
754,node57577378,11.0,b,,True,152.905996,-31.4652987,
755,node57577398,11.0,b,,True,152.905987,-31.4653164,
756,cn-cable3269446-t2,11.0,b,,True,152.920842,-31.4717912,
757,node67830826,11.0,b,,True,152.894118,-31.4625419,
758,cn-cable1155376-t1,11.0,b,,True,152.895961,-31.4663873,
759,cn-busbar254943-t1,11.0,b,,True,152.919035,-31.4706408,
760,cn-cable2727645-t2,11.0,b,,True,152.922609,-31.4701676,
761,node23167833,11.0,b,,True,152.896828,-31.4664999,
762,node161553372,11.0,b,,True,152.909675,-31.4664214,
763,node70366883,11.0,b,,True,152.915957,-31.4676811,
764,cn-cable3338922-t2,11.0,b,,True,152.914607,-31.466305,
765,cubicle41398,11.0,b,,True,152.918529,-31.4682763,
766,node71578696,11.0,b,,True,152.912876,-31.4669786,
767,cn-cable3338955-t2,11.0,b,,True,152.915743,-31.465977,
768,cn-cable3338917-t2,11.0,b,,True,152.913822,-31.4663243,
769,cubicle34708,11.0,b,,True,152.920858,-31.4706341,
770,node59607026,11.0,b,,True,152.895602,-31.4649331,
771,node84338613,11.0,b,,True,152.918999,-31.4706014,
772,cn-cable3338202-t2,11.0,b,,True,152.91423,-31.4686271,
773,node69935978,11.0,b,,True,152.921599,-31.4700204,
774,cn-cable3336358-t2,11.0,b,,True,152.921404,-31.4691721,
775,cn-cable3338905-t2,11.0,b,,True,152.913847,-31.4665717,
776,cn-cable3341620-t2,11.0,b,,True,152.894343,-31.4627358,
777,cn-cable3338474-t2,11.0,b,,True,152.905889,-31.465585,
778,cn-cable3338212-t2,11.0,b,,True,152.912572,-31.4674417,
779,node101117485,11.0,b,,True,152.905769,-31.4657135,
780,cn-cable3339125-t2,11.0,b,,True,152.911877,-31.4676857,
781,cn-cable3255752-t2,11.0,b,,True,152.920675,-31.468652,
782,node69935305,11.0,b,,True,152.920713,-31.4721921,
783,cn-cable3336712-t2,11.0,b,,True,152.921643,-31.4720792,
784,node69936372,11.0,b,,True,152.912529,-31.4661908,
785,cn-busbar255620-t2,11.0,b,,True,152.903868,-31.4678904,
786,node84142413,11.0,b,,True,152.89365,-31.4661039,
787,cn-cable3338478-t2,11.0,b,,True,152.905134,-31.4652717,
788,node84230717,11.0,b,,True,152.903841,-31.4678917,
789,cn-busbar85067-t1,11.0,b,,True,152.905846,-31.4653089,
790,cn-cable3338178-t2,11.0,b,,True,152.915526,-31.4688834,
791,cn-cable3246217-t2,11.0,b,,True,152.895603,-31.462179,
792,cn-cable3338345-t2,11.0,b,,True,152.921395,-31.4686148,
793,node67194728,11.0,b,,True,152.905299,-31.4650864,
794,cn-busbar254543-t2,11.0,b,,True,152.893652,-31.466106,
795,node69876775,11.0,b,,True,152.910993,-31.4673792,
796,cn-cable3336729-t2,11.0,b,,True,152.920955,-31.4708875,
797,node23232416,11.0,b,,True,152.895956,-31.4663798,
798,cn-cable3338990-t2,11.0,b,,True,152.91602,-31.466513,
799,cubicle34229,11.0,b,,True,152.894712,-31.4631494,
800,node67195367,11.0,b,,True,152.905748,-31.4661841,
801,cn-cable1169914-t1,11.0,b,,True,152.910034,-31.467653,
802,cubicle36297,11.0,b,,True,152.904872,-31.4649949,
803,node59607016,11.0,b,,True,152.895629,-31.4649257,
804,cubicle50462,11.0,b,,True,152.914458,-31.4674796,
805,cn-geo_schematic_cable1861-t2,11.0,b,,True,152.907356,-31.4663038,
806,cn-geo_schematic_cable1690-t1,11.0,b,,True,152.905991,-31.4653382,
807,node84338465,11.0,b,,True,152.919044,-31.4706313,
808,node102515290,11.0,b,,True,152.914719,-31.4667239,
809,cn-cable3338859-t2,11.0,b,,True,152.911811,-31.4656011,
810,cubicle39191,11.0,b,,True,152.921459,-31.4727988,
811,cn-cable3336357-t2,11.0,b,,True,152.921272,-31.4692949,
812,cn-cable3338923-t2,11.0,b,,True,152.914618,-31.4663057,
813,cn-cable4304011-t1,11.0,b,,True,152.920849,-31.4685414,
814,cubicle38307,11.0,b,,True,152.91266,-31.4676916,
815,node84625716,11.0,b,,True,152.920596,-31.4692746,
816,node161553383,11.0,b,,True,152.909655,-31.4664569,
817,node84281775,11.0,b,,True,152.895605,-31.4621779,
818,node67193624,11.0,b,,True,152.918544,-31.4682765,
819,node29539535,11.0,b,,True,152.896387,-31.4623792,
820,cn-cable3338744-t2,11.0,b,,True,152.90713,-31.4651596,
821,node69935372,11.0,b,,True,152.921568,-31.4722963,
822,cn-geo_schematic_cable25609-t1,11.0,b,,True,152.895621,-31.4649457,
823,node23198147,11.0,b,,True,152.895865,-31.4616425,
824,node74192361,11.0,b,,True,152.905948,-31.4653545,
825,cn-cable3339677-t2,11.0,b,,True,152.921442,-31.4679913,
826,cn-cable3338226-t2,11.0,b,,True,152.910786,-31.4678471,
827,node74891588,11.0,b,,True,152.895587,-31.4649578,
828,node69935313,11.0,b,,True,152.92187,-31.4730135,
829,cn-cable3341611-t2,11.0,b,,True,152.894294,-31.4624288,
830,cn-busbar254549-t2,11.0,b,,True,152.893651,-31.4661026,
831,cn-busbar88081-t1,11.0,b,,True,152.914746,-31.4667871,
832,cn-cable1115303-t1,11.0,b,,True,152.915975,-31.4676754,
833,cn-geo_schematic_cable22433-t2,11.0,b,,True,152.920941,-31.4708425,
834,node79636605,11.0,b,,True,152.921534,-31.4683737,
835,node101117387,11.0,b,,True,152.904732,-31.4644755,
836,cubicle45120,11.0,b,,True,152.912397,-31.4676132,
837,node57578118,11.0,b,,True,152.914653,-31.4667406,
838,node156687033,11.0,b,,True,152.914758,-31.4663942,
839,cn-geo_schematic_cable23107-t1,11.0,b,,True,152.922355,-31.4684318,
840,cn-simulated23015020_203086-t1,11.0,b,,True,152.895606,-31.4621773,
841,cn-cable1151657-t2,11.0,b,,True,152.920985,-31.4687973,
842,node33409252,11.0,b,,True,152.893999,-31.4661162,
843,node71579209,11.0,b,,True,152.915782,-31.4673429,
844,cubicle50469,11.0,b,,True,152.91456,-31.468451,
845,cn-cable3339592-t2,11.0,b,,True,152.914352,-31.4675273,
846,cn-cable3338465-t2,11.0,b,,True,152.904822,-31.4657163,
847,cn-busbar87858-t2,11.0,b,,True,152.922343,-31.4684329,
848,cubicle37179,11.0,b,,True,152.910933,-31.4679629,
849,cn-simulated71243238_1841189-t2,11.0,b,,True,152.895596,-31.4621629,
850,cubicle48240,11.0,b,,True,152.921791,-31.4713831,
851,cn-cable1218152-t1,11.0,b,,True,152.903356,-31.4671235,
852,cn-cable3338158-t2,11.0,b,,True,152.916907,-31.4687237,
853,cubicle37764,11.0,b,,True,152.907354,-31.465532,
854,cn-cable3338903-t2,11.0,b,,True,152.914045,-31.4666374,
855,node161553384,11.0,b,,True,152.909675,-31.4664568,
856,cn-cable3338214-t2,11.0,b,,True,152.912937,-31.4675276,
857,cubicle34619,11.0,b,,True,152.921155,-31.4697341,
858,node67194584,11.0,b,,True,152.905015,-31.4630789,
859,cn-cable1142178-t2,11.0,b,,True,152.922638,-31.4685013,
860,cubicle111007,11.0,b,,True,152.921514,-31.4680013,
861,node57578180,11.0,b,,True,152.907347,-31.4663188,
862,cn-cable3338951-t2,11.0,b,,True,152.915455,-31.4665573,
863,cn-cable3338089-t2,11.0,b,,True,152.915024,-31.4678786,
864,node67193326,11.0,b,,True,152.916167,-31.4685306,
865,cubicle39028,11.0,b,,True,152.914279,-31.4664834,
866,cubicle37985,11.0,b,,True,152.920968,-31.4687653,
867,cn-busbar85071-t1,11.0,b,,True,152.905914,-31.4653116,
868,cn-cable3255754-t2,11.0,b,,True,152.922595,-31.4702709,
869,node29539599,11.0,b,,True,152.896835,-31.4628479,
870,node74891570,11.0,b,,True,152.895597,-31.4649835,
871,node35592773,11.0,b,,True,152.911245,-31.4669782,
872,cubicle33464,11.0,b,,True,152.913345,-31.4661849,
873,node73296155,11.0,b,,True,152.915973,-31.467675,
874,cn-cable3338686-t2,11.0,b,,True,152.906638,-31.4651333,
875,cn-cable3338743-t2,11.0,b,,True,152.906972,-31.4650359,
876,node141207713,11.0,b,,True,152.898278,-31.4665638,
877,node83235362,11.0,b,,True,152.896035,-31.4674908,
878,cn-simulated23398575_99463-t2,11.0,b,,True,152.896792,-31.4645411,
879,cn-cable3338944-t2,11.0,b,,True,152.915568,-31.4671908,
880,cubicle37892,11.0,b,,True,152.913834,-31.4671045,
881,cn-cable2865574-t2,11.0,b,,True,152.91178,-31.4670577,
882,cn-hv_feeder13550-source-t1,11.0,b,,True,152.897304,-31.4609845,
883,cn-simulated22943741_144044-t2,11.0,b,,True,152.914465,-31.4674532,
884,node67195160,11.0,b,,True,152.904502,-31.4657072,
885,cn-cable3338901-t2,11.0,b,,True,152.914313,-31.4670028,
886,node58449853,11.0,b,,True,152.920933,-31.4708567,
887,cn-cable3397178-t1,11.0,b,,True,152.919832,-31.4682633,
888,cubicle50467,11.0,b,,True,152.91234,-31.4660617,
889,cn-cable1108327-t2,11.0,b,,True,152.904229,-31.4661977,
890,cubicle42552,11.0,b,,True,152.914275,-31.4687228,
891,cn-cable2122107-t2,11.0,b,,True,152.908322,-31.4682887,
892,cn-simulated23427399_210792-t1,11.0,b,,True,152.904518,-31.4626351,
893,cn-simulated84625474_202755-t1,11.0,b,,True,152.915972,-31.4676748,
894,cn-geo_schematic_cable27949-t1,11.0,b,,True,152.912399,-31.4676613,
895,node29539621,11.0,b,,True,152.896664,-31.4620643,
896,cubicle40392,11.0,b,,True,152.920821,-31.4722971,
897,cubicle46265,11.0,b,,True,152.91264,-31.4675187,
898,node22943850,11.0,b,,True,152.922605,-31.4705887,
899,cn-cable3339035-t2,11.0,b,,True,152.917039,-31.4679421,
900,cn-cable3336366-t2,11.0,b,,True,152.921689,-31.4698413,
901,cn-cable3338340-t2,11.0,b,,True,152.921824,-31.4686239,
902,cn-cable3338219-t2,11.0,b,,True,152.911279,-31.4672837,
903,cn-geo_schematic_cable36501-t2,11.0,b,,True,152.89418,-31.4632946,
904,cn-cable3341626-t2,11.0,b,,True,152.894631,-31.4633193,
905,cn-simulated22959534_100929-t2,11.0,b,,True,152.920857,-31.4685405,
906,cn-cable3338741-t2,11.0,b,,True,152.906697,-31.4647777,
907,node161553359,11.0,b,,True,152.909655,-31.4664037,
908,cn-cable3339032-t2,11.0,b,,True,152.917439,-31.4680037,
909,cn-busbar84114-t2,11.0,b,,True,152.912399,-31.4676613,
910,node58449867,11.0,b,,True,152.92096,-31.4708798,
911,cn-cable3338280-t2,11.0,b,,True,152.913012,-31.4678349,
912,node65782807,11.0,b,,True,152.911009,-31.4677418,
913,cn-busbar251727-t1,11.0,b,,True,152.896033,-31.4674971,
914,cubicle50472,11.0,b,,True,152.912909,-31.4669605,
915,cn-cable3336742-t2,11.0,b,,True,152.921068,-31.4703777,
916,node58449876,11.0,b,,True,152.920958,-31.4708469,
917,node24071491,11.0,b,,True,152.922329,-31.4683293,
918,node71579058,11.0,b,,True,152.915914,-31.4662704,
919,node84142367,11.0,b,,True,152.893653,-31.4661025,
920,node24502843,11.0,b,,True,152.915972,-31.4676748,
921,cn-cable3338946-t2,11.0,b,,True,152.915598,-31.4670417,
922,cn-cable3338177-t2,11.0,b,,True,152.915734,-31.4685281,
923,cn-cable3771699-t2,11.0,b,,True,152.922019,-31.4679144,
924,cn-cable3339123-t2,11.0,b,,True,152.912534,-31.467722,
925,node67195764,11.0,b,,True,152.907107,-31.4654354,
926,cubicle45948,11.0,b,,True,152.912435,-31.4664598,
927,node69935634,11.0,b,,True,152.92028,-31.4714702,
928,cn-cable3338666-t2,11.0,b,,True,152.906568,-31.4659318,
929,cn-geo_schematic_cable22429-t1,11.0,b,,True,152.92096,-31.4708798,
930,cn-cable3338327-t2,11.0,b,,True,152.92295,-31.469417,
931,cn-cable3338993-t2,11.0,b,,True,152.915945,-31.4666355,
932,cn-geo_schematic_cable196969-t1,11.0,b,,True,152.921537,-31.4681647,
933,cn-cable3339128-t2,11.0,b,,True,152.911469,-31.4675982,
934,cn-simulated23176244_40735-t2,11.0,b,,True,152.922329,-31.4686136,
935,cn-cable3336365-t2,11.0,b,,True,152.922099,-31.4699545,
936,cn-cable3338924-t2,11.0,b,,True,152.91469,-31.4660149,
937,cn-busbar355176-t1,11.0,b,,True,152.909613,-31.466457,
938,cn-cable3339044-t2,11.0,b,,True,152.915666,-31.4655364,
939,cn-cable3589940-t2,11.0,b,,True,152.921522,-31.4681603,
940,cn-cable3338184-t2,11.0,b,,True,152.915292,-31.4685509,
941,cn-cable3255757-t2,11.0,b,,True,152.91644,-31.4678496,
942,cn-cable3338142-t2,11.0,b,,True,152.915583,-31.4682161,
943,node36726501,11.0,b,,True,152.920603,-31.4682323,
944,cn-busbar355167-t2,11.0,b,,True,152.909613,-31.4664215,
945,node71579033,11.0,b,,True,152.915774,-31.4660456,
946,node74598367,11.0,b,,True,152.912475,-31.4679288,
947,cn-cable3338206-t2,11.0,b,,True,152.914522,-31.4681752,
948,cn-cable2122108-t2,11.0,b,,True,152.89587,-31.4616346,
949,cn-busbar83733-t2,11.0,b,,True,152.921011,-31.4708602,
950,cubicle42854,11.0,b,,True,152.911817,-31.4674506,
951,cubicle33471,11.0,b,,True,152.912196,-31.4667672,
952,cn-busbar85064-t1,11.0,b,,True,152.905863,-31.4652733,
953,cn-busbar355175-t2,11.0,b,,True,152.909634,-31.4664392,
954,node59740704,11.0,b,,True,152.912414,-31.4676309,
955,cn-geo_schematic_cable235928-t2,11.0,b,,True,152.915975,-31.4676754,
956,cn-geo_schematic_cable23105-t2,11.0,b,,True,152.92239,-31.4684282,
957,node29539793,11.0,b,,True,152.901546,-31.4666928,
958,cn-simulated70361087_648891-t2,11.0,b,,True,152.915981,-31.4676849,
959,cn-cable3338176-t2,11.0,b,,True,152.916111,-31.4685392,
960,cn-cable3338258-t2,11.0,b,,True,152.912675,-31.4682676,
961,node57578187,11.0,b,,True,152.90738,-31.4663214,
962,cn-cable3336389-t2,11.0,b,,True,152.921393,-31.4715593,
963,node23121435,11.0,b,,True,152.912345,-31.4671415,
964,cubicle35711,11.0,b,,True,152.920849,-31.4688676,
965,cn-cable3339031-t2,11.0,b,,True,152.917642,-31.4680351,
966,cn-geo_schematic_cable27941-t1,11.0,b,,True,152.9124,-31.4676307,
967,node173091624,11.0,b,,True,152.895599,-31.4649235,
968,cn-cable3977142-t2,11.0,b,,True,152.920898,-31.4722884,
969,cn-geo_schematic_cable36502-t2,11.0,b,,True,152.894173,-31.4632777,
970,cn-geo_schematic_cable196966-t2,11.0,b,,True,152.921537,-31.4681647,
971,cn-geo_schematic_cable380327-t2,11.0,b,,True,152.895612,-31.4649198,
972,cubicle45981,11.0,b,,True,152.921795,-31.4706225,
973,cn-cable3338941-t2,11.0,b,,True,152.914594,-31.4672211,
974,cn-cable3338205-t2,11.0,b,,True,152.914291,-31.4684476,
975,cn-cable3338222-t2,11.0,b,,True,152.910977,-31.4673646,
976,cn-cable3338932-t2,11.0,b,,True,152.915293,-31.4656528,
977,cn-cable3977132-t2,11.0,b,,True,152.904681,-31.4656979,
978,cn-cable3341614-t2,11.0,b,,True,152.894935,-31.4622644,
979,cn-cable3338926-t2,11.0,b,,True,152.914881,-31.4657172,
980,node57578127,11.0,b,,True,152.91465,-31.4667499,
981,node61343056,11.0,b,,True,152.922346,-31.4677386,
982,cn-cable3338148-t2,11.0,b,,True,152.91695,-31.4684469,
983,cn-simulated23058287_112903-t2,11.0,b,,True,152.89401,-31.4661166,
984,node67193623,11.0,b,,True,152.918584,-31.4683116,
985,cn-cable3338947-t2,11.0,b,,True,152.915585,-31.4668823,
986,cn-busbar85068-t2,11.0,b,,True,152.905846,-31.4653089,
987,cn-cable3338871-t2,11.0,b,,True,152.912485,-31.4665555,
988,cn-cable3338992-t2,11.0,b,,True,152.91595,-31.4665996,
989,cn-busbar85065-t2,11.0,b,,True,152.905914,-31.4653116,
990,node24039677,11.0,b,,True,152.921041,-31.4708742,
991,cn-cable3338648-t2,11.0,b,,True,152.904974,-31.4649512,
992,cn-geo_schematic_cable25610-t2,11.0,b,,True,152.895616,-31.4649294,
993,cn-cable3336713-t2,11.0,b,,True,152.921677,-31.4722299,
994,node65782938,11.0,b,,True,152.912935,-31.4677421,
995,cn-cable3517570-t2,11.0,b,,True,152.919832,-31.4682633,
996,node69935403,11.0,b,,True,152.921545,-31.4720988,
997,cn-geo_schematic_cable34386-t2,11.0,b,,True,152.922274,-31.4712154,
998,cubicle41966,11.0,b,,True,152.906286,-31.4660827,
999,cn-geo_schematic_cable14585-t1,11.0,b,,True,152.914668,-31.4667337,
1000,cn-cable3338207-t2,11.0,b,,True,152.914731,-31.468005,
1001,cn-cable1236610-t1,11.0,b,,True,152.907991,-31.4678585,
1002,cn-cable3339091-t2,11.0,b,,True,152.91727,-31.4670907,
1003,node29539799,11.0,b,,True,152.900928,-31.4666204,
1004,cn-cable3338159-t2,11.0,b,,True,152.916703,-31.4686972,
1005,node71578394,11.0,b,,True,152.913199,-31.4663653,
1006,cubicle37426,11.0,b,,True,152.905821,-31.4652695,
1007,cn-geo_schematic_cable14367-t2,11.0,b,,True,152.906004,-31.4653117,
1008,cn-cable3517710-t2,11.0,b,,True,152.903356,-31.4671235,
1009,cn-cable3339037-t2,11.0,b,,True,152.91664,-31.4678804,
1010,cn-cable3269442-t2,11.0,b,,True,152.921209,-31.471627,
1011,cn-cable3713958-t2,11.0,b,,True,152.922078,-31.4683339,
1012,node74598356,11.0,b,,True,152.912439,-31.4675348,
1013,cn-geo_schematic_cable36510-t2,11.0,b,,True,152.89377,-31.4624034,
1014,cubicle47094,11.0,b,,True,152.914847,-31.4682258,
1015,cubicle37885,11.0,b,,True,152.91516,-31.4655896,
1016,node24039686,11.0,b,,True,152.92108,-31.4708592,
1017,node60063905,11.0,b,,True,152.922277,-31.4712016,
1018,node70361087,11.0,b,,True,152.915981,-31.4676849,
1019,cn-cable3246213-t2,11.0,b,,True,152.89561,-31.4621766,
1020,cn-cable3338910-t2,11.0,b,,True,152.913091,-31.4662835,
1021,cn-cable3336744-t2,11.0,b,,True,152.921423,-31.470042,
1022,cn-cable3339095-t2,11.0,b,,True,152.918436,-31.4682891,
1023,node23398576,11.0,b,,True,152.895667,-31.4649455,
1024,node84338536,11.0,b,,True,152.919017,-31.4706598,
1025,node31975399,11.0,b,,True,152.904991,-31.4632411,
1026,cn-cable3341625-t2,11.0,b,,True,152.894735,-31.4633268,
1027,cn-simulated34701112_113872-t1,11.0,b,,True,152.89587,-31.4616346,
1028,node161553407,11.0,b,,True,152.909593,-31.466457,
1029,cn-cable3338250-t2,11.0,b,,True,152.911163,-31.468318,
1030,cubicle45191,11.0,b,,True,152.907345,-31.4663173,
1031,node23427399,11.0,b,,True,152.904518,-31.4626351,
1032,cn-cable3338477-t2,11.0,b,,True,152.905527,-31.4653943,
1033,cn-cable3338321-t2,11.0,b,,True,152.921384,-31.4682719,
1034,cn-geo_schematic_cable25607-t1,11.0,b,,True,152.895619,-31.4649391,
1035,cn-simulated23032596_100931-t2,11.0,b,,True,152.916343,-31.4677726,
1036,cn-cable3336386-t2,11.0,b,,True,152.922058,-31.4710537,
1037,node29539787,11.0,b,,True,152.899674,-31.4665405,
1038,cn-geo_schematic_cable1840-t2,11.0,b,,True,152.91467,-31.4667244,
1039,cn-busbar355177-t2,11.0,b,,True,152.909572,-31.4664393,
1040,cn-cable3338251-t2,11.0,b,,True,152.911493,-31.4685046,
1041,cn-cable3256247-t2,11.0,b,,True,152.922447,-31.4687158,
1042,node151251899,11.0,b,,True,152.914561,-31.4667554,
1043,cn-cable1219300-t1,11.0,b,,True,152.92193,-31.4685611,
1044,node74192384,11.0,b,,True,152.906113,-31.4652451,
1045,cn-cable3342932-t2,11.0,b,,True,152.91172,-31.4653053,
1046,cn-cable3338472-t2,11.0,b,,True,152.90621,-31.4662107,
1047,cubicle50566,11.0,b,,True,152.920956,-31.4704179,
1048,cubicle41441,11.0,b,,True,152.921683,-31.4712307,
1049,cn-cable3338683-t2,11.0,b,,True,152.907091,-31.4655455,
1050,cn-cable1152508-t2,11.0,b,,True,152.922605,-31.4705887,
1051,node24068798,11.0,b,,True,152.914802,-31.4667975,
1052,cn-cable3341613-t2,11.0,b,,True,152.894728,-31.4623112,
1053,cn-busbar254971-t2,11.0,b,,True,152.918991,-31.4706109,
1054,cn-geo_schematic_cable235942-t2,11.0,b,,True,152.915984,-31.4676635,
1055,cn-cable1201724-t2,11.0,b,,True,152.900198,-31.4670792,
1056,node84281688,11.0,b,,True,152.895608,-31.4621771,
1057,node60264076,11.0,b,,True,152.894179,-31.4632651,
1058,cn-cable3338920-t2,11.0,b,,True,152.914,-31.4663218,
1059,cubicle40579,11.0,b,,True,152.913162,-31.4678096,
1060,cn-busbar87095-t2,11.0,b,,True,152.896037,-31.4675054,
1061,cn-cable3339036-t2,11.0,b,,True,152.916839,-31.4679112,
1062,cn-cable3339041-t2,11.0,b,,True,152.915163,-31.4676525,
1063,cn-cable3338863-t2,11.0,b,,True,152.912182,-31.4664961,
1064,cn-cable3336402-t2,11.0,b,,True,152.921953,-31.4714111,
1065,node67195932,11.0,b,,True,152.907773,-31.466393,
1066,cubicle36743,11.0,b,,True,152.915207,-31.4656251,
1067,node67195187,11.0,b,,True,152.904893,-31.4658103,
1068,cn-geo_schematic_cable27942-t2,11.0,b,,True,152.9124,-31.4676205,
1069,cn-cable3338181-t2,11.0,b,,True,152.915252,-31.4690406,
1070,cn-busbar251716-t2,11.0,b,,True,152.89365,-31.4661073,
1071,cn-cable3338179-t2,11.0,b,,True,152.915568,-31.4687194,
1072,cn-busbar251728-t1,11.0,b,,True,152.896034,-31.4675007,
1073,cn-cable3339048-t2,11.0,b,,True,152.91638,-31.4670637,
1074,node57577377,11.0,b,,True,152.906024,-31.4652982,
1075,cn-cable3338174-t2,11.0,b,,True,152.91599,-31.4685731,
1076,cn-cable3336714-t2,11.0,b,,True,152.921606,-31.4724037,
1077,cn-cable3338255-t2,11.0,b,,True,152.912412,-31.4685098,
1078,cn-cable3338943-t2,11.0,b,,True,152.915168,-31.4672905,
1079,cn-cable3336328-t2,11.0,b,,True,152.92069,-31.4709704,
1080,cn-geo_schematic_cable233327-t1,11.0,b,,True,152.89561,-31.4621766,
1081,cn-cable3338855-t2,11.0,b,,True,152.911366,-31.4664672,
1082,cn-cable3338998-t2,11.0,b,,True,152.915843,-31.4674028,
1083,cn-cable1508102-t1,11.0,b,,True,152.901546,-31.4666928,
1084,node71243238,11.0,b,,True,152.895596,-31.4621629,
1085,cn-cable1159589-t2,11.0,b,,True,152.919092,-31.467863,
1086,cn-busbar87086-t1,11.0,b,,True,152.896034,-31.4675042,
1087,cn-cable3338210-t2,11.0,b,,True,152.913157,-31.4675792,
1088,cn-cable3339097-t2,11.0,b,,True,152.911332,-31.4680778,
1089,node69876732,11.0,b,,True,152.911368,-31.4675077,
1090,cubicle36841,11.0,b,,True,152.921065,-31.468706,
1091,cn-cable3338956-t2,11.0,b,,True,152.91581,-31.4660247,
1092,cn-cable3339671-t2,11.0,b,,True,152.918824,-31.4682177,
1093,cn-cable1194928-t2,11.0,b,,True,152.920842,-31.468948,
1094,cn-cable3338228-t2,11.0,b,,True,152.910777,-31.4681492,
1095,node57578109,11.0,b,,True,152.914673,-31.4667639,
1096,cn-simulated74092492_199824-t1,11.0,b,,True,152.897784,-31.4666787,
1097,cn-cable3338915-t2,11.0,b,,True,152.913492,-31.466187,
1098,cn-cable3338189-t2,11.0,b,,True,152.914471,-31.4689239,
1099,cn-cable3336741-t2,11.0,b,,True,152.920949,-31.4705499,
1100,cn-cable3338660-t2,11.0,b,,True,152.905606,-31.4650968,
1101,node29539518,11.0,b,,True,152.896532,-31.4628974,
1102,cn-cable3336728-t2,11.0,b,,True,152.920948,-31.4708722,
1103,cubicle47979,11.0,b,,True,152.906853,-31.4650101,
1104,cn-geo_schematic_cable22427-t1,11.0,b,,True,152.920951,-31.4708611,
1105,node67194756,11.0,b,,True,152.905757,-31.465252,
1106,cn-cable1191398-t2,11.0,b,,True,152.921181,-31.46868,
1107,cn-cable3336726-t2,11.0,b,,True,152.921798,-31.4711394,
1108,cn-cable1236611-t2,11.0,b,,True,152.909215,-31.4680196,
1109,cn-cable3336710-t2,11.0,b,,True,152.921558,-31.4720249,
1110,cn-cable1224849-t2,11.0,b,,True,152.897784,-31.4666787,
1111,cn-cable3338687-t2,11.0,b,,True,152.9065,-31.4650016,
1112,cn-cable3338907-t2,11.0,b,,True,152.913207,-31.4664618,
1113,cn-geo_schematic_cable22431-t1,11.0,b,,True,152.920941,-31.4708425,
1114,cn-geo_schematic_cable14368-t1,11.0,b,,True,152.906012,-31.4652941,
1115,cn-cable3338153-t2,11.0,b,,True,152.917699,-31.4686339,
1116,cn-cable3336384-t2,11.0,b,,True,152.921735,-31.4707072,
1117,cn-cable3336380-t2,11.0,b,,True,152.921944,-31.4705391,
1118,cn-cable3341083-t2,11.0,b,,True,152.897818,-31.4666451,
1119,node29539432,11.0,b,,True,152.896388,-31.4606722,
1120,cn-cable3338173-t2,11.0,b,,True,152.916248,-31.4686185,
1121,cn-cable3295683-t1,11.0,b,,True,152.915968,-31.4676743,
1122,node84338515,11.0,b,,True,152.919042,-31.4705945,
1123,cn-geo_schematic_cable1841-t2,11.0,b,,True,152.914661,-31.4667616,
1124,cn-cable1237990-t1,11.0,b,,True,152.914462,-31.4674529,
1125,cn-cable3341640-t2,11.0,b,,True,152.894064,-31.4631692,
1126,cn-geo_schematic_cable14586-t1,11.0,b,,True,152.914665,-31.466743,
1127,cn-cable3339043-t2,11.0,b,,True,152.915081,-31.4655741,
1128,cn-cable3338912-t2,11.0,b,,True,152.913242,-31.4661271,
1129,cn-cable3256246-t2,11.0,b,,True,152.92222,-31.4686836,
1130,cn-cable3336353-t2,11.0,b,,True,152.920959,-31.4699874,
1131,cn-cable3338662-t2,11.0,b,,True,152.905946,-31.4652594,
1132,cn-busbar355182-t1,11.0,b,,True,152.909572,-31.4664393,
1133,cn-cable3338929-t2,11.0,b,,True,152.91516,-31.4655272,
1134,cn-cable3338481-t2,11.0,b,,True,152.904714,-31.4652047,
1135,cubicle35495,11.0,b,,True,152.907335,-31.4656973,
1136,cn-simulated29539706_245936-t2,11.0,b,,True,152.901546,-31.4666928,
1137,cn-cable3338664-t2,11.0,b,,True,152.906279,-31.4654919,
1138,cn-cable3338748-t2,11.0,b,,True,152.907438,-31.465606,
1139,cn-geo_schematic_cable233327-t2,11.0,b,,True,152.8956,-31.4621954,
1140,cn-cable3338285-t2,11.0,b,,True,152.920228,-31.4683935,
1141,node29539610,11.0,b,,True,152.896698,-31.462327,
1142,cn-cable3338853-t2,11.0,b,,True,152.911691,-31.4661793,
1143,node102021130,11.0,b,,True,152.917665,-31.4686577,
1144,cubicle49109,11.0,b,,True,152.90662,-31.4650241,
1145,cn-cable3338485-t2,11.0,b,,True,152.905033,-31.4633955,
1146,cn-cable3338640-t2,11.0,b,,True,152.904793,-31.4645919,
1147,cn-geo_schematic_cable34381-t2,11.0,b,,True,152.922031,-31.4730392,
1148,cn-geo_schematic_cable27947-t2,11.0,b,,True,152.9124,-31.4676409,
1149,node102516458,11.0,b,,True,152.912681,-31.4681428,
1150,cn-cable3336709-t2,11.0,b,,True,152.921302,-31.4721843,
1151,cn-cable2122109-t2,11.0,b,,True,152.895891,-31.4611846,
1152,cn-cable3341623-t2,11.0,b,,True,152.894735,-31.4630845,
1153,cn-cable3338329-t2,11.0,b,,True,152.921686,-31.4701253,
1154,cn-cable3336388-t2,11.0,b,,True,152.92228,-31.4709095,
1155,cn-cable3338939-t2,11.0,b,,True,152.914676,-31.4668775,
1156,cn-cable1132583-t2,11.0,b,,True,152.9115,-31.4666464,
1157,cn-geo_schematic_cable34375-t2,11.0,b,,True,152.920206,-31.4712916,
1158,cn-cable3338906-t2,11.0,b,,True,152.914265,-31.4667238,
1159,cn-geo_schematic_cable27524-t2,11.0,b,,True,152.914668,-31.4667337,
1160,cn-geo_schematic_cable27950-t1,11.0,b,,True,152.9124,-31.4676409,
1161,cn-cable3338874-t2,11.0,b,,True,152.91245,-31.466725,
1162,cn-simulated23052190_40598-t2,11.0,b,,True,152.922693,-31.4700954,
1163,node37903059,11.0,b,,True,152.893704,-31.4659921,
1164,cn-cable3339127-t2,11.0,b,,True,152.911664,-31.467644,
1165,node149684990,11.0,b,,True,152.920927,-31.4708478,
1166,cn-cable3336362-t2,11.0,b,,True,152.921621,-31.4690899,
1167,cn-cable3338216-t2,11.0,b,,True,152.912259,-31.4674116,
1168,cn-geo_schematic_cable23102-t2,11.0,b,,True,152.922378,-31.4684294,
1169,cn-cable3338188-t2,11.0,b,,True,152.914516,-31.4687495,
1170,cn-cable3338663-t2,11.0,b,,True,152.906113,-31.465371,
1171,cn-cable3338470-t2,11.0,b,,True,152.905554,-31.4659744,
1172,cn-cable3336716-t2,11.0,b,,True,152.921581,-31.4728009,
1173,node57578106,11.0,b,,True,152.914683,-31.4667267,
1174,cn-cable3713956-t2,11.0,b,,True,152.921891,-31.4680304,
1175,cn-cable3336387-t2,11.0,b,,True,152.922464,-31.4706991,
1176,cn-busbar87061-t2,11.0,b,,True,152.895559,-31.4649602,
1177,node59312972,11.0,b,,True,152.922392,-31.46844,
1178,cn-cable3341621-t2,11.0,b,,True,152.894362,-31.4628666,
1179,cn-busbar88081-t2,11.0,b,,True,152.914658,-31.4667709,
1180,cn-cable3338902-t2,11.0,b,,True,152.914273,-31.4671802,
1181,cn-cable2727649-t2,11.0,b,,True,152.922445,-31.4692641,
1182,cn-simulated103968618_324538-t2,11.0,b,,True,152.91839,-31.4680659,
1183,cn-cable3339121-t2,11.0,b,,True,152.912232,-31.4682659,
1184,cn-cable3338953-t2,11.0,b,,True,152.915678,-31.4663081,
1185,cn-cable3338483-t2,11.0,b,,True,152.904427,-31.4626327,
1186,cn-cable3338484-t2,11.0,b,,True,152.905096,-31.4630903,
1187,cn-cable3338999-t2,11.0,b,,True,152.918131,-31.4681299,
1188,cn-cable3338936-t2,11.0,b,,True,152.91488,-31.4663333,
1189,cn-cable3339030-t2,11.0,b,,True,152.917872,-31.46807,
1190,cn-geo_schematic_cable380328-t1,11.0,b,,True,152.895612,-31.4649198,
1191,cn-cable3368615-t1,11.0,b,,True,152.909215,-31.4680196,
1192,cn-cable3338850-t2,11.0,b,,True,152.911258,-31.4666209,
1193,cn-cable3338746-t2,11.0,b,,True,152.907411,-31.4659438,
1194,cn-cable3338147-t2,11.0,b,,True,152.915974,-31.4682848,
1195,cn-cable3338872-t2,11.0,b,,True,152.912414,-31.4668907,
1196,cn-cable3338254-t2,11.0,b,,True,152.911831,-31.4686941,
1197,cn-cable3338157-t2,11.0,b,,True,152.917108,-31.46874,
1198,cn-geo_schematic_cable36513-t2,11.0,b,,True,152.893759,-31.4624186,
1199,cn-cable3338217-t2,11.0,b,,True,152.911723,-31.4673679,
1200,cn-cable3338994-t2,11.0,b,,True,152.915957,-31.4669039,
1201,cn-cable3336360-t2,11.0,b,,True,152.922224,-31.4692199,
1202,cn-busbar87085-t2,11.0,b,,True,152.896034,-31.4675042,
1203,cn-cable3338935-t2,11.0,b,,True,152.914974,-31.466156,
1204,node57578136,11.0,b,,True,152.914655,-31.4667313,
1205,node83235357,11.0,b,,True,152.896031,-31.4674909,
1206,cn-cable3338858-t2,11.0,b,,True,152.911767,-31.4658063,
1207,cn-busbar251729-t2,11.0,b,,True,152.896031,-31.4674923,
1208,cn-cable3338940-t2,11.0,b,,True,152.914636,-31.4670434,
1209,cn-cable3338211-t2,11.0,b,,True,152.913366,-31.4676282,
1210,cn-cable3339093-t2,11.0,b,,True,152.918584,-31.4684228,
1211,cn-cable1236568-t1,11.0,b,,True,152.916343,-31.4677726,
1212,cn-simulated23378216_40739-t2,11.0,b,,True,152.914462,-31.4674529,
1213,cn-cable3338468-t2,11.0,b,,True,152.905192,-31.4658209,
1214,cn-simulated23121435_58681-t2,11.0,b,,True,152.912351,-31.4671489,
1215,cn-geo_schematic_cable69622-t1,11.0,b,,True,152.914663,-31.4667523,
1216,cn-cable3338467-t2,11.0,b,,True,152.905375,-31.4658951,
1217,cn-cable3338959-t2,11.0,b,,True,152.915984,-31.466171,
1218,cn-cable3338669-t2,11.0,b,,True,152.906605,-31.4662907,
1219,cubicle33447,11.0,b,,True,152.921516,-31.4691803,
1220,cn-geo_schematic_cable14578-t1,11.0,b,,True,152.906004,-31.4653117,
1221,node71578846,11.0,b,,True,152.915095,-31.4673387,
1222,cn-cable2797799-t2,11.0,b,,True,152.922689,-31.4701007,
1223,cn-cable3339038-t2,11.0,b,,True,152.915641,-31.4677264,
1224,node102517050,11.0,b,,True,152.914193,-31.4691053,
1225,cn-cable3338322-t2,11.0,b,,True,152.921916,-31.468313,
1226,cn-cable3341628-t2,11.0,b,,True,152.894196,-31.4633567,
1227,cn-cable3336381-t2,11.0,b,,True,152.922089,-31.4700814,
1228,cn-cable2937658-t2,11.0,b,,True,152.907991,-31.4678585,
1229,cn-simulated23232416_101377-t2,11.0,b,,True,152.895961,-31.4663873,
1230,cn-busbar355183-t2,11.0,b,,True,152.909518,-31.4664394,
1231,cn-cable3338852-t2,11.0,b,,True,152.911572,-31.4667606,
1232,cn-cable3338649-t2,11.0,b,,True,152.905405,-31.4650354,
1233,cn-cable3255759-t2,11.0,b,,True,152.914604,-31.4675663,
1234,cn-cable3338954-t2,11.0,b,,True,152.915611,-31.4660729,
1235,node67195508,11.0,b,,True,152.906484,-31.4659244,
1236,cn-cable3336323-t2,11.0,b,,True,152.920513,-31.4716359,
1237,cn-cable4185370-t2,11.0,b,,True,152.897908,-31.4666558,
1238,cn-cable3336715-t2,11.0,b,,True,152.921407,-31.4726992,
1239,cn-busbar83732-t2,11.0,b,,True,152.92106,-31.4708667,
1240,cn-cable3255756-t2,11.0,b,,True,152.91624,-31.4678188,
1241,cn-busbar83735-t2,11.0,b,,True,152.921038,-31.4708237,
1242,cn-busbar87065-t2,11.0,b,,True,152.895621,-31.4649457,
1243,cn-cable3336367-t2,11.0,b,,True,152.921861,-31.4698967,
1244,cn-cable3338257-t2,11.0,b,,True,152.912549,-31.4683839,
1245,cn-cable3338182-t2,11.0,b,,True,152.915192,-31.4687556,
1246,cn-cable3338916-t2,11.0,b,,True,152.913719,-31.4662414,
1247,cn-cable3713955-t2,11.0,b,,True,152.921531,-31.4679151,
1248,cn-cable3338229-t2,11.0,b,,True,152.91132,-31.4683903,
1249,cn-geo_schematic_cable137654-t2,11.0,b,,True,152.907383,-31.4663081,
1250,cn-cable3336718-t2,11.0,b,,True,152.921771,-31.4728947,
1251,cn-cable3269444-t2,11.0,b,,True,152.921032,-31.4717009,
1252,cn-cable3338856-t2,11.0,b,,True,152.911729,-31.4659927,
1253,cn-cable3338918-t2,11.0,b,,True,152.913862,-31.4663358,
1254,cn-cable3338489-t2,11.0,b,,True,152.904861,-31.4642541,
1255,node29539569,11.0,b,,True,152.897271,-31.4638616,
1256,cn-cable3338913-t2,11.0,b,,True,152.913336,-31.4661787,
1257,cn-geo_schematic_cable380326-t2,11.0,b,,True,152.895608,-31.4649101,
1258,cn-cable3338740-t2,11.0,b,,True,152.906827,-31.4648917,
1259,node69936363,11.0,b,,True,152.912346,-31.4668195,
1260,cn-cable3336368-t2,11.0,b,,True,152.921449,-31.4696724,
1261,node173091623,11.0,b,,True,152.895621,-31.4649064,
